area_type,availability,location,bath,balcony,price,total_sqft,bhk
Super built-up  Area,19-Dec,Electronic City Phase II,2.0,1.0,39.07,1056.0,2.0
Plot  Area,Ready To Move,Chikka Tirupathi,5.0,3.0,120.0,2600.0,4.0
Built-up  Area,Ready To Move,Uttarahalli,2.0,3.0,62.0,1440.0,3.0
Super built-up  Area,Ready To Move,Lingadheeranahalli,3.0,1.0,95.0,1521.0,3.0
Super built-up  Area,Ready To Move,Kothanur,2.0,1.0,51.0,1200.0,2.0
Super built-up  Area,Ready To Move,Whitefield,2.0,1.0,38.0,1170.0,2.0
Super built-up  Area,18-May,Old Airport Road,4.0,2.0,204.0,2732.0,4.0
Super built-up  Area,Ready To Move,Rajaji Nagar,4.0,2.0,600.0,3300.0,4.0
Super built-up  Area,Ready To Move,Marathahalli,3.0,1.0,63.25,1310.0,3.0
Plot  Area,Ready To Move,Gandhi Bazar,6.0,2.0,370.0,1020.0,6.0
Super built-up  Area,18-Feb,Whitefield,2.0,2.0,70.0,1800.0,3.0
Plot  Area,Ready To Move,Whitefield,5.0,3.0,295.0,2785.0,4.0
Super built-up  Area,Ready To Move,7th Phase JP Nagar,2.0,1.0,38.0,1000.0,2.0
Built-up  Area,Ready To Move,Gottigere,2.0,2.0,40.0,1100.0,2.0
Plot  Area,Ready To Move,Sarjapur,3.0,2.0,148.0,2250.0,3.0
Super built-up  Area,Ready To Move,Mysore Road,2.0,2.0,73.5,1175.0,2.0
Super built-up  Area,Ready To Move,Bisuvanahalli,3.0,2.0,48.0,1180.0,3.0
Super built-up  Area,Ready To Move,Raja Rajeshwari Nagar,3.0,3.0,60.0,1540.0,3.0
Super built-up  Area,Ready To Move,Ramakrishnappa Layout,4.0,2.0,290.0,2770.0,3.0
Super built-up  Area,Ready To Move,Manayata Tech Park,2.0,2.0,48.0,1100.0,2.0
Built-up  Area,Ready To Move,Kengeri,1.0,1.0,15.0,600.0,1.0
Super built-up  Area,19-Dec,Binny Pete,3.0,1.0,122.0,1755.0,3.0
Plot  Area,Ready To Move,Thanisandra,5.0,2.0,380.0,2800.0,4.0
Super built-up  Area,Ready To Move,Bellandur,3.0,1.0,103.0,1767.0,3.0
Super built-up  Area,18-Nov, Thanisandra,1.0,0.0,25.25,510.0,1.0
Super built-up  Area,18-May,Mangammanapalya,3.0,2.0,56.0,1250.0,3.0
Super built-up  Area,Ready To Move,Electronic City,1.0,1.0,23.1,660.0,2.0
Built-up  Area,20-Dec,Whitefield,3.0,2.0,81.0,1610.0,3.0
Super built-up  Area,17-Oct,Ramagondanahalli,2.0,2.0,48.77,1151.0,2.0
Super built-up  Area,Ready To Move,Electronic City,2.0,1.0,47.0,1025.0,3.0
Super built-up  Area,19-Dec,Yelahanka,4.0,0.0,186.0,2475.0,4.0
Super built-up  Area,Ready To Move,Bisuvanahalli,2.0,1.0,35.0,1075.0,3.0
Super built-up  Area,Ready To Move,Hebbal,2.0,2.0,123.0,1760.0,3.0
Super built-up  Area,Ready To Move,Raja Rajeshwari Nagar,3.0,3.0,57.39,1693.0,3.0
Built-up  Area,Ready To Move,Kasturi Nagar,3.0,2.0,125.0,1925.0,3.0
Super built-up  Area,21-Dec,Kanakpura Road,2.0,1.0,36.0,700.0,2.0
Super built-up  Area,Ready To Move,Electronics City Phase 1,2.0,1.0,45.5,1070.0,2.0
Super built-up  Area,Ready To Move,Kundalahalli,3.0,2.0,125.0,1724.0,3.0
Super built-up  Area,Ready To Move,Chikkalasandra,2.0,2.0,56.12,1290.0,3.0
Built-up  Area,Ready To Move,Uttarahalli,2.0,2.0,45.0,1143.0,2.0
Built-up  Area,Ready To Move,Murugeshpalya,2.0,2.0,81.0,1296.0,2.0
Super built-up  Area,19-Dec,Sarjapur  Road,3.0,2.0,38.0,1254.0,3.0
Super built-up  Area,Ready To Move,Ganga Nagar,1.0,0.0,38.0,600.0,1.0
Plot  Area,Ready To Move,Yelahanka,1.0,0.0,48.0,660.0,1.0
Super built-up  Area,19-Sep,Kanakpura Road,2.0,2.0,91.79,1330.74,2.0
Plot  Area,Ready To Move,HSR Layout,9.0,2.0,200.0,600.0,8.0
Super built-up  Area,Ready To Move,Doddathoguru,2.0,0.0,33.0,970.0,2.0
Super built-up  Area,20-Sep,Whitefield,2.0,1.0,94.82,1459.0,2.0
Plot  Area,Ready To Move,KR Puram,1.0,1.0,130.0,800.0,2.0
Built-up  Area,Ready To Move,Himagiri Meadows,2.0,1.0,36.0,869.0,2.0
Super built-up  Area,Ready To Move,Adarsh Nagar,2.0,1.0,50.0,1270.0,2.0
Super built-up  Area,18-Mar,Bhoganhalli,3.0,1.0,99.0,1670.0,3.0
Built-up  Area,Ready To Move,Whitefield,3.0,2.0,91.0,2010.0,3.0
Super built-up  Area,Ready To Move,Lakshminarayana Pura,2.0,2.0,75.0,1185.0,2.0
Super built-up  Area,Ready To Move,Yelahanka,2.0,3.0,75.0,1600.0,3.0
Super built-up  Area,Ready To Move,Begur Road,2.0,2.0,44.0,1200.0,2.0
Built-up  Area,20-Feb,Devanahalli,2.0,2.0,192.0,3210.0,4.0
Super built-up  Area,Ready To Move,Ramakrishnappa Layout,2.0,2.0,185.0,1500.0,2.0
Plot  Area,Ready To Move,Murugeshpalya,4.0,1.0,150.0,1407.0,6.0
Super built-up  Area,Ready To Move,Govindaraja Nagar Ward,2.0,2.0,45.0,840.0,2.0
Plot  Area,Ready To Move,Tharabanahalli,3.0,2.0,240.0,4395.0,3.0
Super built-up  Area,Ready To Move,Ganga Nagar,2.0,1.0,55.0,845.0,2.0
Plot  Area,Ready To Move,Whitefield,5.0,3.0,650.0,5700.0,4.0
Built-up  Area,Ready To Move,Varthur,2.0,2.0,44.0,1160.0,2.0
Built-up  Area,Ready To Move,Bommanahalli,8.0,0.0,140.0,3000.0,8.0
Super built-up  Area,Ready To Move,Doddathoguru,2.0,1.0,62.0,1100.0,2.0
Super built-up  Area,18-Apr,Gunjur,2.0,3.0,43.0,1140.0,2.0
Super built-up  Area,Ready To Move,Marathahalli,2.0,1.0,57.0,1220.0,2.0
Plot  Area,Ready To Move,Devarachikkanahalli,7.0,0.0,85.0,1350.0,8.0
Super built-up  Area,Ready To Move,Kanakpura Road,2.0,1.0,36.68,1005.0,2.0
Plot  Area,Ready To Move,Double Road,3.0,2.0,100.0,500.0,3.0
Super built-up  Area,20-Aug,Begur Road,2.0,1.0,80.58,1358.0,2.0
Super built-up  Area,Ready To Move,Hegde Nagar,3.0,1.0,101.0,1569.0,3.0
Super built-up  Area,18-Apr,Haralur Road,2.0,1.0,70.0,1240.0,2.0
Super built-up  Area,Ready To Move,Hennur Road,3.0,2.0,140.0,2089.0,3.0
Super built-up  Area,Ready To Move,Kothannur,2.0,1.0,48.23,1206.0,2.0
Super built-up  Area,Ready To Move,Kalena Agrahara,2.0,3.0,40.0,1150.0,2.0
Built-up  Area,Ready To Move,Cholanayakanahalli,3.0,3.0,205.0,2511.0,3.0
Built-up  Area,Ready To Move,Kaval Byrasandra,1.0,0.0,22.0,460.0,2.0
Built-up  Area,Ready To Move,ISRO Layout,6.0,3.0,250.0,4400.0,6.0
Super built-up  Area,Ready To Move,Kodanda Reddy Layout,2.0,2.0,105.0,1660.0,3.0
Built-up  Area,18-Oct,Hennur Road,2.0,2.0,224.5,3203.5,4.0
Super built-up  Area,19-Mar,Yelahanka,2.0,2.0,78.0,1326.0,2.0
Super built-up  Area,Ready To Move,Garudachar Palya,2.0,2.0,60.8,1325.0,3.0
Super built-up  Area,Ready To Move,EPIP Zone,5.0,2.0,102.0,1499.0,3.0
Built-up  Area,Ready To Move,Hegde Nagar,7.0,2.0,210.0,3000.0,6.0
Super built-up  Area,Ready To Move,Kanakpura Road,3.0,2.0,88.0,1665.0,3.0
Super built-up  Area,17-Sep,Dasanapura,2.0,2.0,37.0,708.0,2.0
Super built-up  Area,Ready To Move,Kasavanhalli,2.0,2.0,58.06,1060.0,2.0
Plot  Area,Ready To Move,Rajaji Nagar,6.0,3.0,160.0,710.0,6.0
Built-up  Area,Ready To Move,Sanjay nagar,2.0,2.0,70.0,1000.0,2.0
Super built-up  Area,18-Dec,Electronic City,2.0,1.0,28.88,1000.0,2.0
Super built-up  Area,Ready To Move, Mysore Highway,2.0,2.0,70.0,1450.0,3.0
Plot  Area,Ready To Move,ISRO Layout,4.0,2.0,155.0,1200.0,4.0
Super built-up  Area,17-Aug,Thanisandra,2.0,3.0,80.0,1296.0,2.0
Super built-up  Area,Ready To Move,Domlur,3.0,2.0,90.0,1540.0,3.0
Plot  Area,Ready To Move,Kengeri,4.0,1.0,245.0,2894.0,4.0
Super built-up  Area,Ready To Move,Sarjapura - Attibele Road,2.0,1.0,48.0,1330.0,3.0
Built-up  Area,Ready To Move,Devasthanagalu,2.0,1.0,65.0,1200.0,2.0
Built-up  Area,Ready To Move,T Dasarahalli,3.0,1.0,90.0,1200.0,3.0
Super built-up  Area,Ready To Move,Yeshwanthpur,3.0,3.0,138.0,2502.0,3.0
Built-up  Area,Ready To Move,Chandapura,1.0,1.0,17.0,650.0,2.0
Plot  Area,Ready To Move,Kothanur,2.0,1.0,150.0,2400.0,3.0
Super built-up  Area,Ready To Move,Green View Layout,2.0,2.0,43.0,1007.0,2.0
Super built-up  Area,Ready To Move,Shantiniketan Layout,2.0,2.0,50.0,1200.0,2.0
Super built-up  Area,Ready To Move,Peenya,2.0,2.0,49.9,966.0,2.0
Built-up  Area,Ready To Move,Nagarbhavi,2.0,1.0,98.0,1630.0,3.0
Built-up  Area,Ready To Move,Rajaji Nagar,3.0,2.0,229.0,1640.0,3.0
Built-up  Area,Ready To Move,Jalahalli West,2.0,2.0,55.68,782.0,2.0
Super built-up  Area,19-Apr,Devanahalli,2.0,2.0,66.78,1260.0,2.0
Super built-up  Area,Ready To Move,Lakshmiamma Garden,3.0,3.0,120.0,1800.0,3.0
Super built-up  Area,Ready To Move,Byatarayanapura,2.0,2.0,75.0,1413.0,3.0
Super built-up  Area,Ready To Move,Whitefield,2.0,1.0,51.91,1116.0,2.0
Super built-up  Area,Ready To Move,Electronic City,2.0,1.0,45.9,1530.0,3.0
Built-up  Area,Ready To Move,Ramamurthy Nagar,4.0,1.0,225.0,3700.0,4.0
Built-up  Area,Ready To Move,Sarjapur  Road,3.0,2.0,140.0,2497.0,3.0
Super built-up  Area,Ready To Move,Kengeri,2.0,3.0,64.0,1540.0,3.0
Super built-up  Area,18-Dec,Thanisandra,3.0,1.0,74.75,1436.0,3.0
Super built-up  Area,18-Jun,Malleshwaram,2.0,2.0,75.0,1100.0,2.0
Plot  Area,Ready To Move,Hennur Road,3.0,3.0,23.0,276.0,2.0
Super built-up  Area,Ready To Move,Thanisandra,3.0,2.0,120.0,1427.0,3.0
Super built-up  Area,Ready To Move,Akshaya Nagar,3.0,1.0,200.0,2061.0,3.0
Super built-up  Area,18-Mar,Hebbal,4.0,0.0,477.0,5611.5,4.0
Built-up  Area,Ready To Move,Shampura,4.0,2.0,150.0,2650.0,4.0
Super built-up  Area,22-Dec,Devanahalli,2.0,2.0,68.52,1282.0,3.0
Built-up  Area,Ready To Move,Kadugodi,2.0,1.0,34.0,1050.0,2.0
Built-up  Area,Ready To Move,LB Shastri Nagar,3.0,2.0,65.0,1600.0,3.0
Super built-up  Area,22-Jan,Vajarahalli,2.0,1.0,54.0,945.0,2.0
Super built-up  Area,Ready To Move,Hormavu,2.0,1.0,78.0,1500.0,2.0
Plot  Area,Ready To Move,Vishwapriya Layout,7.0,0.0,115.0,950.0,7.0
Built-up  Area,Ready To Move,Peenya,3.0,3.0,110.0,1870.0,3.0
Plot  Area,Ready To Move,Sarjapur,3.0,1.0,75.0,1600.0,3.0
Super built-up  Area,Ready To Move,Electronic City,1.0,1.0,16.5,880.0,2.0
Plot  Area,Ready To Move,Ramaswamy Palya - Kammanahalli Main Road,4.0,0.0,210.0,1200.0,4.0
Super built-up  Area,Ready To Move,Kudlu Gate,3.0,2.0,83.0,1535.0,3.0
Built-up  Area,Ready To Move,Kanakpura Road,2.0,1.0,57.0,950.0,2.0
Super built-up  Area,18-Aug,Devanahalli,2.0,1.0,65.0,1360.0,2.0
Super built-up  Area,19-Mar,8th Phase JP Nagar,2.0,0.0,54.005,1073.5,2.0
Super built-up  Area,18-May,Bommasandra Industrial Area,3.0,1.0,50.4,1280.0,3.0
Super built-up  Area,19-Jan,Chandra Layout,2.0,2.0,85.05,1260.0,3.0
Built-up  Area,Ready To Move,Hennur Road,8.0,2.0,250.0,5000.0,8.0
Super built-up  Area,19-Dec,Yelahanka,5.0,1.0,213.0,3050.0,5.0
Super built-up  Area,Ready To Move,Kasavanhalli,3.0,1.0,105.0,1563.05,3.0
Super built-up  Area,Ready To Move,ISRO Layout,2.0,1.0,60.0,1000.0,2.0
Super built-up  Area,17-Jul,Anandapura,2.0,1.0,43.76,1167.0,2.0
Super built-up  Area,Ready To Move,Vishveshwarya Layout,7.0,2.0,225.0,4000.0,7.0
Super built-up  Area,Ready To Move,Kothanur,3.0,2.0,110.0,1828.0,3.0
Super built-up  Area,Ready To Move,Kengeri Satellite Town,2.0,1.0,35.0,890.0,2.0
Super built-up  Area,Ready To Move,Basavanapura,3.0,3.0,46.74,1612.0,3.0
Plot  Area,Ready To Move,Dinnur,5.0,2.0,185.0,1034.0,6.0
Super built-up  Area,19-Apr,Mysore Road,4.0,2.0,91.31,1710.0,3.0
Super built-up  Area,Ready To Move,Kannamangala,2.0,1.0,58.0,957.0,2.0
Super built-up  Area,18-May, Devarachikkanahalli,2.0,3.0,44.0,1250.0,3.0
Super built-up  Area,Ready To Move,Sanjeevini Nagar,4.0,2.0,235.0,2795.0,3.0
Super built-up  Area,Ready To Move,Hulimavu,2.0,2.0,50.0,1125.0,2.0
Super built-up  Area,18-Jul,Electronic City Phase II,2.0,1.0,30.6,1020.0,2.0
Super built-up  Area,Ready To Move,Kalena Agrahara,2.0,2.0,50.0,1200.0,2.0
Super built-up  Area,Ready To Move,Thanisandra,3.0,3.0,135.0,1735.0,3.0
Super built-up  Area,Ready To Move,Thanisandra,3.0,1.0,145.0,2050.0,3.0
Plot  Area,Ready To Move,Mahalakshmi Layout,4.0,0.0,760.0,3750.0,4.0
Built-up  Area,Ready To Move,Yarandahalli,2.0,3.0,48.0,1350.0,3.0
Super built-up  Area,18-May,Hosa Road,2.0,1.0,32.0,1063.0,2.0
Super built-up  Area,Ready To Move,Keshava Nagar,3.0,1.0,150.0,1904.0,3.0
Built-up  Area,Ready To Move,Whitefield,4.0,2.0,420.0,4200.0,4.0
Super built-up  Area,Ready To Move,RMV Extension,3.0,1.0,175.0,2000.0,3.0
Super built-up  Area,18-Dec,Sarjapur,2.0,0.0,43.49,1242.5,2.0
Super built-up  Area,Ready To Move,Tejaswini Nagar,2.0,2.0,75.0,1425.0,3.0
Super built-up  Area,Ready To Move,Electronic City,2.0,1.0,64.5,1500.0,3.0
Built-up  Area,Ready To Move,Electronic City,2.0,1.0,60.0,1060.0,2.0
Built-up  Area,Ready To Move,Jai Bheema Nagar,2.0,2.0,70.0,1470.0,3.0
Super built-up  Area,Ready To Move,Kothnur Narayanapura,6.0,0.0,99.0,1300.0,6.0
Super built-up  Area,Ready To Move,Attibele,1.0,1.0,11.0,450.0,1.0
Super built-up  Area,18-Apr,Electronic City,2.0,1.0,64.5,1152.0,2.0
Super built-up  Area,Ready To Move,Electronic City,2.0,1.0,56.0,1350.0,3.0
Super built-up  Area,Ready To Move,CV Raman Nagar,3.0,3.0,65.0,1550.0,3.0
Plot  Area,Ready To Move,CHIKKATIRUPATHI,3.0,2.0,100.0,1500.0,3.0
Plot  Area,Ready To Move,Kumaraswami Layout,3.0,2.0,85.0,600.0,5.0
Plot  Area,Ready To Move,Nagavara,1.0,0.0,14.0,400.0,1.0
Super built-up  Area,Ready To Move,Malleshwaram,1.0,2.0,67.0,705.0,1.0
Built-up  Area,Ready To Move,Electronic City,1.0,1.0,36.0,770.0,2.0
Super built-up  Area,Ready To Move,Hulimavu,2.0,3.0,51.0,1242.0,2.0
Super built-up  Area,Ready To Move,Hebbal Kempapura,3.0,2.0,155.0,1700.0,3.0
Super built-up  Area,Ready To Move,Thanisandra,3.0,2.0,145.0,2144.0,3.0
Super built-up  Area,21-Jun,Vijayanagar,3.0,2.0,110.0,1704.0,3.0
Super built-up  Area,Ready To Move,Electronic City,2.0,1.0,52.0,1070.0,2.0
Plot  Area,Ready To Move,8th block Koramangala,3.0,2.0,300.0,1846.0,3.0
Super built-up  Area,Ready To Move,Jakkuru Layout,2.0,2.0,55.7,1340.0,2.0
Built-up  Area,Ready To Move,Electronic City,2.0,1.0,46.0,1025.0,2.0
Super built-up  Area,Ready To Move,KR Puram,2.0,0.0,56.8,1277.5,2.0
Super built-up  Area,Ready To Move,Marathahalli,2.0,2.0,52.0,1200.0,2.0
Built-up  Area,18-Dec,Kanakpura Road,4.0,1.0,110.0,2250.0,4.0
Super built-up  Area,Ready To Move,Pattandur Agrahara,2.0,3.0,80.0,1550.0,3.0
Plot  Area,Ready To Move,Bellandur,5.0,2.0,325.0,1200.0,4.0
Plot  Area,Ready To Move,Ejipura,7.0,1.0,250.0,1800.0,7.0
Super built-up  Area,Ready To Move,Marathahalli,2.0,2.0,60.0,1200.0,2.0
Super built-up  Area,Ready To Move,Yelahanka,2.0,2.0,98.0,1327.0,2.0
Super built-up  Area,Ready To Move,Kothanur,2.0,2.0,58.0,1186.0,2.0
Built-up  Area,Ready To Move,MS Pallya,3.0,1.0,115.0,1783.0,3.0
Super built-up  Area,Ready To Move,HSR Layout,3.0,2.0,56.0,1400.0,3.0
Super built-up  Area,Ready To Move,Nagasandra,2.0,1.0,48.0,980.0,2.0
Super built-up  Area,Ready To Move,EPIP Zone,2.0,2.0,82.0,1285.0,2.0
Super built-up  Area,Ready To Move,Langford Town,2.0,1.0,70.0,912.0,3.0
Built-up  Area,Ready To Move,Whitefield,2.0,2.0,47.6,1225.0,2.0
Super built-up  Area,Ready To Move,Whitefield,2.0,1.0,53.0,1075.0,2.0
Built-up  Area,Ready To Move,Kadugodi,2.0,2.0,54.0,1260.0,3.0
Super built-up  Area,Ready To Move,Yelahanka,2.0,2.0,48.7,1282.0,3.0
Super built-up  Area,Ready To Move,Kogilu,3.0,2.0,88.0,1909.0,3.0
Super built-up  Area,Ready To Move,Panathur,2.0,1.0,87.0,1359.0,2.0
Built-up  Area,Ready To Move,Nagondanahalli,2.0,2.0,43.5,1207.0,2.0
Plot  Area,Ready To Move,Padmanabhanagar,6.0,0.0,190.0,1736.0,4.0
Super built-up  Area,20-May,1st Block Jayanagar,4.0,1.0,428.0,2850.0,4.0
Super built-up  Area,Ready To Move,Kammasandra,3.0,2.0,65.0,1595.0,3.0
Built-up  Area,18-Jun,"Off Sarjapur Road, ",3.0,2.0,89.0,1798.0,3.0
Super built-up  Area,Ready To Move,Electronics City Phase 1,3.0,2.0,78.29,1475.0,3.0
Super built-up  Area,Ready To Move,Tala Cauvery Layout,3.0,3.0,100.0,1580.0,3.0
Super built-up  Area,Ready To Move,Dasarahalli,2.0,1.0,65.0,1295.0,2.0
Built-up  Area,Ready To Move,Magadi Road,6.0,0.0,141.0,3600.0,6.0
Super built-up  Area,Ready To Move,Electronic City,1.0,1.0,27.0,589.0,1.0
Super built-up  Area,Ready To Move,Ngef Layout,3.0,3.0,78.0,1415.0,3.0
Super built-up  Area,18-Dec,Sarjapur  Road,3.0,2.0,98.29,1787.0,3.0
Super built-up  Area,Ready To Move,Sarjapur  Road,3.0,2.0,125.0,1787.0,3.0
Super built-up  Area,Ready To Move,Koramangala,2.0,3.0,90.0,1475.0,3.0
Built-up  Area,Ready To Move,"Lakshminarayanapura, Electronic City Phase 2",4.0,1.0,75.5,2000.0,4.0
Super built-up  Area,19-Mar,Sarjapur  Road,2.0,1.0,44.28,984.0,2.0
Super built-up  Area,19-Dec,Devanahalli,2.0,2.0,74.82,1630.0,3.0
Super built-up  Area,Ready To Move,Muthurayya Swamy Layout,4.0,2.0,260.0,2405.0,3.0
Built-up  Area,Ready To Move,7th Phase JP Nagar,2.0,2.0,72.0,1080.0,2.0
Plot  Area,Ready To Move,Shantiniketan Layout,2.0,1.0,115.0,1500.0,2.0
Super built-up  Area,Ready To Move,Hebbal,3.0,2.0,119.0,1900.0,3.0
Super built-up  Area,19-Aug,Dommasandra,2.0,1.0,22.14,805.0,2.0
Super built-up  Area,Ready To Move,Budigere,2.0,2.0,56.4,1153.0,2.0
Super built-up  Area,Ready To Move,Dodda Nekkundi Extension,2.0,2.0,60.0,1148.0,2.0
Super built-up  Area,Ready To Move,Mylasandra,2.0,2.0,55.0,1110.0,2.0
Built-up  Area,Ready To Move,Electronic City,2.0,2.0,42.0,1100.0,2.0
Super built-up  Area,Ready To Move,Kalyan nagar,2.0,2.0,110.0,1290.0,2.0
Super built-up  Area,Ready To Move,Dr Shivarama Karantha Nagar,2.0,1.0,65.0,1500.0,3.0
Super built-up  Area,18-Apr,Bank Of Baroda Colony,2.0,2.0,39.0,1080.0,2.0
Super built-up  Area,21-Jun,Vijayanagar,3.0,1.0,129.0,1933.0,3.0
Built-up  Area,Ready To Move,Ramamurthy Nagar,5.0,2.0,150.0,3500.0,5.0
Built-up  Area,Ready To Move,Kullappa Colony,2.0,2.0,60.0,1060.0,2.0
Super built-up  Area,18-Aug,Chandapura,1.0,1.0,16.45,645.0,1.0
Plot  Area,Ready To Move,Mukkutam Nagar,8.0,2.0,180.0,2600.0,8.0
Super built-up  Area,18-Sep,Chandapura,1.0,1.0,16.45,645.0,1.0
Super built-up  Area,Ready To Move,Ashwath Nagar,3.0,3.0,84.0,1644.0,3.0
Super built-up  Area,Ready To Move,Ncpr Industrial Layout,2.0,3.0,72.5,1285.0,2.0
Plot  Area,Ready To Move,Electronic City,3.0,1.0,90.0,1200.0,3.0
Super built-up  Area,Ready To Move,Electronic City,2.0,1.0,40.0,910.0,2.0
Super built-up  Area,Ready To Move,Kothanur,3.0,1.0,70.0,1577.0,3.0
Plot  Area,17-May,Meenakunte,3.0,2.0,280.0,4050.0,3.0
Super built-up  Area,Ready To Move,OMBR Layout,3.0,2.0,185.0,2420.0,3.0
Super built-up  Area,Ready To Move,Chandapura,1.0,1.0,20.0,800.0,2.0
Built-up  Area,Ready To Move,Anand Nagar,2.0,2.0,55.0,1060.0,2.0
Super built-up  Area,Ready To Move,7th Phase JP Nagar,2.0,2.0,93.0,1270.0,2.0
Super built-up  Area,18-Jun,Shree Ananth Nagar Layout,2.0,2.0,22.5,900.0,2.0
Built-up  Area,Ready To Move,Kundalahalli Colony,2.0,1.0,69.0,1280.0,2.0
Plot  Area,Ready To Move,Horamavu Agara,2.0,0.0,95.0,1200.0,4.0
Built-up  Area,Ready To Move,Sarjapur  Road,2.0,2.0,36.0,1025.0,2.0
Super built-up  Area,17-Jun,Electronic City,2.0,1.0,63.0,1108.0,2.0
Plot  Area,Ready To Move,MCECHS  layout,5.0,2.0,170.0,1200.0,5.0
Super built-up  Area,Ready To Move,Coffee Board Layout,3.0,2.0,170.0,3045.0,3.0
Plot  Area,Ready To Move,Ambedkar Nagar,3.0,2.0,300.0,2900.0,4.0
Super built-up  Area,Ready To Move,Vijayanagar,3.0,2.0,75.5,1500.0,3.0
Super built-up  Area,Ready To Move,Raja Rajeshwari Nagar,2.0,2.0,43.9,1295.0,2.0
Super built-up  Area,Ready To Move,Budigere,2.0,1.0,59.9,1162.0,2.0
Super built-up  Area,Ready To Move,Sarjapur  Road,2.0,2.0,49.2,1035.0,2.0
Built-up  Area,Ready To Move,Attibele,4.0,0.0,52.8,1600.0,4.0
Super built-up  Area,Ready To Move,KUDLU MAIN ROAD,3.0,2.0,46.0,1464.0,3.0
Super built-up  Area,18-Oct,Hennur Road,2.0,2.0,61.58,1866.0,3.0
Super built-up  Area,Ready To Move,Geleyara Balaga Layout,1.0,1.0,26.0,700.0,2.0
Super built-up  Area,Ready To Move,Kalena Agrahara,3.0,2.0,120.0,1804.0,3.0
Super built-up  Area,Ready To Move,Sarjapur,2.0,1.0,32.0,913.0,2.0
Super built-up  Area,21-Dec,Talaghattapura,3.0,2.0,131.0,1868.0,3.0
Built-up  Area,Ready To Move,Kengeri Satellite Town,2.0,1.0,45.0,883.0,2.0
Plot  Area,Ready To Move,Sundara Nagar,2.0,1.0,110.0,900.0,2.0
Super built-up  Area,Ready To Move,Kogilu,2.0,3.0,73.95,1664.0,3.0
Super built-up  Area,Ready To Move,Hegde Nagar,3.0,2.0,132.0,2026.0,3.0
Super built-up  Area,Ready To Move,Balagere,2.0,1.0,80.9,1210.0,2.0
Plot  Area,Ready To Move,Meenakunte,4.0,2.0,250.0,4111.0,4.0
Super built-up  Area,Ready To Move,Kadugodi,3.0,3.0,91.45,1762.0,3.0
Super built-up  Area,Ready To Move,Jigani,3.0,3.0,55.0,1252.0,3.0
Built-up  Area,Ready To Move,Gollarapalya Hosahalli,2.0,1.0,34.5,861.0,2.0
Built-up  Area,Ready To Move,7th Phase JP Nagar,2.0,1.0,100.0,1420.0,3.0
Plot  Area,Ready To Move,Srirampura,6.0,0.0,250.0,1450.0,6.0
Built-up  Area,Ready To Move,Electronics City Phase 1,3.0,1.0,78.8,1490.0,3.0
Super built-up  Area,Ready To Move,Bisuvanahalli,2.0,1.0,46.0,1075.0,3.0
Super built-up  Area,18-Aug,Old Madras Road,2.0,2.0,94.0,1425.0,3.0
Built-up  Area,Ready To Move,Kalena Agrahara,2.0,1.0,40.0,1200.0,2.0
Super built-up  Area,Ready To Move,Kaggadasapura,2.0,2.0,56.0,1280.0,3.0
Super built-up  Area,Ready To Move,Silver Springs Layout,2.0,2.0,50.0,1084.0,2.0
Super built-up  Area,18-Jul,Chandapura,2.0,2.0,25.88,1015.0,2.0
Super built-up  Area,21-May,Kanakpura Road,2.0,1.0,51.25,1017.0,2.0
Super built-up  Area,Ready To Move,Haralur Road,2.0,2.0,44.0,1027.0,2.0
Super built-up  Area,Ready To Move,Electronic City Phase II,2.0,2.0,45.0,1069.0,2.0
Super built-up  Area,Ready To Move,Hebbal,2.0,1.0,98.2,1349.0,2.0
Super built-up  Area,Ready To Move,9th Phase JP Nagar,2.0,1.0,50.0,1005.0,2.0
Super built-up  Area,Ready To Move,Jakkur,2.0,3.0,75.0,1417.0,2.0
Plot  Area,18-Jan,TC Palaya,3.0,1.0,98.0,1475.0,3.0
Carpet  Area,Ready To Move,Maruthi Sevanagar,2.0,2.0,47.0,950.0,2.0
Super built-up  Area,Ready To Move,RMV 2nd Stage,4.0,0.0,120.0,2000.0,4.0
Plot  Area,Ready To Move,Giri Nagar,3.0,1.0,140.0,880.0,3.0
Super built-up  Area,Ready To Move,Sarjapur  Road,3.0,2.0,104.0,1863.0,4.0
Super built-up  Area,Ready To Move,Singasandra,2.0,1.0,29.5,1010.0,2.0
Super built-up  Area,Ready To Move,Kalena Agrahara,2.0,1.0,70.0,1425.0,3.0
Super built-up  Area,Ready To Move,Vijayanagar,3.0,0.0,100.0,1450.0,3.0
Super built-up  Area,Ready To Move,Kothanur,3.0,2.0,105.0,1847.0,3.0
Super built-up  Area,Ready To Move,AECS Layout,2.0,3.0,45.0,1100.0,2.0
Super built-up  Area,20-Dec,Kanakpura Road,1.0,1.0,26.0,525.0,1.0
Super built-up  Area,Ready To Move,Mallasandra,3.0,2.0,95.0,1665.0,3.0
Super built-up  Area,Ready To Move,Begur,4.0,3.0,65.0,1664.0,4.0
Super built-up  Area,Ready To Move,JP Nagar,3.0,3.0,150.0,1850.0,3.0
Super built-up  Area,Ready To Move,Panathur,2.0,3.0,100.0,1438.0,2.0
Super built-up  Area,Ready To Move,Sunder Ram Shetty Nagar,3.0,3.0,115.0,1560.0,3.0
Super built-up  Area,18-Apr,Yelahanka,2.0,1.0,55.55,1350.0,2.0
Super built-up  Area,Ready To Move,Kanakpura Road,3.0,3.0,67.0,1550.0,3.0
Super built-up  Area,18-Apr,Malleshpalya,2.0,2.0,46.5,1140.0,2.0
Plot  Area,Ready To Move,Srirampura,5.0,2.0,180.0,1200.0,5.0
Super built-up  Area,18-Dec,Kodathi,2.0,2.0,27.0,850.0,2.0
Super built-up  Area,Ready To Move,Whitefield,2.0,2.0,75.0,1280.0,2.0
Built-up  Area,Ready To Move,Munnekollal,2.0,2.0,52.0,1170.0,2.0
Super built-up  Area,Ready To Move,Motappa Layout,2.0,1.0,51.0,1113.0,2.0
Super built-up  Area,Ready To Move,Hennur Road,2.0,1.0,83.09,1385.0,2.0
Super built-up  Area,18-Apr,Electronic City,2.0,1.0,65.0,1128.0,2.0
Plot  Area,Ready To Move,Marathahalli,2.0,2.0,128.0,1200.0,2.0
Plot  Area,Ready To Move,Akshaya Vana,4.0,3.0,165.0,1200.0,4.0
Super built-up  Area,Ready To Move,Rajaji Nagar,3.0,2.0,415.0,2390.0,3.0
Plot  Area,Ready To Move,Giri Nagar,4.0,1.0,400.0,2400.0,4.0
Super built-up  Area,Ready To Move,Haralur Road,3.0,2.0,56.0,1464.0,3.0
Super built-up  Area,Ready To Move,Manayata Tech Park,2.0,2.0,55.0,1200.0,2.0
Super built-up  Area,Ready To Move,Kaval Byrasandra,2.0,2.0,52.0,1200.0,2.0
Super built-up  Area,Ready To Move,Kaggalipura,2.0,1.0,55.0,1150.0,3.0
Built-up  Area,Ready To Move,Basavanna Nagar,3.0,2.0,95.0,1645.0,3.0
Super built-up  Area,20-Mar,Sarjapur  Road,2.0,1.0,67.0,1000.0,2.0
Plot  Area,Ready To Move,Haralur Road,4.0,2.0,198.0,2650.0,4.0
Super built-up  Area,Ready To Move,6th Phase JP Nagar,2.0,2.0,74.0,1192.0,2.0
Super built-up  Area,Ready To Move,Ulsoor,3.0,2.0,215.0,2135.0,3.0
Super built-up  Area,19-Dec,Whitefield,2.0,1.0,58.0,1173.0,2.0
Built-up  Area,Ready To Move,Uttarahalli,2.0,2.0,45.0,1020.0,2.0
Super built-up  Area,Ready To Move,Thigalarapalya,6.0,2.0,230.0,3122.0,4.0
Super built-up  Area,Ready To Move,Somasundara Palya,3.0,3.0,64.0,1600.0,3.0
Plot  Area,18-Mar,T.C PALYA,2.0,0.0,79.0,1200.0,2.0
Carpet  Area,Ready To Move,Muneshwara Nagar,2.0,3.0,48.0,1230.0,2.0
Super built-up  Area,Ready To Move, Devarachikkanahalli,2.0,2.0,40.0,1250.0,2.0
Super built-up  Area,Ready To Move,Kalena Agrahara,2.0,2.0,76.0,1325.0,2.0
Built-up  Area,Ready To Move,7th Phase JP Nagar,3.0,1.0,150.0,1850.0,3.0
Super built-up  Area,21-Dec,Kanakpura Road,2.0,2.0,21.53,525.0,1.0
Super built-up  Area,Ready To Move,Basaveshwara Nagar,2.0,2.0,65.0,1200.0,2.0
Plot  Area,Ready To Move,Bull Temple Road,2.0,0.0,140.0,1350.0,3.0
Super built-up  Area,18-Jun,Bommasandra,3.0,1.0,49.36,1260.0,3.0
Super built-up  Area,Ready To Move,Prashanth Nagar,3.0,0.0,150.0,1800.0,3.0
Plot  Area,18-Dec,Suragajakkanahalli,3.0,2.0,74.0,11.0,3.0
Built-up  Area,Ready To Move,Ardendale,2.0,1.0,43.25,1100.0,2.0
Super built-up  Area,Ready To Move,Harlur,2.0,1.0,77.0,1508.0,2.0
Carpet  Area,Ready To Move,Sampigehalli,3.0,2.0,75.0,1592.0,3.0
Super built-up  Area,Ready To Move,Akshaya Nagar,2.0,3.0,57.0,1388.0,2.0
Super built-up  Area,18-May,Electronic City Phase II,1.0,1.0,28.35,630.0,1.0
Plot  Area,Ready To Move,RMV,3.0,2.0,365.0,2000.0,3.0
Super built-up  Area,Ready To Move,Banashankari3rd stage bigbazar,3.0,1.0,125.0,1762.0,3.0
Super built-up  Area,21-Dec,Bagalur Main Road,2.0,2.0,50.0,950.0,2.0
Super built-up  Area,Ready To Move,Kodihalli,5.0,3.0,335.0,3252.0,4.0
Super built-up  Area,18-Aug,Magadi Road,2.0,1.0,50.0,1116.0,2.0
Super built-up  Area,Ready To Move,Narayanapura,2.0,2.0,89.04,1308.0,2.0
Super built-up  Area,Ready To Move,MS Pallya,3.0,0.0,90.0,1200.0,3.0
Plot  Area,Ready To Move,Binny Mills Employees Colony,4.0,2.0,230.0,1500.0,4.0
Built-up  Area,Ready To Move,Bannerghatta Road,1.0,1.0,18.5,500.0,1.0
Super built-up  Area,Ready To Move,Hennur,2.0,1.0,52.0,1075.0,2.0
Super built-up  Area,18-Mar,Chandapura,1.0,0.0,11.66,530.0,1.0
Built-up  Area,Ready To Move,Bellandur,2.0,3.0,66.0,1205.0,2.0
Super built-up  Area,Ready To Move,5th Phase JP Nagar,2.0,2.0,60.0,1075.0,2.0
Built-up  Area,Ready To Move,KR Puram,2.0,2.0,39.0,930.0,2.0
Super built-up  Area,Ready To Move,Balagere,2.0,1.0,60.0,1380.0,2.0
Super built-up  Area,Ready To Move,Hebbal,5.0,2.0,212.0,2483.0,4.0
Built-up  Area,Ready To Move,Kodigehaali,2.0,2.0,55.0,1166.0,2.0
Super built-up  Area,Ready To Move,Bannerghatta Road,2.0,1.0,65.0,1050.0,2.0
Super built-up  Area,19-Mar,Gopalapura,3.0,2.0,275.0,2023.71,3.0
Super built-up  Area,Ready To Move,Begur Road,2.0,2.0,46.8,1200.0,2.0
Super built-up  Area,Ready To Move,Lakshminarayana Pura,2.0,1.0,108.0,1600.0,3.0
Super built-up  Area,Ready To Move,Billekahalli,3.0,2.0,110.0,1935.0,3.0
Super built-up  Area,18-May,8th Phase JP Nagar,1.0,0.0,29.9,451.0,1.0
Super built-up  Area,Ready To Move,Electronic City,3.0,2.0,95.0,1800.0,3.0
Super built-up  Area,18-May,Jalahalli,3.0,0.0,77.0,1400.0,3.0
Super built-up  Area,Ready To Move,Hegde Nagar,3.0,2.0,115.0,1801.0,3.0
Built-up  Area,Ready To Move,Mahadevpura,2.0,2.0,90.0,1451.0,2.0
Plot  Area,19-Jan,Anekal,1.0,1.0,36.0,1200.0,2.0
Super built-up  Area,Ready To Move,Begur Road,2.0,2.0,44.0,1160.0,2.0
Built-up  Area,Ready To Move,Kengeri,2.0,1.0,25.0,1000.0,2.0
Super built-up  Area,Ready To Move,Kanakpura Road,2.0,1.0,40.0,950.0,2.0
Built-up  Area,20-Dec,"Hoodi Circle, ",3.0,2.0,79.0,1629.0,3.0
Built-up  Area,Ready To Move,Vijayanagar,2.0,0.0,134.0,1580.0,3.0
Super built-up  Area,21-Jun,Vijayanagar,3.0,2.0,121.0,1826.0,3.0
Built-up  Area,Ready To Move,7th Phase JP Nagar,2.0,1.0,94.0,1245.0,2.0
Super built-up  Area,Ready To Move,Raja Rajeshwari Nagar,2.0,2.0,45.79,1145.0,2.0
Super built-up  Area,Ready To Move,Sompura,2.0,1.0,33.0,825.0,2.0
Super built-up  Area,18-Aug,Yeshwanthpur,3.0,3.0,108.0,1693.0,3.0
Super built-up  Area,Ready To Move,Electronics City Phase 1,2.0,2.0,53.0,1113.27,2.0
Built-up  Area,Ready To Move,Ashirvad Colony,2.0,1.0,58.0,1460.0,2.0
Built-up  Area,Ready To Move,Doddathoguru,2.0,1.0,32.0,1050.0,2.0
Built-up  Area,Ready To Move,Dodda Nekkundi,2.0,2.0,55.0,1260.0,2.0
Super built-up  Area,Ready To Move,K N Extension,3.0,2.0,120.0,700.0,6.0
Built-up  Area,Ready To Move,Hosur Road,2.0,1.0,120.0,1656.0,2.0
Super built-up  Area,Ready To Move,Chandapura,3.0,1.0,45.0,1208.0,3.0
Super built-up  Area,Ready To Move,Whitefield,3.0,2.0,161.0,1910.0,3.0
Super built-up  Area,Ready To Move,Whitefield,4.0,1.0,230.0,3252.0,4.0
Plot  Area,Ready To Move,Battarahalli,2.0,1.0,65.0,1200.0,2.0
Super built-up  Area,Ready To Move,Gokula Extension,4.0,1.0,175.0,1200.0,4.0
Super built-up  Area,Ready To Move,7th Phase JP Nagar,2.0,1.0,82.0,1175.0,2.0
Plot  Area,Ready To Move,Kamakshipalya,2.0,0.0,165.0,1000.0,2.0
Plot  Area,Ready To Move,Bannerghatta Road,2.0,0.0,125.0,1200.0,4.0
Super built-up  Area,Ready To Move,Rajaji Nagar,3.0,2.0,410.0,2390.0,3.0
Super built-up  Area,19-Jan,Rajaji Nagar,6.0,3.0,2200.0,12000.0,7.0
Plot  Area,Ready To Move,Sultan Palaya,1.0,1.0,62.0,550.0,2.0
Super built-up  Area,Ready To Move,Kengeri,1.0,0.0,18.5,370.923994,1.0
Super built-up  Area,Ready To Move,Sanne Amanikere,2.0,2.0,38.0,1185.0,2.0
Super built-up  Area,Ready To Move,Kengeri,2.0,1.0,38.0,750.0,2.0
Plot  Area,Ready To Move,Mahalakshmi Layout,7.0,3.0,250.0,1200.0,6.0
Super built-up  Area,Ready To Move,Kanakpura Road,3.0,3.0,64.5,1550.0,3.0
Built-up  Area,Ready To Move,Amco Colony,3.0,2.0,88.0,1760.0,3.0
Super built-up  Area,Ready To Move,Billekahalli,2.0,2.0,62.0,1125.0,2.0
Plot  Area,Ready To Move,Nagarbhavi,3.0,2.0,150.0,1350.0,3.0
Plot  Area,17-Dec,Anandapura,2.0,1.0,55.0,1000.0,2.0
Built-up  Area,18-Aug,Bommasandra Industrial Area,2.0,2.0,31.48,1090.0,2.0
Plot  Area,Ready To Move,TC Palaya,2.0,0.0,60.0,1200.0,2.0
Super built-up  Area,Ready To Move,Budigere,4.0,2.0,103.0,1991.0,3.0
Super built-up  Area,18-Oct,Bommasandra,2.0,1.0,26.5,1060.0,2.0
Super built-up  Area,Ready To Move,Ambalipura,2.0,1.0,75.0,1105.0,2.0
Built-up  Area,Ready To Move,Hoodi,2.0,2.0,67.0,985.0,2.0
Plot  Area,Ready To Move,Chandapura,5.0,3.0,85.0,1533.0,6.0
Super built-up  Area,17-Jul,Balagere,3.0,2.0,79.0,1590.0,3.0
Super built-up  Area,Ready To Move,CV Raman Nagar,2.0,2.0,55.0,1120.0,2.0
Super built-up  Area,Ready To Move,Samethanahalli,2.0,1.0,55.0,1069.0,2.0
Super built-up  Area,Ready To Move,Marathahalli,3.0,2.0,140.0,1933.0,3.0
Built-up  Area,16-Mar,Hosur Road,2.0,0.0,69.0,1194.0,2.0
Super built-up  Area,Ready To Move,Brookefield,2.0,3.0,69.0,1150.0,2.0
Super built-up  Area,Ready To Move,Yelenahalli,2.0,2.0,47.12,1240.0,2.0
Super built-up  Area,Ready To Move,Raja Rajeshwari Nagar,2.0,2.0,48.1,1419.0,2.0
Plot  Area,Ready To Move,7th Phase JP Nagar,8.0,2.0,250.0,1200.0,8.0
Super built-up  Area,Ready To Move,Richmond Town,4.0,2.0,240.0,2150.0,3.0
Super built-up  Area,Ready To Move,Suddaguntepalya,3.0,2.0,55.0,1450.0,3.0
Super built-up  Area,18-Jul,Udayapur Village,3.0,2.0,68.29,1630.0,3.0
Super built-up  Area,Ready To Move,Dasanapura,1.0,1.0,40.0,708.0,2.0
Plot  Area,Ready To Move,Kasavanhalli,4.0,3.0,110.0,1000.0,3.0
Plot  Area,Ready To Move,Whitefield,4.0,3.0,700.0,11890.0,4.0
Super built-up  Area,Ready To Move,Bellandur,2.0,1.0,76.0,1250.0,2.0
Super built-up  Area,Ready To Move,7th Phase JP Nagar,2.0,1.0,95.0,1400.0,3.0
Super built-up  Area,Ready To Move,Sarjapur  Road,2.0,3.0,57.0,1670.0,3.0
Super built-up  Area,Ready To Move,Ardendale,3.0,2.0,100.0,1750.0,3.0
Super built-up  Area,Ready To Move,Vittasandra,2.0,1.0,71.0,1404.0,2.0
Super built-up  Area,Ready To Move,Hoodi,2.0,2.0,95.0,1715.0,3.0
Built-up  Area,18-Apr,Electronic City,1.0,1.0,34.65,630.0,1.0
Super built-up  Area,Ready To Move,Harlur,3.0,2.0,135.0,1752.12,3.0
Super built-up  Area,Ready To Move,Hulimavu,3.0,2.0,78.0,1650.0,3.0
Super built-up  Area,Ready To Move,Raja Rajeshwari Nagar,2.0,1.0,55.47,1295.0,2.0
Plot  Area,Ready To Move,Giri Nagar,3.0,2.0,252.0,1800.0,3.0
Super built-up  Area,18-Sep,Sarjapur  Road,2.0,1.0,74.03,1346.0,2.0
Plot  Area,Ready To Move,Thippasandra,4.0,2.0,200.0,1200.0,4.0
Super built-up  Area,Ready To Move,Hormavu,2.0,2.0,55.0,1150.0,2.0
Built-up  Area,Ready To Move,Chikkabidarakallu,4.0,3.0,325.0,3309.0,4.0
Super built-up  Area,18-May,Chandapura,2.0,2.0,30.35,1190.0,3.0
Super built-up  Area,Ready To Move,AECS Layout,3.0,2.0,98.0,1620.0,3.0
Super built-up  Area,18-Apr,Marathahalli,2.0,1.0,46.96,950.0,2.0
Super built-up  Area,Ready To Move,1 Giri Nagar,9.0,3.0,360.0,5000.0,11.0
Super built-up  Area,Ready To Move,Harlur,3.0,0.0,120.0,2450.0,3.0
Super built-up  Area,18-May,Electronic City Phase II,2.0,1.0,35.23,1220.0,3.0
Super built-up  Area,Ready To Move,Hoysalanagar,2.0,1.0,30.0,850.0,2.0
Built-up  Area,Ready To Move,Padmanabhanagar,2.0,2.0,63.0,1020.0,2.0
Built-up  Area,Ready To Move,Chikkalasandra,2.0,2.0,50.0,1100.0,2.0
Super built-up  Area,Ready To Move,Defence Colony,2.0,2.0,126.0,1150.0,2.0
Super built-up  Area,18-Dec,Hebbal,2.0,2.0,130.0,1760.0,3.0
Super built-up  Area,Ready To Move,Ambalipura,3.0,3.0,110.0,1800.0,3.0
Super built-up  Area,Ready To Move,Akshaya Nagar,2.0,1.0,54.0,1070.0,2.0
Plot  Area,Ready To Move,2nd Stage Nagarbhavi,4.0,2.0,220.0,1500.0,4.0
Plot  Area,Ready To Move,Vidyaranyapura,2.0,0.0,95.0,1440.0,2.0
Super built-up  Area,Ready To Move,Amruthahalli,2.0,1.0,40.0,900.0,2.0
Built-up  Area,Ready To Move,ITI Employees Layout,4.0,1.0,230.0,1200.0,4.0
Super built-up  Area,18-May,Whitefield,2.0,1.0,42.16,1130.0,2.0
Super built-up  Area,Ready To Move,Koramangala,2.0,1.0,165.0,1320.0,2.0
Super built-up  Area,19-Jun,Kodigehalli,2.0,1.0,98.0,1270.0,2.0
Built-up  Area,Ready To Move,Patelappa Layout,2.0,1.0,62.0,1200.0,2.0
Super built-up  Area,Ready To Move,Ring Road Nagarbhavi,4.0,2.0,235.0,4800.0,4.0
Super built-up  Area,Ready To Move,NS Palya,2.0,1.0,74.0,1200.0,2.0
Super built-up  Area,Ready To Move,Subramanyapura,2.0,0.0,50.17,929.0,2.0
Built-up  Area,Ready To Move,RMV 2nd Stage,4.0,2.0,260.0,1150.0,4.0
Plot  Area,Ready To Move,Basavangudi,4.0,3.0,180.0,1125.0,4.0
Plot  Area,Ready To Move,Kenchenahalli,3.0,2.0,65.0,500.0,5.0
Plot  Area,Ready To Move,3rd Block Hrbr Layout,5.0,2.0,190.0,1200.0,5.0
Super built-up  Area,Ready To Move,KUDLU MAIN ROAD,3.0,2.0,56.0,1464.0,3.0
Super built-up  Area,Ready To Move,7th Phase JP Nagar,4.0,3.0,400.0,3600.0,4.0
Plot  Area,Ready To Move,Bank Avenue,4.0,2.0,99.0,2000.0,4.0
Super built-up  Area,Ready To Move,Chikkalasandra,2.0,1.0,49.0,1208.0,2.0
Super built-up  Area,Ready To Move,Hebbal Kempapura,2.0,2.0,60.0,1130.0,2.0
Super built-up  Area,Ready To Move,Surabhi Layout,3.0,2.0,120.0,1753.0,3.0
Super built-up  Area,Ready To Move,Old Madras Road,7.0,3.0,337.0,4500.0,5.0
Plot  Area,Ready To Move,Banjara Layout,3.0,2.0,58.0,600.0,3.0
Super built-up  Area,22-Jun,Hoodi,2.0,2.0,94.42,1196.0,2.0
Built-up  Area,Ready To Move,5th Phase JP Nagar,3.0,3.0,52.5,1150.0,2.0
Super built-up  Area,18-Apr,Electronic City,2.0,1.0,63.0,1128.0,2.0
Super built-up  Area,Ready To Move,Omkar Nagar,2.0,1.0,53.0,1000.0,2.0
Super built-up  Area,Ready To Move,Yelahanka,2.0,1.0,45.0,1035.0,2.0
Built-up  Area,Ready To Move,Kereguddadahalli,2.0,1.0,32.0,950.0,2.0
Super built-up  Area,Ready To Move,Bisuvanahalli,2.0,1.0,36.0,1075.0,3.0
Super built-up  Area,Ready To Move,Whitefield,2.0,1.0,48.5,1040.0,2.0
Plot  Area,17-Oct,Maragondanahalli,2.0,1.0,45.0,720.0,2.0
Super built-up  Area,Ready To Move,Lingadheeranahalli,3.0,1.0,95.0,1511.0,3.0
Built-up  Area,Ready To Move,Silk Board,3.0,1.0,58.0,1300.0,3.0
Super built-up  Area,19-Dec,Hoodi,3.0,1.0,68.75,1545.0,3.0
Built-up  Area,Ready To Move,Shampura,2.0,0.0,26.0,375.0,1.0
Super built-up  Area,Ready To Move,Vidyaranyapura,2.0,3.0,38.0,1062.0,2.0
Super built-up  Area,Ready To Move,Kada Agrahara,2.0,1.0,40.0,1115.0,2.0
Super built-up  Area,Ready To Move,JP Nagar,2.0,1.0,35.0,1000.0,2.0
Super built-up  Area,17-May,Kambipura,2.0,1.0,45.0,883.0,2.0
Super built-up  Area,19-Apr,Sarjapur  Road,2.0,1.0,70.0,1195.0,2.0
Plot  Area,Ready To Move,BHEL Layout,3.0,1.0,165.0,1200.0,4.0
Built-up  Area,Ready To Move,Medahalli,1.0,0.0,41.0,700.0,1.0
Super built-up  Area,Ready To Move,Vittasandra,2.0,1.0,67.0,1246.0,2.0
Plot  Area,Ready To Move,8th Phase JP Nagar,4.0,2.0,90.0,660.0,4.0
Plot  Area,Ready To Move,Banashankari Stage III,4.0,2.0,145.0,8500.0,4.0
Super built-up  Area,Ready To Move,Kashi Nagar,4.0,1.0,80.0,1600.0,4.0
Super built-up  Area,18-Dec,Haralur Road,5.0,3.0,154.0,2805.0,4.0
Super built-up  Area,Ready To Move,Begur Road,3.0,2.0,65.0,1584.0,3.0
Plot  Area,Ready To Move,Sector 7 HSR Layout,5.0,1.0,275.0,3000.0,4.0
Built-up  Area,Ready To Move,Hosur Road,2.0,2.0,48.0,1175.0,3.0
Built-up  Area,19-Jul,"Yemlur, Old Airport Road, ",3.0,2.0,115.0,1595.0,3.0
Super built-up  Area,Ready To Move,VHBCS Layout,2.0,2.0,110.0,1353.0,2.0
Super built-up  Area,18-Apr,Electronic City,3.0,2.0,125.0,1599.0,3.0
Super built-up  Area,Ready To Move,Whitefield,2.0,1.0,70.0,1150.0,2.0
Super built-up  Area,17-Dec,Jakkur,6.0,1.0,465.0,5230.0,4.0
Super built-up  Area,Ready To Move,KR Puram,2.0,2.0,42.74,1155.0,2.0
Built-up  Area,Ready To Move,Ittamadu,2.0,0.0,85.0,1200.0,1.0
Super built-up  Area,18-Jul,Electronic City Phase II,2.0,1.0,25.0,1000.0,2.0
Super built-up  Area,Ready To Move,Thanisandra,4.0,2.0,120.0,3000.0,4.0
Built-up  Area,Ready To Move,Rajiv Nagar,3.0,1.0,160.0,1867.0,3.0
Super built-up  Area,18-Jun,Ramagondanahalli,2.0,1.0,47.0,1251.0,2.0
Super built-up  Area,18-Apr,Gattahalli,2.0,1.0,45.5,1028.0,2.0
Super built-up  Area,Ready To Move,Arekere,2.0,2.0,45.0,1222.0,2.0
Super built-up  Area,Ready To Move,Bannerghatta Road,2.0,1.0,66.0,1170.0,3.0
Super built-up  Area,Ready To Move,Hebbal,4.0,1.0,245.0,2400.0,3.0
Super built-up  Area,Ready To Move,Ramanjaneyanagar,2.0,2.0,48.48,1385.0,3.0
Super built-up  Area,Ready To Move,HSR Layout,2.0,1.0,68.0,1372.0,2.0
Super built-up  Area,Ready To Move,Magadi Road,2.0,2.0,49.0,1282.0,3.0
Super built-up  Area,Ready To Move,Mico Layout,9.0,3.0,210.0,5000.0,9.0
Built-up  Area,Ready To Move,7th Block Jayanagar,3.0,1.0,528.0,3000.0,5.0
Super built-up  Area,Ready To Move,Kanakpura Road,2.0,1.0,39.73,1135.0,2.0
Built-up  Area,20-Dec,Whitefield,3.0,2.0,101.0,1768.0,3.0
Built-up  Area,Ready To Move,Byatarayanapura,2.0,1.0,90.0,1325.0,3.0
Super built-up  Area,18-Apr,Electronic City,3.0,2.0,99.0,1599.0,3.0
Plot  Area,18-Mar,Whitefield,3.0,1.0,61.95,1500.0,3.0
Plot  Area,Ready To Move,2nd Phase JP Nagar,3.0,0.0,499.0,2610.0,3.0
Super built-up  Area,Ready To Move,Uttarahalli,2.0,2.0,63.0,1286.0,2.0
Built-up  Area,Ready To Move,Kammanahalli,5.0,1.0,140.0,2845.0,5.0
Super built-up  Area,Ready To Move,K G Colony,2.0,2.0,50.0,1600.0,3.0
Super built-up  Area,18-Sep,Hennur Road,2.0,0.0,63.77,1317.5,2.0
Super built-up  Area,Ready To Move,Hebbal,5.0,2.0,260.0,3450.0,3.0
Super built-up  Area,18-Apr,Munnekollal,2.0,2.0,53.67,1102.0,2.0
Super built-up  Area,Ready To Move,Yelahanka,2.0,2.0,54.0,1350.0,2.0
Super built-up  Area,Ready To Move,Banashankari,2.0,2.0,42.0,1200.0,3.0
Plot  Area,Ready To Move,Hosa Road,6.0,0.0,145.0,1300.0,6.0
Plot  Area,Ready To Move,Herohalli,1.0,1.0,80.0,1800.0,2.0
Built-up  Area,Ready To Move,Chikkabanavar,2.0,1.0,40.0,950.0,2.0
Super built-up  Area,21-Dec,Kanakpura Road,1.0,1.0,27.25,525.0,1.0
Built-up  Area,Ready To Move,Attibele,2.0,1.0,25.0,656.0,2.0
Plot  Area,Ready To Move,Marathahalli,4.0,3.0,175.0,1780.0,4.0
Super built-up  Area,Ready To Move,3rd Block Hrbr Layout,2.0,1.0,80.0,1056.0,2.0
Super built-up  Area,21-Feb,Bannerghatta Road,1.0,1.0,33.32,595.0,1.0
Built-up  Area,Ready To Move,Ittamadu,2.0,2.0,50.0,1080.0,2.0
Super built-up  Area,19-Dec,7th Phase JP Nagar,3.0,1.0,160.0,2225.0,3.0
Super built-up  Area,18-Aug,Bommasandra,2.0,1.0,28.15,1126.0,2.0
Super built-up  Area,Ready To Move,Electronics City Phase 1,3.0,1.0,84.0,1490.0,3.0
Plot  Area,Ready To Move,HRBR Layout,4.0,1.0,300.0,2000.0,4.0
Super built-up  Area,Ready To Move,Sarjapur  Road,3.0,3.0,100.0,1550.0,3.0
Built-up  Area,Ready To Move,Ashwini layout,2.0,1.0,55.0,1160.0,2.0
Built-up  Area,Ready To Move,Whitefield,4.0,3.0,315.0,4144.0,4.0
Super built-up  Area,Ready To Move,Sarjapur  Road,3.0,2.0,125.0,2100.0,3.0
Super built-up  Area,Ready To Move,Vittasandra,2.0,1.0,69.3,1404.0,2.0
Plot  Area,Ready To Move,Sarjapur  Road,4.0,3.0,225.0,2230.0,4.0
Super built-up  Area,Ready To Move,Marathalli bridge,3.0,2.0,120.0,1544.0,3.0
Super built-up  Area,18-May,Banashankari Stage III,2.0,1.0,58.7,1305.0,3.0
Super built-up  Area,Ready To Move,Marathahalli,2.0,2.0,80.0,1230.0,2.0
Plot  Area,Ready To Move,T.C PALYA,2.0,0.0,65.0,1200.0,2.0
Super built-up  Area,Ready To Move,Harlur,3.0,1.0,73.0,1460.0,3.0
Built-up  Area,Ready To Move,Gottigere,2.0,3.0,45.0,967.0,2.0
Built-up  Area,Ready To Move,Byatarayanapura,1.0,1.0,36.0,540.0,1.0
Super built-up  Area,19-Dec,Hormavu,1.0,2.0,46.0,715.0,1.0
Super built-up  Area,Ready To Move,Whitefield,3.0,2.0,313.0,2500.0,3.0
Super built-up  Area,Ready To Move,Dooravani Nagar,3.0,1.0,180.0,1578.0,3.0
Super built-up  Area,Ready To Move,Mysore Road,2.0,1.0,48.95,1020.0,2.0
Super built-up  Area,Ready To Move,Jigani,2.0,1.0,40.0,1020.0,2.0
Super built-up  Area,Ready To Move,Koramangala,2.0,1.0,102.0,1253.0,2.0
Super built-up  Area,Ready To Move,JCR Layout,2.0,2.0,42.0,1180.0,2.0
Super built-up  Area,Ready To Move,Nehru Nagar,2.0,2.0,38.0,961.0,2.0
Built-up  Area,Ready To Move,Kanakapura,3.0,3.0,75.0,1419.0,3.0
Super built-up  Area,Ready To Move,Harlur,3.0,2.0,150.0,1709.0,3.0
Plot  Area,Ready To Move,Papareddipalya,2.0,0.0,115.0,1600.0,2.0
Super built-up  Area,18-Jul,Venkatapura,1.0,1.0,18.5,416.0,1.0
Carpet  Area,Ready To Move,Sanjay nagar,2.0,2.0,98.0,1100.0,2.0
Super built-up  Area,Ready To Move,HSR Layout,2.0,1.0,65.0,1430.0,3.0
Super built-up  Area,Ready To Move,Sneha Colony,2.0,2.0,45.0,1260.0,2.0
Built-up  Area,Ready To Move,RMV Extension,3.0,2.0,85.0,1630.0,3.0
Super built-up  Area,19-May,Sarjapur  Road,3.0,2.0,44.71,1249.0,3.0
Super built-up  Area,Ready To Move,Kalena Agrahara,2.0,3.0,85.0,1450.0,3.0
Super built-up  Area,17-Nov,Konanakunte,3.0,1.0,223.0,2791.0,3.0
Super built-up  Area,Ready To Move,Hosapalya,1.0,0.0,90.0,600.0,1.0
Built-up  Area,Ready To Move,Ashwini layout,1.0,1.0,60.0,834.0,1.0
Plot  Area,Ready To Move,Doddagubbi,4.0,1.0,70.0,1125.0,3.0
Super built-up  Area,Ready To Move,Arekere,3.0,2.0,140.0,2060.0,3.0
Super built-up  Area,19-Jan,Malleshwaram,7.0,3.0,2200.0,12000.0,7.0
Built-up  Area,Ready To Move,Gottigere,2.0,1.0,25.0,891.0,2.0
Super built-up  Area,Ready To Move,Raja Rajeshwari Nagar,2.0,1.0,49.07,1133.0,2.0
Built-up  Area,Ready To Move,Bisuvanahalli,2.0,1.0,37.0,1075.0,3.0
Super built-up  Area,18-May,Sector 6 HSR Layout,5.0,2.0,260.0,3000.0,4.0
Plot  Area,Ready To Move,Brookefield,5.0,2.0,425.0,2440.0,4.0
Built-up  Area,Ready To Move,Vidyaranyapura,2.0,2.0,55.0,1200.0,2.0
Super built-up  Area,Ready To Move,Thanisandra,2.0,2.0,45.8,1075.0,2.0
Super built-up  Area,Ready To Move,Kaggadasapura,2.0,2.0,40.0,1140.0,2.0
Plot  Area,Ready To Move,Margondanahalli,4.0,2.0,150.0,940.0,5.0
Plot  Area,Ready To Move,ITI Layout,5.0,1.0,250.0,2160.0,6.0
Super built-up  Area,Ready To Move,Raja Rajeshwari Nagar,2.0,1.0,42.0,1090.0,2.0
Built-up  Area,Ready To Move,R.T. Nagar,4.0,1.0,70.0,1500.0,4.0
Super built-up  Area,Ready To Move,Whitefield,4.0,2.0,360.0,4104.0,4.0
Super built-up  Area,Ready To Move,Whitefield,3.0,2.0,100.0,1790.0,3.0
Super built-up  Area,18-Dec,Hebbal,3.0,2.0,134.0,1920.0,3.0
Built-up  Area,Ready To Move,HRBR Layout,2.0,2.0,95.0,1374.0,2.0
Carpet  Area,Ready To Move,Bannerghatta Road,3.0,2.0,95.0,1445.0,3.0
Super built-up  Area,19-Dec,Kanakapura,1.0,1.0,36.0,711.0,1.0
Super built-up  Area,Ready To Move,Tumkur Road,3.0,3.0,95.0,1500.0,3.0
Super built-up  Area,Ready To Move,Whitefield,3.0,3.0,100.0,1720.0,3.0
Super built-up  Area,Ready To Move,Vasanthapura,3.0,2.0,60.0,1400.0,3.0
Built-up  Area,Ready To Move,Kundalahalli,2.0,2.0,49.0,1030.0,2.0
Super built-up  Area,Ready To Move,Mysore Road,2.0,1.0,85.0,1200.0,2.0
Carpet  Area,18-Jul,Hosahalli,3.0,2.0,70.0,1375.0,3.0
Plot  Area,Ready To Move,Hegde Nagar,1.0,2.0,56.0,1050.0,2.0
Super built-up  Area,Ready To Move,Jalahalli,3.0,2.0,160.0,2250.0,3.0
Super built-up  Area,Ready To Move,Bellandur,2.0,2.0,50.0,1000.0,2.0
Super built-up  Area,Ready To Move,Jalahalli West,1.0,0.0,25.0,469.0,1.0
Super built-up  Area,Ready To Move,Marathahalli,4.0,3.0,250.0,3800.0,4.0
Super built-up  Area,Ready To Move,Kambipura,2.0,1.0,29.0,883.0,2.0
Super built-up  Area,Ready To Move,GM Palaya,2.0,3.0,86.0,1820.0,3.0
Built-up  Area,Ready To Move,Singasandra,2.0,3.0,65.0,1440.0,3.0
Super built-up  Area,Ready To Move,near Ramanashree California resort,4.0,1.0,160.0,3600.0,6.0
Built-up  Area,Ready To Move,Malleshwaram,5.0,2.0,325.0,2500.0,4.0
Super built-up  Area,18-Aug,Mahadevpura,2.0,2.0,48.0,1225.0,2.0
Plot  Area,Ready To Move,"6th block banashankari 3rd stage, 100 feet ORR",3.0,1.0,660.0,4000.0,3.0
Carpet  Area,Ready To Move,Chikkalasandra,2.0,3.0,52.8,875.0,2.0
Super built-up  Area,Ready To Move,Jalahalli East,1.0,2.0,40.0,750.0,1.0
Super built-up  Area,Ready To Move,6th Phase JP Nagar,2.0,3.0,80.0,1180.0,2.0
Super built-up  Area,Ready To Move,Haralur Road,2.0,2.0,47.0,1194.0,2.0
Super built-up  Area,Ready To Move,Hennur Road,2.0,2.0,62.0,1500.0,3.0
Super built-up  Area,Ready To Move,Poornapragna Housing Society Layout,2.0,2.0,52.2,1160.0,2.0
Built-up  Area,Ready To Move,Arekere,9.0,2.0,265.0,1123031.25,9.0
Super built-up  Area,Ready To Move,Hosakerehalli,3.0,1.0,262.0,2378.0,3.0
Super built-up  Area,Ready To Move,Sarjapur,2.0,1.0,60.0,1128.0,2.0
Super built-up  Area,Ready To Move,Hebbal,3.0,1.0,150.0,1500.0,3.0
Built-up  Area,18-Aug,Huskur,2.0,1.0,35.23,1220.0,3.0
Super built-up  Area,Ready To Move,Sarjapur  Road,2.0,2.0,58.0,1210.0,2.0
Super built-up  Area,20-Oct,Kanakpura Road,2.0,1.0,58.0,1100.0,3.0
Super built-up  Area,Ready To Move,Bommasandra,3.0,2.0,46.0,1200.0,3.0
Built-up  Area,18-Mar,Haralur Road,5.0,2.0,260.0,3385.0,4.0
Super built-up  Area,Ready To Move,Nagondanahalli,3.0,2.0,66.0,1641.0,3.0
Super built-up  Area,Ready To Move,Horamavu Agara,2.0,1.0,45.0,1200.0,2.0
Super built-up  Area,Ready To Move,Raja Rajeshwari Nagar,2.0,1.0,67.39,1260.0,2.0
Super built-up  Area,Ready To Move,Mahadevpura,3.0,3.0,78.0,1720.0,3.0
Super built-up  Area,Ready To Move,Yelahanka,2.0,0.0,48.13,1132.5,2.0
Super built-up  Area,Ready To Move,Yelahanka,2.0,1.0,45.98,1210.0,2.0
Built-up  Area,Ready To Move,Indira Nagar,4.0,2.0,200.0,2200.0,4.0
Super built-up  Area,Ready To Move,Bisuvanahalli,2.0,1.0,45.0,1075.0,3.0
Built-up  Area,Ready To Move,Thanisandra,3.0,2.0,130.0,1702.0,3.0
Super built-up  Area,Ready To Move,Shanthala Nagar,2.0,2.0,200.0,1630.0,2.0
Super built-up  Area,Ready To Move,Raja Rajeshwari Nagar,2.0,2.0,38.55,1141.0,2.0
Super built-up  Area,18-Apr,Shantiniketan Layout,3.0,2.0,108.0,2072.0,3.0
Super built-up  Area,18-Dec,JP Nagar,2.0,2.0,375.0,5520.0,5.0
Built-up  Area,Ready To Move,Herohalli,2.0,0.0,70.0,1200.0,3.0
Super built-up  Area,Ready To Move,Teachers Colony,3.0,0.0,77.0,1350.0,3.0
Built-up  Area,18-Mar,Bettahalsoor,4.0,0.0,445.0,4046.0,4.0
Super built-up  Area,18-Dec,Srinivasa Nagar,2.0,2.0,78.34,1180.0,3.0
Built-up  Area,Ready To Move,Yelahanka,3.0,3.0,130.0,35000.0,3.0
Super built-up  Area,Ready To Move,Langford Town,2.0,2.0,115.0,1355.0,2.0
Plot  Area,Ready To Move,Sulthangunta,1.0,0.0,50.0,600.0,1.0
Plot  Area,Ready To Move,Hormavu,7.0,2.0,150.0,1200.0,7.0
Super built-up  Area,Ready To Move,Bannerghatta Road,2.0,1.0,120.0,1640.0,3.0
Plot  Area,Ready To Move,Byrathi Village,5.0,0.0,100.0,1200.0,5.0
Super built-up  Area,Ready To Move,Kodichikkanahalli,2.0,2.0,57.0,1190.0,3.0
Plot  Area,Ready To Move,OMBR Layout,4.0,2.0,375.0,2400.0,4.0
Super built-up  Area,Ready To Move,Marathahalli,2.0,2.0,49.85,1019.0,2.0
Super built-up  Area,Ready To Move,Ambedkar Colony,3.0,2.0,165.0,1875.0,3.0
Super built-up  Area,18-May,Akshaya Nagar,3.0,2.0,40.0,1250.0,3.0
Plot  Area,Ready To Move,Brookefield,3.0,2.0,140.0,1200.0,3.0
Super built-up  Area,Ready To Move,Whitefield,2.0,1.0,56.0,1140.0,2.0
Super built-up  Area,Ready To Move,Lingadheeranahalli,3.0,1.0,109.0,1683.0,3.0
Super built-up  Area,Ready To Move,Kaggadasapura,3.0,2.0,83.3,1515.0,3.0
Super built-up  Area,19-Dec,Hoodi,4.0,2.0,111.0,2118.0,4.0
Built-up  Area,Ready To Move,Bannerghatta Road,3.0,0.0,58.0,1380.0,4.0
Super built-up  Area,Ready To Move,Varthur Road,2.0,2.0,61.75,1083.0,2.0
Plot  Area,Ready To Move,Anjappa Layout,2.0,1.0,55.0,600.0,2.0
Built-up  Area,Ready To Move,Avalahalli,3.0,3.0,120.0,2300.0,3.0
Super built-up  Area,Ready To Move,Prakruthi Nagar,2.0,2.0,60.0,1240.0,2.0
Super built-up  Area,Ready To Move,Surabhi Layout,3.0,1.0,120.0,1750.0,3.0
Super built-up  Area,18-Apr,Sadaramangala,2.0,2.0,43.48,1230.0,2.0
Plot  Area,17-Aug,Anjanapura,3.0,1.0,139.0,1500.0,3.0
Super built-up  Area,Ready To Move,Abbigere,2.0,1.0,40.39,985.0,2.0
Plot  Area,Ready To Move,Tindlu,2.0,1.0,87.0,1500.0,3.0
Built-up  Area,18-Dec,Electronic City,2.0,1.0,32.49,1125.0,2.0
Built-up  Area,Ready To Move,Maruthi Sevanagar,2.0,1.0,44.0,950.0,2.0
Super built-up  Area,18-Dec,JP Nagar,2.0,2.0,548.5,5600.0,5.0
Super built-up  Area,Ready To Move,Kothanur,3.0,3.0,76.0,1580.0,3.0
Plot  Area,Ready To Move,B Narayanapura,2.0,1.0,98.5,1092.0,3.0
Built-up  Area,18-Jul,Electronic City Phase II,2.0,1.0,28.34,1090.0,2.0
Built-up  Area,19-Mar,Hennur Road,3.0,1.0,159.0,2264.0,3.0
Super built-up  Area,19-Aug,Dommasandra,2.0,2.0,25.53,1033.0,3.0
Super built-up  Area,18-Apr,Kammasandra,2.0,2.0,24.5,810.0,2.0
Super built-up  Area,Ready To Move,Green Garden Layout,2.0,0.0,45.0,1045.0,2.0
Super built-up  Area,18-Sep,Hebbal,2.0,1.0,82.0,1337.0,2.0
Super built-up  Area,Ready To Move,Chandapura,2.0,2.0,32.0,1200.0,2.0
Super built-up  Area,Ready To Move,Koramangala,3.0,2.0,160.0,1580.0,3.0
Super built-up  Area,Ready To Move,Begur Road,2.0,3.0,54.0,1500.0,3.0
Super built-up  Area,18-Sep,Whitefield,4.0,2.0,91.0,1640.0,3.0
Super built-up  Area,Ready To Move,Silver Springs Layout,3.0,2.0,62.0,1570.0,3.0
Super built-up  Area,Ready To Move,Gubbalala,2.0,2.0,82.0,1470.0,3.0
Super built-up  Area,Ready To Move,Kengeri,2.0,2.0,40.61,1160.0,2.0
Built-up  Area,Ready To Move,7th Phase JP Nagar,2.0,1.0,71.0,1050.0,2.0
Super built-up  Area,20-Jun,Dairy Circle,3.0,1.0,225.0,1855.0,3.0
Super built-up  Area,Ready To Move,Bannerghatta Road,2.0,1.0,90.0,1460.0,3.0
Built-up  Area,Ready To Move,Hulimavu,3.0,2.0,100.0,1823.0,3.0
Super built-up  Area,Ready To Move,Electronic City,2.0,2.0,42.0,1094.0,2.0
Super built-up  Area,Ready To Move,Budigere,2.0,2.0,57.0,1153.0,2.0
Built-up  Area,Ready To Move,Hoysalanagar,3.0,1.0,57.0,1325.0,3.0
Plot  Area,Ready To Move,Parappana Agrahara,3.0,2.0,85.0,1200.0,4.0
Built-up  Area,Ready To Move,Jakkur,2.0,2.0,125.0,1590.0,3.0
Plot  Area,Ready To Move,Jeevan bima nagar,4.0,2.0,160.0,1210.0,5.0
Plot  Area,Ready To Move,Raja Rajeshwari Nagar,4.0,0.0,220.0,1200.0,4.0
Super built-up  Area,Ready To Move,Narayana Nagar 1st Block,2.0,1.0,48.0,1202.0,2.0
Built-up  Area,Ready To Move,Haralur Road,2.0,1.0,53.0,1202.0,2.0
Super built-up  Area,Ready To Move,KSRTC Layout,2.0,3.0,62.5,1200.0,2.0
Super built-up  Area,18-Feb,Panathur,3.0,1.0,118.0,1688.0,3.0
Built-up  Area,Ready To Move,Kaval Byrasandra,2.0,1.0,52.0,1020.0,2.0
Super built-up  Area,Ready To Move,Sarjapur,2.0,2.0,47.0,1185.0,2.0
Super built-up  Area,17-Oct,Ramagondanahalli,2.0,1.0,52.04,1235.0,2.0
Super built-up  Area,Ready To Move,Hosakerehalli,5.0,1.0,500.0,3205.0,4.0
Super built-up  Area,Ready To Move,Banashankari,2.0,2.0,37.64,1077.0,2.0
Super built-up  Area,Ready To Move,Kengeri Satellite Town,2.0,3.0,66.0,1415.0,3.0
Super built-up  Area,18-Apr,EPIP Zone,3.0,2.0,162.0,2330.0,3.0
Super built-up  Area,Ready To Move,Whitefield,2.0,2.0,35.0,805.0,2.0
Built-up  Area,Ready To Move,P&T Colony,1.0,0.0,20.03,425.0,1.0
Super built-up  Area,Ready To Move,Whitefield,2.0,3.0,59.95,1155.0,2.0
Super built-up  Area,Ready To Move,Cunningham Road,4.0,3.0,1250.0,5270.0,4.0
Super built-up  Area,Ready To Move,Anekal,2.0,1.0,22.0,656.0,2.0
Built-up  Area,Ready To Move,New Gurappana Palya,2.0,0.0,48.0,1100.0,2.0
Super built-up  Area,Ready To Move,Mahadevpura,2.0,3.0,52.0,1150.0,2.0
Plot  Area,Ready To Move,Chelekare,1.0,1.0,60.0,600.0,1.0
Super built-up  Area,Ready To Move,Ambedkar Colony,2.0,1.0,140.0,1468.0,2.0
Plot  Area,Ready To Move,Palanahalli,5.0,2.0,550.0,4300.0,4.0
Super built-up  Area,18-Dec,Whitefield,4.0,2.0,126.0,2280.0,3.0
Super built-up  Area,Ready To Move,Hegde Nagar,2.0,1.0,97.0,1341.0,2.0
Super built-up  Area,Ready To Move,Jakkur,2.0,1.0,77.0,1279.0,2.0
Super built-up  Area,18-Dec,Electronic City Phase II,4.0,0.0,98.88,2225.0,4.0
Super built-up  Area,Ready To Move,Thanisandra,2.0,2.0,43.51,1185.0,2.0
Super built-up  Area,Ready To Move,Vadarpalya,3.0,2.0,85.0,1750.0,3.0
Super built-up  Area,Ready To Move,Kudlu,2.0,1.0,53.5,1152.0,2.0
Plot  Area,Ready To Move,Shivanagar,4.0,1.0,160.0,1000.0,5.0
Super built-up  Area,Ready To Move,Hulimavu,2.0,3.0,36.0,1300.0,2.0
Plot  Area,18-Nov,Varthur Road,4.0,2.0,155.0,2760.0,4.0
Super built-up  Area,18-Aug,5th Phase JP Nagar,2.0,2.0,39.0,1070.0,2.0
Super built-up  Area,Ready To Move,Uttarahalli,2.0,0.0,45.0,1101.0,2.0
Super built-up  Area,Ready To Move,V.V Puram,2.0,1.0,55.0,775.0,2.0
Super built-up  Area,Ready To Move,Yeshwanthpur,1.0,1.0,36.85,667.0,1.0
Super built-up  Area,Ready To Move,Electronic City,2.0,1.0,55.0,1070.0,2.0
Built-up  Area,Ready To Move,Old Airport Road,2.0,2.0,110.0,1875.0,3.0
Super built-up  Area,Ready To Move,Kundalahalli,2.0,1.0,57.99,735.0,2.0
Plot  Area,Ready To Move,Sarjapur,4.0,1.0,90.0,4360.0,5.0
Super built-up  Area,Ready To Move,Koramangala,3.0,2.0,130.0,1750.0,3.0
Super built-up  Area,Ready To Move,Marathahalli,2.0,1.0,67.0,1215.0,2.0
Plot  Area,Ready To Move,Sector 3 HSR Layout,9.0,3.0,190.0,600.0,9.0
Super built-up  Area,Ready To Move,Vishwapriya Layout,2.0,1.0,30.0,820.0,2.0
Super built-up  Area,20-Dec,Banashankari Stage VI,2.0,0.0,59.935,1177.5,2.0
Super built-up  Area,Ready To Move,Battarahalli,3.0,2.0,89.61,1779.0,3.0
Built-up  Area,Ready To Move,HMT Layout,2.0,2.0,58.0,1105.0,2.0
Built-up  Area,Ready To Move,Basavanagara,2.0,1.0,93.0,10763.9,1.0
Super built-up  Area,Ready To Move,Whitefield,3.0,2.0,60.0,1650.0,3.0
Super built-up  Area,Ready To Move,Jalahalli,2.0,2.0,150.0,1694.0,2.0
Super built-up  Area,Ready To Move,Hosakerehalli,3.0,1.0,203.0,2376.0,3.0
Super built-up  Area,Ready To Move,Cox Town,3.0,3.0,150.0,1975.0,3.0
Super built-up  Area,Ready To Move,Kammasandra,2.0,1.0,33.0,674.0,2.0
Super built-up  Area,Ready To Move,Kaggadasapura,2.0,1.0,41.0,1185.0,2.0
Super built-up  Area,Ready To Move, Thanisandra,1.0,0.0,28.0,445.0,1.0
Built-up  Area,Ready To Move,Mylasandra,7.0,2.0,76.0,900.0,6.0
Super built-up  Area,Ready To Move,HSR Layout,3.0,2.0,75.0,1475.0,3.0
Super built-up  Area,Ready To Move,Gottigere,3.0,3.0,82.5,1618.0,3.0
Super built-up  Area,Ready To Move,Koramangala,2.0,0.0,65.0,1120.0,2.0
Super built-up  Area,Ready To Move,Marathahalli,3.0,2.0,152.0,2181.0,4.0
Plot  Area,Ready To Move,Vidyaranyapura,4.0,0.0,90.0,1200.0,4.0
Plot  Area,Ready To Move,Nagondanahalli,4.0,3.0,65.0,600.0,6.0
Super built-up  Area,18-Oct,Bannerghatta Road,2.0,1.0,59.13,1556.0,3.0
Super built-up  Area,19-Feb,Bannerghatta Road,2.0,1.0,66.02,1179.0,2.0
Super built-up  Area,Ready To Move,Thanisandra,2.0,2.0,83.0,1296.0,2.0
Built-up  Area,Ready To Move,Kaggadasapura,2.0,2.0,52.0,1275.0,2.0
Built-up  Area,Ready To Move,Kalasipalya,2.0,2.0,300.0,1875.0,7.0
Super built-up  Area,Ready To Move,Kathriguppe,2.0,2.0,77.0,1400.0,3.0
Super built-up  Area,Ready To Move,Gottigere,2.0,1.0,63.0,1222.0,2.0
Super built-up  Area,Ready To Move,Electronic City,2.0,1.0,41.0,940.0,2.0
Super built-up  Area,Ready To Move,Thanisandra,2.0,2.0,42.6,1185.0,2.0
Super built-up  Area,Ready To Move,Tumkur Road,3.0,2.0,112.0,1779.0,3.0
Super built-up  Area,Ready To Move,Begur Road,3.0,2.0,59.76,1615.0,3.0
Super built-up  Area,18-Dec,JP Nagar,2.0,2.0,453.0,4624.5,4.0
Super built-up  Area,Ready To Move,Haralur Road,2.0,1.0,61.0,1056.0,2.0
Super built-up  Area,Ready To Move,7th Phase JP Nagar,2.0,0.0,46.0,1100.0,2.0
Built-up  Area,Ready To Move,Arekere,2.0,1.0,40.0,920.0,2.0
Super built-up  Area,Ready To Move,ITI Layout,2.0,0.0,75.0,1602.0,3.0
Built-up  Area,Ready To Move,Padmanabhanagar,2.0,0.0,62.0,1176.0,2.0
Plot  Area,Ready To Move,HBR Layout,3.0,1.0,59.0,675.0,4.0
Super built-up  Area,Ready To Move,Richmond Town,3.0,0.0,135.0,1352.0,3.0
Built-up  Area,Ready To Move,Kasavanhalli,3.0,3.0,99.0,1717.0,3.0
Plot  Area,18-Apr,4 Bedroom Farm House in Bagalur,4.0,1.0,80.0,10961.0,4.0
Super built-up  Area,18-Jul,Bhoganhalli,4.0,3.0,111.0,2119.0,4.0
Super built-up  Area,Ready To Move,Vittasandra,2.0,1.0,67.3,1246.0,2.0
Super built-up  Area,17-Jul,Anandapura,2.0,1.0,42.79,1141.0,2.0
Built-up  Area,Ready To Move,Hennur Road,2.0,1.0,84.0,1157.0,2.0
Super built-up  Area,18-Aug,Chandapura,2.0,2.0,27.68,1025.0,2.0
Built-up  Area,Ready To Move,Yelahanka New Town,1.0,2.0,33.0,650.0,1.0
Super built-up  Area,Ready To Move,Hebbal,2.0,1.0,98.0,1349.0,2.0
Super built-up  Area,Ready To Move,Narayanapura,3.0,1.0,83.3,1566.0,3.0
Super built-up  Area,Ready To Move,Sahakara Nagar,3.0,3.0,195.0,2830.0,4.0
Built-up  Area,18-Dec,Electronic City,2.0,1.0,38.13,1320.0,3.0
Super built-up  Area,18-Nov,manyata park,3.0,1.0,84.83,1780.0,3.0
Super built-up  Area,Ready To Move,Varthur,2.0,1.0,34.9,1091.0,2.0
Super built-up  Area,Ready To Move,Rachenahalli,4.0,3.0,300.0,3670.0,4.0
Built-up  Area,Ready To Move,7th Phase JP Nagar,2.0,1.0,50.49,918.0,2.0
Super built-up  Area,20-Dec,Yeshwanthpur,4.0,0.0,130.0,1950.0,4.0
Super built-up  Area,Ready To Move,Panathur,3.0,1.0,90.0,1695.0,3.0
Super built-up  Area,Ready To Move,Yelahanka,3.0,2.0,95.0,1705.0,3.0
Built-up  Area,Ready To Move,Kalyan nagar,3.0,2.0,75.0,1375.0,3.0
Super built-up  Area,21-Oct,Kanakpura Road,1.0,1.0,30.0,525.0,1.0
Built-up  Area,20-Dec,Whitefield,2.0,1.0,83.0,1447.0,2.0
Super built-up  Area,Ready To Move,Thanisandra,2.0,1.0,39.0,1114.0,2.0
Super built-up  Area,Ready To Move,7th Phase JP Nagar,2.0,1.0,100.0,1450.0,3.0
Super built-up  Area,Ready To Move,Belathur,1.0,0.0,15.0,460.0,2.0
Built-up  Area,Ready To Move,Vasanthapura,2.0,2.0,40.0,1022.0,2.0
Built-up  Area,Ready To Move,Hebbal,2.0,2.0,45.0,1000.0,2.0
Super built-up  Area,18-Apr,Electronic City,2.0,1.0,68.75,1128.0,2.0
Super built-up  Area,18-May,Kanakpura Road,2.0,2.0,57.0,1180.0,2.0
Built-up  Area,Ready To Move,TC Palaya,6.0,1.0,69.0,1000.0,6.0
Plot  Area,Ready To Move,Nagarbhavi,2.0,1.0,150.0,1200.0,2.0
Super built-up  Area,Ready To Move,Sadashiva Nagar,3.0,2.0,660.0,3761.0,3.0
Super built-up  Area,Ready To Move,Kanakpura Road,2.0,3.0,75.0,1339.0,2.0
Super built-up  Area,Ready To Move,Yelachenahalli,2.0,3.0,55.0,1400.0,3.0
Super built-up  Area,Ready To Move,7th Phase JP Nagar,2.0,1.0,39.52,1040.0,2.0
Super built-up  Area,Ready To Move,Kadugodi,2.0,2.0,58.0,1198.0,2.0
Plot  Area,Ready To Move,Shirdi Sai Layout,3.0,2.0,95.0,1200.0,4.0
Super built-up  Area,Ready To Move,Sarjapur  Road,3.0,2.0,113.0,1691.0,3.0
Super built-up  Area,Ready To Move,Bisuvanahalli,3.0,2.0,36.0,1075.0,3.0
Super built-up  Area,18-Jun,1st Block Jayanagar,3.0,2.0,194.0,1630.0,3.0
Super built-up  Area,18-Jun,8th Phase JP Nagar,3.0,2.0,43.5,1240.0,3.0
Super built-up  Area,22-Dec,Bannerghatta Road,2.0,0.0,58.935,1122.5,2.0
Super built-up  Area,Ready To Move,Mallasandra,3.0,2.0,86.58,1665.0,3.0
Built-up  Area,Ready To Move,Marathahalli,3.0,2.0,94.0,2489.0,3.0
Built-up  Area,Ready To Move,Brookefield,2.0,2.0,70.0,1142.0,2.0
Super built-up  Area,Ready To Move,Kodbisanhalli,3.0,1.0,184.0,1976.0,3.0
Plot  Area,Ready To Move,Sathya Sai Layout,4.0,2.0,600.0,5500.0,4.0
Super built-up  Area,Ready To Move,Kothannur,3.0,2.0,82.0,1853.0,3.0
Plot  Area,Ready To Move,Vijayanagar,4.0,1.0,72.0,600.0,8.0
Super built-up  Area,Ready To Move,Kasturi Nagar,2.0,2.0,92.0,1567.0,2.0
Super built-up  Area,Ready To Move,Talaghattapura,2.0,1.0,27.24,1090.0,2.0
Plot  Area,Ready To Move,Raja Rajeshwari Nagar,4.0,2.0,125.0,1200.0,6.0
Plot  Area,Ready To Move,Indiranagar HAL 2nd Stage,4.0,1.0,640.0,2400.0,4.0
Super built-up  Area,Ready To Move,Electronics City Phase 1,2.0,2.0,51.47,1175.0,2.0
Built-up  Area,Ready To Move,Subramanyapura,2.0,2.0,52.0,1200.0,2.0
Built-up  Area,Ready To Move,Kodichikkanahalli,2.0,1.0,41.0,995.0,2.0
Super built-up  Area,Ready To Move,Magadi Road,2.0,1.0,41.1,884.0,2.0
Plot  Area,Ready To Move,Vishwanatha Nagenahalli,3.0,2.0,80.0,900.0,5.0
Built-up  Area,Ready To Move,Yeshwanthpur,2.0,2.0,57.0,1170.0,2.0
Super built-up  Area,Ready To Move,KR Puram,2.0,1.0,46.55,1225.0,2.0
Super built-up  Area,18-Apr,Electronic City,2.0,1.0,73.3,1342.0,2.0
Built-up  Area,19-Dec,Uttarahalli,2.0,1.0,67.0,1345.0,2.0
Built-up  Area,Ready To Move,Kodigehaali,3.0,0.0,65.0,1320.0,3.0
Super built-up  Area,Ready To Move,Singapura Village,2.0,2.0,45.0,9900.0,2.0
Super built-up  Area,Ready To Move,Raja Rajeshwari Nagar,2.0,1.0,49.39,1140.0,2.0
Super built-up  Area,Ready To Move,Battarahalli,2.0,1.0,50.0,1300.0,2.0
Super built-up  Area,Ready To Move,Hosa Road,3.0,2.0,85.0,1652.0,3.0
Super built-up  Area,Ready To Move,Thigalarapalya,4.0,2.0,142.0,2072.0,3.0
Built-up  Area,Ready To Move,Arekere,2.0,2.0,95.0,1740.0,3.0
Super built-up  Area,Ready To Move,Electronic City,2.0,1.0,71.0,1360.0,3.0
Super built-up  Area,Ready To Move,Hosur Road,2.0,2.0,60.0,1145.0,3.0
Built-up  Area,Ready To Move,Uttarahalli,2.0,0.0,40.0,1540.0,3.0
Super built-up  Area,Ready To Move,Sarjapur  Road,2.0,2.0,95.0,1278.0,2.0
Super built-up  Area,18-May,Electronic City Phase II,1.0,1.0,40.0,630.0,1.0
Super built-up  Area,21-Jan,Kanakpura Road,3.0,2.0,58.0,1100.0,3.0
Plot  Area,Ready To Move,Bendiganahalli,3.0,0.0,95.0,1200.0,3.0
Built-up  Area,Ready To Move,Hosakerehalli Layout,6.0,2.0,115.0,2500.0,7.0
Super built-up  Area,18-Jun,Chandapura,1.0,0.0,15.135,582.5,1.0
Super built-up  Area,18-Sep,Chandapura,2.0,2.0,25.88,1015.0,2.0
Built-up  Area,Ready To Move,Hosur Road,5.0,2.0,240.0,3300.0,5.0
Plot  Area,Ready To Move,Basaveshwara Nagar,5.0,1.0,415.0,4500.0,5.0
Super built-up  Area,Ready To Move,Gunjur,2.0,3.0,66.0,1356.0,3.0
Super built-up  Area,Ready To Move,Hennagara,2.0,1.0,28.0,823.0,2.0
Plot  Area,Ready To Move,TC Palaya,2.0,0.0,66.0,1200.0,3.0
Built-up  Area,Ready To Move,Ramamurthy Nagar,2.0,0.0,37.0,1050.0,2.0
Super built-up  Area,Ready To Move,Ferrar Nagar,2.0,1.0,69.0,1180.0,2.0
Super built-up  Area,Ready To Move,Whitefield,2.0,3.0,51.91,1116.0,2.0
Super built-up  Area,Ready To Move,7th Phase JP Nagar,2.0,1.0,42.79,1070.0,2.0
Super built-up  Area,17-Mar,Varthur,2.0,3.0,80.0,1385.0,2.0
Plot  Area,Ready To Move,Varthur,1.0,1.0,70.0,1000.0,1.0
Built-up  Area,18-Feb,Whitefield,3.0,2.0,130.0,1897.0,3.0
Super built-up  Area,18-Aug,Magadi Road,2.0,1.0,55.78,1005.0,2.0
Super built-up  Area,Ready To Move,Green Glen Layout,3.0,2.0,125.0,1575.0,3.0
Super built-up  Area,Ready To Move,Subramanyapura,2.0,1.0,65.0,975.0,2.0
Super built-up  Area,Ready To Move,Hennur Road,3.0,2.0,120.0,1904.0,3.0
Super built-up  Area,Ready To Move,Kengeri Satellite Town,1.0,1.0,30.0,930.0,1.0
Super built-up  Area,21-Dec,Kanakpura Road,1.0,1.0,26.0,525.0,1.0
Super built-up  Area,Ready To Move,BAGUR,1.0,1.0,17.0,686.0,1.0
Plot  Area,Ready To Move,Electronic City Phase II,3.0,1.0,150.0,2400.0,2.0
Plot  Area,Ready To Move,8th block Koramangala,1.0,0.0,233.0,1410.0,2.0
Built-up  Area,18-Apr,Sarjapur  Road,3.0,1.0,140.0,2238.0,3.0
Super built-up  Area,Ready To Move,Harlur,2.0,1.0,69.0,1174.0,2.0
Built-up  Area,Ready To Move,Thubarahalli,4.0,3.0,239.0,3800.0,4.0
Super built-up  Area,Ready To Move,Whitefield,2.0,1.0,125.0,2225.0,3.0
Super built-up  Area,Ready To Move,M.G Road,2.0,0.0,200.0,1250.0,2.0
Super built-up  Area,Ready To Move,Jigani,2.0,2.0,52.0,918.0,2.0
Super built-up  Area,Ready To Move,Mahadevpura,2.0,3.0,52.0,1250.0,2.0
Super built-up  Area,Ready To Move,Sarjapur  Road,3.0,2.0,110.0,1800.0,3.0
Built-up  Area,Ready To Move,Marathahalli,2.0,3.0,53.0,1170.0,2.0
Super built-up  Area,Ready To Move,Byatarayanapura,1.0,0.0,200.0,1300.0,1.0
Built-up  Area,Ready To Move,Bannerghatta Road,2.0,1.0,45.0,793.0,2.0
Super built-up  Area,Ready To Move,Jakkur,3.0,2.0,107.0,1710.0,3.0
Super built-up  Area,Ready To Move,Kambipura,2.0,1.0,57.5,1082.0,3.0
Super built-up  Area,18-Mar,Naganathapura,2.0,2.0,33.03,1001.0,2.0
Built-up  Area,Ready To Move,Srinivasa Nagar,4.0,2.0,180.0,1500.0,4.0
Super built-up  Area,Ready To Move,Yelahanka,2.0,1.0,54.0,1590.0,3.0
Super built-up  Area,Ready To Move,Basavanagara,2.0,0.0,80.0,2400.0,3.0
Super built-up  Area,Ready To Move,Horamavu Banaswadi,3.0,2.0,55.0,1554.0,3.0
Super built-up  Area,18-Dec,Thanisandra,2.0,0.0,43.415,1142.5,2.0
Super built-up  Area,Ready To Move,Bellandur,5.0,2.0,423.0,4239.0,5.0
Built-up  Area,Ready To Move,Konanakunte,1.0,0.0,58.0,884.0,2.0
Super built-up  Area,19-Mar,Hosa Road,2.0,1.0,98.89,1045.0,2.0
Super built-up  Area,Ready To Move,Marathahalli,2.0,2.0,49.86,1019.0,2.0
Super built-up  Area,Ready To Move,Ambedkar Nagar,4.0,2.0,130.0,1935.0,3.0
Super built-up  Area,Ready To Move,Uttarahalli,2.0,2.0,39.73,1135.0,3.0
Super built-up  Area,Ready To Move,Lakshminarayana Pura,3.0,2.0,150.0,1680.0,3.0
Super built-up  Area,19-Jun,Hebbal,5.0,2.0,247.0,2470.0,4.0
Super built-up  Area,Ready To Move,1st Phase JP Nagar,4.0,3.0,250.0,2825.0,4.0
Super built-up  Area,Ready To Move,Hosakerehalli,3.0,1.0,330.0,2480.0,3.0
Plot  Area,Ready To Move,5th Phase JP Nagar,11.0,2.0,290.0,1260.0,9.0
Plot  Area,Ready To Move,Ramamurthy Nagar,4.0,3.0,187.0,1800.0,5.0
Built-up  Area,Ready To Move,Kasavanhalli,3.0,3.0,90.0,1799.0,3.0
Super built-up  Area,Ready To Move,Whitefield,2.0,2.0,304.0,4348.5,4.0
Built-up  Area,Ready To Move,Attibele,1.0,1.0,11.0,400.0,1.0
Built-up  Area,18-Mar,Kundalahalli,2.0,1.0,82.0,1047.0,2.0
Super built-up  Area,Ready To Move,Kaverappa Layout,2.0,2.0,87.0,1282.0,2.0
Super built-up  Area,Ready To Move,NGR Layout,2.0,1.0,45.9,1020.0,2.0
Plot  Area,Ready To Move,Kammanahalli,3.0,1.0,155.0,1080.0,4.0
Super built-up  Area,Ready To Move,Whitefield,2.0,1.0,79.5,1495.0,2.0
Built-up  Area,Ready To Move,Kasavanhalli,4.0,1.0,240.0,3260.0,4.0
Super built-up  Area,17-Oct,Divya Unnathi Layout,2.0,2.0,64.44,1611.0,3.0
Super built-up  Area,Ready To Move,Koramangala,5.0,2.0,425.0,3500.0,4.0
Built-up  Area,Ready To Move,Vasantha Vallabha Nagar,2.0,2.0,95.0,1500.0,3.0
Super built-up  Area,Ready To Move,Sahakara Nagar,2.0,2.0,95.0,1500.0,3.0
Plot  Area,Ready To Move,Yelahanka,5.0,2.0,270.0,3206.0,4.0
Super built-up  Area,Ready To Move,Uttarahalli,3.0,0.0,50.0,1540.0,3.0
Super built-up  Area,18-May,Hosa Road,3.0,1.0,80.0,1639.0,3.0
Plot  Area,Ready To Move,Marathahalli,4.0,2.0,72.0,700.0,4.0
Super built-up  Area,Ready To Move,Raja Rajeshwari Nagar,2.0,2.0,55.79,1303.0,2.0
Super built-up  Area,Ready To Move,Koramangala,1.0,1.0,110.0,1005.0,2.0
Super built-up  Area,Ready To Move,Kammasandra,1.0,0.0,18.41,657.5,1.0
Super built-up  Area,18-Oct,Chandapura,3.0,1.0,33.28,1305.0,3.0
Plot  Area,Ready To Move,Kothannur,4.0,0.0,95.0,600.0,3.0
Super built-up  Area,Ready To Move,sapthagiri Layout,1.0,1.0,115.0,1300.0,2.0
Super built-up  Area,Ready To Move,Brookefield,2.0,3.0,68.0,1440.0,3.0
Super built-up  Area,18-Dec,Seegehalli,2.0,1.0,35.14,901.0,2.0
Super built-up  Area,Ready To Move,Rajaji Nagar,3.0,3.0,200.0,1725.0,3.0
Built-up  Area,Ready To Move,Sarjapur,2.0,1.0,42.0,900.0,3.0
Super built-up  Area,Ready To Move,BEML Layout,2.0,1.0,55.0,1060.0,2.0
Super built-up  Area,Ready To Move,NGR Layout,2.0,1.0,48.45,1020.0,2.0
Super built-up  Area,20-Dec,Varthur,3.0,2.0,65.99,1535.0,3.0
Built-up  Area,Ready To Move,Alur,1.0,1.0,20.0,530.0,1.0
Super built-up  Area,Ready To Move,Haralur Road,3.0,2.0,56.0,1464.0,3.0
Super built-up  Area,Ready To Move,Devarabisanahalli,2.0,3.0,80.0,1350.0,2.0
Super built-up  Area,Ready To Move,Sarjapur  Road,2.0,2.0,50.0,1115.0,2.0
Super built-up  Area,Ready To Move,Uttarahalli,2.0,2.0,47.0,1175.0,2.0
Built-up  Area,Ready To Move,Whitefield,2.0,1.0,62.0,1113.0,2.0
Plot  Area,Ready To Move,Uttarahalli,4.0,2.0,225.0,1200.0,6.0
Plot  Area,Ready To Move,Ramamurthy Nagar,4.0,3.0,240.0,1640.0,5.0
Built-up  Area,Ready To Move,Giri Nagar,2.0,0.0,42.0,650.0,2.0
Super built-up  Area,Ready To Move,Marathahalli,2.0,2.0,71.55,1325.0,2.0
Built-up  Area,Ready To Move,Electronics City Phase 1,2.0,3.0,31.0,950.0,2.0
Super built-up  Area,18-Apr,Jakkur,2.0,1.0,86.51,1396.0,3.0
Super built-up  Area,Ready To Move,Rachenahalli,2.0,2.0,52.07,1050.0,2.0
Super built-up  Area,Ready To Move,Thanisandra,3.0,2.0,100.0,1825.0,3.0
Super built-up  Area,Ready To Move,7th Phase JP Nagar,2.0,1.0,49.98,1190.0,2.0
Super built-up  Area,Ready To Move,Marathahalli,2.0,1.0,56.5,1220.0,2.0
Super built-up  Area,Ready To Move,NRI Layout,2.0,2.0,75.0,1565.0,3.0
Super built-up  Area,Ready To Move,Hennur Road,3.0,1.0,109.0,1891.0,3.0
Built-up  Area,Ready To Move,Sidedahalli,2.0,0.0,27.0,900.0,2.0
Super built-up  Area,18-Jul,Hosa Road,2.0,1.0,55.15,1161.0,2.0
Super built-up  Area,Ready To Move,Sarjapur,1.0,0.0,17.535,649.5,1.0
Plot  Area,Ready To Move,Dwarka Nagar,6.0,3.0,125.0,2400.0,8.0
Plot  Area,Ready To Move,Rajaji Nagar,4.0,2.0,90.0,315.0,4.0
Super built-up  Area,Ready To Move,Yeshwanthpur,1.0,1.0,36.85,665.0,1.0
Super built-up  Area,19-Jan,Mysore Road,2.0,1.0,73.5,1175.0,2.0
Built-up  Area,Ready To Move,Hoodi,2.0,2.0,80.0,1425.0,2.0
Plot  Area,Ready To Move,Chikkabanavar,1.0,0.0,20.0,1200.0,1.0
Plot  Area,18-Aug,ITPL,3.0,1.0,56.12,1200.0,3.0
Built-up  Area,Ready To Move,Somasundara Palya,2.0,2.0,67.0,1255.0,2.0
Super built-up  Area,Ready To Move,Hegde Nagar,4.0,2.0,145.0,2112.95,3.0
Super built-up  Area,Ready To Move,Raja Rajeshwari Nagar,1.0,1.0,22.0,600.0,1.0
Super built-up  Area,18-Jul,Haralur Road,3.0,2.0,100.0,1810.0,3.0
Super built-up  Area,Ready To Move,Indira Nagar,2.0,2.0,93.0,1200.0,2.0
Super built-up  Area,Ready To Move,Harlur,2.0,2.0,49.0,1033.0,2.0
Super built-up  Area,Ready To Move,ITPL,3.0,2.0,89.5,1548.0,3.0
Super built-up  Area,18-May,Horamavu Banaswadi,3.0,3.0,66.0,1611.0,3.0
Built-up  Area,18-Jul,Electronic City Phase II,2.0,1.0,40.43,1400.0,3.0
Super built-up  Area,Ready To Move,Vidyaranyapura,2.0,2.0,67.0,1485.0,3.0
Built-up  Area,Ready To Move,Margondanahalli,2.0,1.0,82.0,2400.0,2.0
Super built-up  Area,Ready To Move,Pattandur Agrahara,2.0,1.0,44.5,1025.0,2.0
Plot  Area,Ready To Move,Thurahalli,3.0,2.0,65.0,600.0,4.0
Super built-up  Area,Ready To Move,Hallehalli,2.0,2.0,53.0,1225.0,2.0
Built-up  Area,Ready To Move,5th Phase JP Nagar,2.0,1.0,62.8,1256.0,2.0
Super built-up  Area,Ready To Move,Whitefield,3.0,2.0,163.0,2268.0,4.0
Super built-up  Area,21-Dec,Kanakpura Road,3.0,2.0,53.0,1100.0,3.0
Super built-up  Area,Ready To Move,Vadarpalya,2.0,0.0,62.0,1141.0,2.0
Built-up  Area,Ready To Move,Attibele,1.0,1.0,12.0,400.0,1.0
Plot  Area,Ready To Move,Chandapura,2.0,0.0,60.0,1400.0,2.0
Super built-up  Area,Ready To Move,Kattigenahalli,7.0,2.0,140.0,4100.0,7.0
Plot  Area,18-Mar,Marathi Layout,1.0,0.0,110.0,231303.59999999998,1.0
Carpet  Area,Ready To Move,Weavers Colony,1.0,0.0,30.0,15.0,1.0
Super built-up  Area,Ready To Move,Raghavendra Nagar,2.0,2.0,48.27,1175.0,2.0
Super built-up  Area,Ready To Move,Sahakara Nagar,2.0,1.0,56.0,1100.0,2.0
Super built-up  Area,Ready To Move,Kanakpura Road,3.0,2.0,95.84,1843.0,3.0
Plot  Area,Ready To Move,1st Phase JP Nagar,7.0,2.0,240.0,1200.0,8.0
Super built-up  Area,19-Dec,Horamavu Banaswadi,2.0,1.0,80.5,1460.0,2.0
Super built-up  Area,Ready To Move,Rachenahalli,2.0,2.0,74.5,1530.0,3.0
Built-up  Area,Ready To Move,HSR Layout,2.0,1.0,55.0,1467.0,2.0
Super built-up  Area,Ready To Move,KR Layout,1.0,1.0,40.0,950.0,1.0
Super built-up  Area,Ready To Move,Vittasandra,2.0,1.0,64.5,1246.0,2.0
Super built-up  Area,19-Dec,Kanakapura,1.0,1.0,38.0,711.0,1.0
Super built-up  Area,Ready To Move,Haralur Road,2.0,2.0,46.0,1194.0,2.0
Super built-up  Area,Ready To Move,Babusapalaya,2.0,1.0,43.4,1358.0,3.0
Carpet  Area,Ready To Move,Nagasandra,5.0,1.0,130.0,1500.0,6.0
Super built-up  Area,Ready To Move,Hoodi,2.0,2.0,75.0,1420.0,2.0
Super built-up  Area,Ready To Move,Kathriguppe,2.0,1.0,68.75,1250.0,3.0
Built-up  Area,Ready To Move,Akshaya Nagar,2.0,2.0,58.0,1280.0,2.0
Super built-up  Area,Ready To Move,Nagappa Reddy Layout,2.0,1.0,50.0,1209.0,2.0
Built-up  Area,Ready To Move,Kempapura,5.0,2.0,225.0,4200.0,5.0
Plot  Area,Ready To Move,BTM 1st Stage,4.0,3.0,205.0,1215.0,4.0
Super built-up  Area,Ready To Move,Panathur,2.0,1.0,54.8,1315.0,3.0
Super built-up  Area,Ready To Move,Kariyammana Agrahara,3.0,3.0,90.0,1800.0,3.0
Built-up  Area,Ready To Move,Hessarghatta,4.0,0.0,125.0,1600.0,5.0
Super built-up  Area,Ready To Move,TC Palaya,2.0,2.0,65.0,1600.0,3.0
Plot  Area,Ready To Move,Binnamangala,5.0,2.0,900.0,3968.0,6.0
Super built-up  Area,Ready To Move,Suraksha Nagar,3.0,2.0,52.0,1563.0,3.0
Super built-up  Area,Ready To Move,Whitefield,2.0,2.0,72.0,1560.0,3.0
Super built-up  Area,Ready To Move,Brookefield,4.0,2.0,115.0,2169.0,3.0
Plot  Area,Ready To Move,Lakshmi Layout,10.0,2.0,170.0,900.0,9.0
Super built-up  Area,Ready To Move,Rachenahalli,2.0,2.0,55.5,1050.0,2.0
Super built-up  Area,Ready To Move,Iblur Village,3.0,1.0,235.0,3235.0,3.0
Plot  Area,Ready To Move,TC Palaya,3.0,0.0,66.0,1200.0,3.0
Super built-up  Area,Ready To Move,HSR Layout,2.0,2.0,46.0,1140.0,2.0
Plot  Area,Ready To Move,7th Phase JP Nagar,3.0,1.0,170.0,1500.0,3.0
Super built-up  Area,Ready To Move,Horamavu Agara,3.0,2.0,75.0,1560.0,3.0
Super built-up  Area,Ready To Move,JP Nagar,2.0,2.0,70.0,1100.0,2.0
Super built-up  Area,Ready To Move,Kasavanhalli,2.0,3.0,40.32,1260.0,3.0
Super built-up  Area,18-Mar,Hebbal,2.0,1.0,50.0,1036.0,2.0
Built-up  Area,Ready To Move,Akshaya Nagar,3.0,3.0,85.1,1662.0,3.0
Super built-up  Area,Ready To Move,Yelachenahalli,2.0,3.0,105.0,1464.0,3.0
Super built-up  Area,Ready To Move,Yelahanka,2.0,2.0,80.0,1234.0,2.0
Super built-up  Area,Ready To Move,Sarjapur  Road,3.0,1.0,55.0,1403.0,3.0
Plot  Area,Ready To Move,Kadugondanahalli,4.0,1.0,54.9,915.0,4.0
Plot  Area,Ready To Move,2nd Stage Nagarbhavi,8.0,3.0,451.0,3000.0,6.0
Super built-up  Area,Ready To Move,Seegehalli,2.0,2.0,42.9,1150.0,3.0
Built-up  Area,Ready To Move,Hebbal,4.0,2.0,410.0,3900.0,4.0
Built-up  Area,Ready To Move,Yeshwanthpur,4.0,2.0,90.0,850.0,5.0
Super built-up  Area,18-Mar,Kanakapura,2.0,1.0,46.0,929.0,2.0
Plot  Area,Ready To Move,2nd Stage Nagarbhavi,8.0,3.0,450.0,2400.0,6.0
Plot  Area,Ready To Move,TC Palaya,2.0,1.0,75.0,1350.0,3.0
Super built-up  Area,Ready To Move,Vasanthapura,2.0,1.0,39.73,1135.0,2.0
Built-up  Area,Ready To Move,Basava Nagar,2.0,2.0,70.0,1405.0,2.0
Plot  Area,18-Sep,Whitefield,2.0,1.0,45.84,1200.0,2.0
Super built-up  Area,18-Apr,Haralur Road,4.0,3.0,154.0,2805.0,4.0
Super built-up  Area,Ready To Move,Yeshwanthpur,2.0,2.0,64.08,1161.0,2.0
Super built-up  Area,18-Dec,Kanakpura Road,2.0,3.0,74.0,1290.0,2.0
Super built-up  Area,Ready To Move,Yeshwanthpur,3.0,2.0,141.0,2557.0,3.0
Built-up  Area,Ready To Move,2nd Block Hrbr Layout,3.0,2.0,90.0,1480.0,3.0
Plot  Area,Ready To Move,BTM 1st Stage,14.0,2.0,500.0,3300.0,9.0
Super built-up  Area,20-Dec,Old Madras Road,3.0,0.0,54.54,1350.0,3.0
Super built-up  Area,Ready To Move,Kadugodi,2.0,2.0,65.0,1580.0,3.0
Super built-up  Area,17-Oct,Banashankari,2.0,1.0,88.64,1470.0,3.0
Super built-up  Area,18-Jun,Ananth Nagar,1.0,1.0,14.0,500.0,1.0
Super built-up  Area,18-Sep,Sarjapur  Road,2.0,1.0,61.92,1346.0,2.0
Super built-up  Area,Ready To Move,Canara Bank Layout,3.0,3.0,90.0,1600.0,3.0
Super built-up  Area,Ready To Move,Naganathapura,2.0,1.0,120.0,720.0,2.0
Plot  Area,19-Mar,Narasapura,2.0,2.0,29.5,1306800.0,2.0
Plot  Area,Ready To Move,Manjunath Nagar,4.0,0.0,135.0,1200.0,4.0
Super built-up  Area,Ready To Move,Basapura,2.0,2.0,35.0,1200.0,2.0
Built-up  Area,Ready To Move,Channasandra,2.0,2.0,48.33,1340.0,3.0
Plot  Area,Ready To Move,Devanahalli,4.0,2.0,560.0,6136.0,4.0
Super built-up  Area,Ready To Move,Jigani,2.0,2.0,48.0,918.0,2.0
Plot  Area,Ready To Move,Singena Agrahara,3.0,2.0,115.0,1500.0,3.0
Super built-up  Area,Ready To Move,Yelahanka,2.0,2.0,85.0,1315.0,2.0
Plot  Area,Ready To Move,Sector 1 HSR Layout,5.0,2.0,775.0,2400.0,4.0
Super built-up  Area,Ready To Move,Uttarahalli,2.0,2.0,62.55,1390.0,3.0
Super built-up  Area,Ready To Move,Uttarahalli,2.0,1.0,56.0,1330.0,3.0
Built-up  Area,Ready To Move,Jalahalli,4.0,2.0,265.0,3100.0,5.0
Super built-up  Area,17-Dec,Mango Garden Layout,3.0,3.0,125.0,1824.0,3.0
Super built-up  Area,Ready To Move,7th Phase JP Nagar,2.0,2.0,96.0,1420.0,3.0
Plot  Area,Ready To Move,Kacharakanahalli,1.0,0.0,56.25,750.0,1.0
Super built-up  Area,Ready To Move,Jalahalli East,2.0,1.0,60.0,1260.0,3.0
Super built-up  Area,19-Sep,Hennur Road,3.0,2.0,95.0,1561.0,3.0
Plot  Area,Ready To Move,5th Phase JP Nagar,6.0,3.0,165.0,812.0,9.0
Super built-up  Area,Ready To Move,"Bidere Agarahara, Behind Safal market",2.0,2.0,42.0,1060.0,2.0
Plot  Area,Ready To Move,Hoodi,8.0,3.0,145.0,1120.0,8.0
Super built-up  Area,18-Jul,Haralur Road,2.0,1.0,67.38,1225.0,2.0
Super built-up  Area,Ready To Move,Thanisandra,3.0,2.0,135.0,2144.0,3.0
Plot  Area,Ready To Move,Kengeri,6.0,2.0,140.0,1200.0,7.0
Super built-up  Area,Ready To Move,Electronic City,2.0,2.0,29.0,880.0,2.0
Super built-up  Area,21-Dec,Hoodi,3.0,2.0,110.0,1639.0,3.0
Built-up  Area,Ready To Move,Thanisandra,2.0,1.0,62.0,1240.0,3.0
Super built-up  Area,Ready To Move,Kanakpura Road,2.0,2.0,69.0,1500.0,2.0
Super built-up  Area,Ready To Move,Haralur Road,2.0,1.0,46.0,1243.0,2.0
Super built-up  Area,Ready To Move,Marathahalli,3.0,2.0,78.0,1575.0,3.0
Super built-up  Area,Ready To Move,Haralur Road,2.0,2.0,44.0,1027.0,2.0
Super built-up  Area,Ready To Move,Kambipura,2.0,1.0,56.0,1082.0,3.0
Super built-up  Area,Ready To Move,Konanakunte,3.0,3.0,73.0,1637.0,3.0
Super built-up  Area,Ready To Move,Kanakpura Road,3.0,2.0,86.58,1665.0,3.0
Super built-up  Area,18-Dec,Electronic City,2.0,0.0,56.93,1265.0,2.0
Super built-up  Area,21-Dec,Electronic City,2.0,2.0,102.0,1691.0,3.0
Super built-up  Area,Ready To Move,Thanisandra,2.0,1.0,38.0,1100.0,2.0
Built-up  Area,Ready To Move,Grihalakshmi Layout,2.0,2.0,150.0,24.0,5.0
Plot  Area,19-Jan,Gopalkrishna Nagar,3.0,2.0,62.0,1500.0,3.0
Built-up  Area,Ready To Move,Hosakerehalli,5.0,1.0,380.0,3205.0,4.0
Built-up  Area,Ready To Move,Kammanahalli,4.0,1.0,150.0,1666.0,5.0
Super built-up  Area,Ready To Move,Choodasandra,2.0,2.0,50.0,1115.0,2.0
Super built-up  Area,Ready To Move,Mysore Road,2.0,1.0,45.0,1070.0,2.0
Super built-up  Area,Ready To Move,Indira Nagar,2.0,2.0,105.0,1128.0,2.0
Super built-up  Area,Ready To Move,Budigere,2.0,1.0,57.0,1162.0,2.0
Super built-up  Area,Ready To Move,Sai Gardens,2.0,2.0,55.0,1339.0,2.0
Super built-up  Area,Ready To Move,Mahadevpura,2.0,2.0,75.0,1192.0,2.0
Super built-up  Area,Ready To Move,Haralur Road,3.0,1.0,115.0,1920.0,3.0
Super built-up  Area,Ready To Move,Hennur,2.0,1.0,52.32,1255.0,2.0
Super built-up  Area,18-Apr,Rajaji Nagar,2.0,1.0,115.0,1357.0,2.0
Super built-up  Area,Ready To Move,Dodda Kempaiah Layout,3.0,2.0,75.0,1600.0,3.0
Super built-up  Area,Ready To Move,Hanumanth Nagar,2.0,2.0,55.11,1225.0,2.0
Plot  Area,Ready To Move,Whitefield,4.0,3.0,200.0,2400.0,4.0
Super built-up  Area,Ready To Move,Kasturi Nagar,3.0,3.0,80.0,1570.0,3.0
Super built-up  Area,Ready To Move,Thanisandra,2.0,2.0,70.0,1093.0,2.0
Built-up  Area,Ready To Move,Basaveshwara Nagar,3.0,3.0,145.0,1865.0,3.0
Plot  Area,Ready To Move,R.T. Nagar,7.0,3.0,165.0,1200.0,6.0
Super built-up  Area,Ready To Move,Kaikondrahalli,2.0,2.0,80.0,1039.0,2.0
Super built-up  Area,Ready To Move,Vittasandra,2.0,1.0,64.5,1246.0,2.0
Super built-up  Area,Ready To Move,Whitefield,3.0,2.0,75.0,1985.0,3.0
Super built-up  Area,Ready To Move,Hosakerehalli,3.0,3.0,49.0,1590.0,3.0
Plot  Area,Ready To Move,Hunasamaranahalli,4.0,2.0,675.0,4000.0,4.0
Super built-up  Area,Ready To Move,Electronic City Phase II,2.0,2.0,38.0,775.0,2.0
Super built-up  Area,Ready To Move,RWF West Colony,2.0,1.0,50.0,1000.0,2.0
Super built-up  Area,Ready To Move,Hebbal Kempapura,3.0,2.0,175.0,1800.0,3.0
Super built-up  Area,18-Jun,Bommasandra,2.0,1.0,41.0,1035.0,2.0
Super built-up  Area,Ready To Move,Dasarahalli,2.0,1.0,75.0,1520.0,3.0
Super built-up  Area,Ready To Move,Whitefield,2.0,1.0,95.0,1360.0,2.0
Plot  Area,Ready To Move,Bileshivale,5.0,3.0,400.0,6000.0,4.0
Super built-up  Area,Ready To Move,Kodigehaali,2.0,2.0,56.0,1117.0,2.0
Plot  Area,Ready To Move,KR Puram,4.0,3.0,120.0,1200.0,4.0
Super built-up  Area,Ready To Move,EPIP Zone,2.0,1.0,92.5,1330.0,2.0
Super built-up  Area,Ready To Move,Marathahalli,3.0,2.0,160.0,1937.0,3.0
Super built-up  Area,18-Aug,Electronic City,2.0,1.0,65.49,1128.0,2.0
Super built-up  Area,Ready To Move,Neeladri Nagar,2.0,1.0,45.0,1053.0,2.0
Super built-up  Area,18-May,Panathur,2.0,1.0,77.0,1198.0,2.0
Super built-up  Area,18-Apr,Marathahalli,2.0,1.0,56.0,1152.0,2.0
Super built-up  Area,17-Dec,1st Block Jayanagar,6.0,2.0,125.0,1200.0,6.0
Super built-up  Area,Ready To Move,Frazer Town,2.0,1.0,75.0,1625.0,2.0
Super built-up  Area,Ready To Move,Kundalahalli,3.0,3.0,105.0,1397.0,3.0
Super built-up  Area,Ready To Move,Yeshwanthpur,3.0,3.0,170.0,1523.0,3.0
Super built-up  Area,Ready To Move,Kambipura,2.0,1.0,45.0,883.0,2.0
Super built-up  Area,Ready To Move,Kaggalipura,1.0,0.0,38.0,700.0,1.0
Super built-up  Area,Ready To Move,Yelahanka,2.0,1.0,62.5,1170.0,2.0
Super built-up  Area,Ready To Move,Kanakpura Road,2.0,2.0,42.0,1200.0,3.0
Built-up  Area,Ready To Move,Manayata Tech Park,3.0,2.0,170.0,2400.0,3.0
Super built-up  Area,Ready To Move,Kullappa Colony,2.0,2.0,65.0,1480.0,2.0
Super built-up  Area,Ready To Move,Akshaya Nagar,3.0,2.0,120.0,1897.0,3.0
Super built-up  Area,Ready To Move,Rachenahalli,2.0,1.0,67.0,996.0,2.0
Super built-up  Area,18-May,Haralur Road,3.0,2.0,110.0,1875.0,3.0
Super built-up  Area,Ready To Move,Williams Town,2.0,2.0,98.0,1500.0,3.0
Super built-up  Area,Ready To Move,Jaya Nagar East,3.0,3.0,350.0,3095.0,3.0
Super built-up  Area,Ready To Move,Ambalipura,2.0,1.0,175.0,1390.0,3.0
Super built-up  Area,20-Dec,Yelahanka,3.0,0.0,65.255,1450.0,3.0
Super built-up  Area,17-Nov,Yelahanka,1.0,0.0,45.0,697.0,1.0
Built-up  Area,Ready To Move,Sarjapur  Road,1.0,1.0,27.0,710.0,1.0
Carpet  Area,Ready To Move,Iggalur,2.0,1.0,30.5,910.0,2.0
Built-up  Area,Ready To Move,Sompura,2.0,1.0,48.0,1025.0,3.0
Super built-up  Area,18-Aug,Magadi Road,2.0,0.0,46.5,1000.0,2.0
Plot  Area,Ready To Move,Harlur,4.0,2.0,244.0,1200.0,4.0
Super built-up  Area,18-May,Horamavu Agara,2.0,1.0,46.48,1453.0,3.0
Super built-up  Area,Ready To Move,Sarjapur  Road,5.0,2.0,300.0,3335.0,4.0
Super built-up  Area,18-Mar,Thanisandra,2.0,0.0,36.435,971.5,2.0
Super built-up  Area,Ready To Move,Bellandur,2.0,1.0,74.0,1281.0,2.0
Built-up  Area,Ready To Move,Cooke Town,1.0,1.0,35.0,565.0,1.0
Built-up  Area,Ready To Move,Varthur,2.0,2.0,42.0,1024.0,2.0
Built-up  Area,Ready To Move,Electronic City,3.0,2.0,62.0,1620.0,3.0
Super built-up  Area,Ready To Move,Whitefield,2.0,2.0,40.0,1254.0,2.0
Built-up  Area,Ready To Move,Banashankari,2.0,2.0,75.0,1300.0,3.0
Built-up  Area,Ready To Move,Doddakallasandra,2.0,2.0,43.0,1233.0,2.0
Plot  Area,Ready To Move,Chokkanahalli,1.0,1.0,28.0,1200.0,1.0
Super built-up  Area,18-Oct,Hosur Road,2.0,1.0,105.0,1510.0,3.0
Super built-up  Area,Ready To Move,Kaggalipura,2.0,1.0,65.0,950.0,2.0
Super built-up  Area,Ready To Move,Battarahalli,3.0,2.0,97.42,1945.0,3.0
Super built-up  Area,Ready To Move,Uttarahalli,2.0,3.0,45.0,1008.0,2.0
Super built-up  Area,Ready To Move,Thanisandra,2.0,1.0,79.0,1265.0,3.0
Super built-up  Area,19-Dec,Hebbal,2.0,1.0,77.68,1255.0,3.0
Built-up  Area,18-Dec,Kanakpura Road,6.0,2.0,220.0,2689.0,4.0
Built-up  Area,Ready To Move,Yelenahalli,2.0,2.0,46.17,1200.0,2.0
Super built-up  Area,19-Dec,Sarjapur  Road,3.0,3.0,51.63,1403.0,3.0
Super built-up  Area,Ready To Move,Kudlu Gate,3.0,2.0,85.0,1535.0,3.0
Plot  Area,Ready To Move,Chikkaballapur,3.0,3.0,100.0,1500.0,3.0
Super built-up  Area,Ready To Move,Chamrajpet,2.0,2.0,120.0,1475.0,3.0
Super built-up  Area,Ready To Move,Uttarahalli,2.0,2.0,60.47,1390.0,3.0
Super built-up  Area,Ready To Move,Raja Rajeshwari Nagar,2.0,1.0,53.76,1278.0,3.0
Super built-up  Area,Ready To Move,VGP Layout,2.0,2.0,55.0,1133.0,2.0
Plot  Area,Ready To Move,Classic Paradise Layout,5.0,1.0,145.0,1560.0,5.0
Plot  Area,Ready To Move,Byappanahalli,5.0,2.0,90.0,2900.0,5.0
Super built-up  Area,Ready To Move,Kogilu,2.0,1.0,51.99,1170.0,2.0
Plot  Area,Ready To Move,Sahakara Nagar,3.0,3.0,200.0,1200.0,3.0
Super built-up  Area,18-Dec,Whitefield,3.0,2.0,94.79,1697.0,3.0
Super built-up  Area,Ready To Move,Thanisandra,3.0,3.0,97.38,1651.0,3.0
Super built-up  Area,Ready To Move,Vasanth nagar,3.0,1.0,188.0,1560.0,3.0
Super built-up  Area,17-Apr,Hennur Road,2.0,1.0,60.0,1192.0,3.0
Built-up  Area,Ready To Move,OMBR Layout,2.0,3.0,65.0,1078.0,2.0
Plot  Area,Ready To Move,Kumaraswami Layout,7.0,3.0,105.0,800.0,7.0
Super built-up  Area,Ready To Move,Kasavanhalli,2.0,2.0,78.0,1349.0,2.0
Plot  Area,Ready To Move,Ulsoor,8.0,1.0,210.0,2300.0,9.0
Super built-up  Area,Ready To Move,7th Phase JP Nagar,3.0,2.0,120.0,1680.0,3.0
Super built-up  Area,Ready To Move,Rayasandra,2.0,2.0,63.0,1314.0,3.0
Super built-up  Area,Ready To Move,Garudachar Palya,2.0,1.0,48.7,1060.0,2.0
Built-up  Area,Ready To Move,Kalyan nagar,2.0,0.0,39.0,820.0,2.0
Plot  Area,Ready To Move,Whitefield,4.0,3.0,400.0,5000.0,4.0
Super built-up  Area,Ready To Move,BEML Layout,3.0,2.0,85.0,2000.0,3.0
Super built-up  Area,Ready To Move,Kalkere,2.0,3.0,40.0,856.0,2.0
Super built-up  Area,18-Feb,Rajaji Nagar,4.0,0.0,130.0,1621.0,3.0
Plot  Area,18-Dec,ITPL,3.0,1.0,68.4,1200.0,3.0
Super built-up  Area,Ready To Move,Bannerghatta Road,3.0,2.0,52.5,1484.0,3.0
Plot  Area,Ready To Move,T.C. Palya,5.0,2.0,60.0,600.0,4.0
Plot  Area,Ready To Move,Siddapura,3.0,2.0,800.0,14000.0,4.0
Super built-up  Area,Ready To Move,Yelahanka New Town,1.0,1.0,20.0,500.0,1.0
Super built-up  Area,Ready To Move,Makali,1.0,1.0,15.0,485.0,1.0
Super built-up  Area,Ready To Move,7th Phase JP Nagar,2.0,1.0,42.0,1050.0,2.0
Super built-up  Area,Ready To Move,Uttarahalli,3.0,3.0,66.68,1617.0,3.0
Built-up  Area,Ready To Move,Electronic City,1.0,1.0,16.0,550.0,2.0
Built-up  Area,Ready To Move,RWF West Colony,3.0,2.0,62.28,1384.0,3.0
Super built-up  Area,18-Apr,Devanahalli,2.0,2.0,85.0,1408.0,2.0
Built-up  Area,Ready To Move,Uttarahalli,2.0,1.0,49.0,1150.0,2.0
Super built-up  Area,Ready To Move,Akshaya Nagar,2.0,2.0,75.0,1410.0,3.0
Built-up  Area,Ready To Move,Kaggadasapura,4.0,1.0,100.0,2150.0,4.0
Super built-up  Area,Ready To Move,Koramangala,4.0,1.0,275.0,2292.0,3.0
Built-up  Area,Ready To Move,Malleshwaram,3.0,2.0,297.0,2006.0,3.0
Built-up  Area,Ready To Move,Maragondanahalli,3.0,2.0,70.25,1508.0,3.0
Built-up  Area,Ready To Move,Ramamurthy Nagar,2.0,2.0,50.0,1040.0,2.0
Plot  Area,Ready To Move,TC Palaya,2.0,1.0,60.0,1240.0,2.0
Super built-up  Area,Ready To Move,Kudlu Gate,3.0,1.0,78.0,1535.0,3.0
Built-up  Area,Ready To Move,Lakshminarayana Pura,2.0,2.0,75.0,1180.0,2.0
Built-up  Area,Ready To Move,Abbigere,6.0,2.0,68.0,2200.0,6.0
Super built-up  Area,Ready To Move,Bannerghatta Road,2.0,2.0,78.0,1400.0,2.0
Super built-up  Area,Ready To Move,Raja Rajeshwari Nagar,1.0,1.0,25.0,500.0,1.0
Plot  Area,Ready To Move,Whitefield,4.0,3.0,525.0,4800.0,4.0
Super built-up  Area,Ready To Move,Sarjapur  Road,4.0,1.0,146.0,1984.0,3.0
Plot  Area,Ready To Move,Whitefield,5.0,3.0,250.0,3000.0,4.0
Super built-up  Area,Ready To Move,Garudachar Palya,3.0,3.0,160.0,1960.0,3.0
Super built-up  Area,Ready To Move,Sarjapur  Road,2.0,1.0,45.0,1035.0,2.0
Built-up  Area,Ready To Move,Vibuthipura,4.0,1.0,80.0,2150.0,4.0
Built-up  Area,Ready To Move,Whitefield,3.0,2.0,115.0,1700.0,3.0
Super built-up  Area,Ready To Move,Hosakerehalli,5.0,1.0,248.0,3024.0,4.0
Super built-up  Area,21-Jan,Tumkur Road,3.0,1.0,100.0,1586.0,3.0
Built-up  Area,18-May,Hennur,2.0,2.0,155.0,2264.0,3.0
Plot  Area,Ready To Move,Chikka Tirupathi,4.0,1.0,120.0,2325.0,4.0
Super built-up  Area,Ready To Move,Yelahanka,2.0,2.0,55.0,1120.0,2.0
Super built-up  Area,18-Jun,Yelahanka,2.0,2.0,67.98,1662.0,3.0
Super built-up  Area,Ready To Move,Sarjapur  Road,2.0,2.0,59.0,1128.0,2.0
Plot  Area,Ready To Move,5th Block Hbr Layout,6.0,2.0,250.0,1200.0,6.0
Super built-up  Area,Ready To Move,Jigani,2.0,2.0,65.0,924.0,2.0
Super built-up  Area,Ready To Move,Suraksha Nagar,3.0,2.0,52.0,1600.0,3.0
Super built-up  Area,Ready To Move,Pai Layout,2.0,2.0,35.0,1006.0,2.0
Super built-up  Area,Ready To Move,Amruthahalli,2.0,2.0,55.0,1200.0,2.0
Super built-up  Area,20-Dec,Jalahalli West,2.0,1.0,62.0,1250.0,2.0
Plot  Area,Ready To Move,Defence Layout,3.0,1.0,130.0,1200.0,3.0
Built-up  Area,Ready To Move,Kannamangala,2.0,1.0,56.0,957.0,2.0
Super built-up  Area,Ready To Move,Whitefield,2.0,2.0,41.0,1140.0,2.0
Super built-up  Area,Ready To Move,Roopena Agrahara,2.0,1.0,67.0,1050.0,2.0
Super built-up  Area,Ready To Move,Kasturi Nagar,3.0,2.0,88.5,1565.0,3.0
Super built-up  Area,Ready To Move,Whitefield,2.0,3.0,57.0,1190.0,2.0
Built-up  Area,18-Jan,Whitefield,3.0,2.0,162.0,2842.0,3.0
Built-up  Area,Ready To Move,Kanakpura Road,2.0,2.0,65.0,1558.67,3.0
Super built-up  Area,Ready To Move,Electronics City Phase 1,1.0,1.0,39.0,630.0,1.0
Super built-up  Area,Ready To Move,Whitefield,2.0,2.0,60.81,1403.0,3.0
Super built-up  Area,Ready To Move,Kanakpura Road,2.0,3.0,85.0,1542.0,3.0
Built-up  Area,Ready To Move,Haralur Road,4.0,0.0,220.0,2750.0,4.0
Super built-up  Area,Ready To Move,Iblur Village,5.0,1.0,290.0,3596.0,4.0
Super built-up  Area,Ready To Move,Kengeri Satellite Town,2.0,2.0,78.0,1635.0,3.0
Super built-up  Area,Ready To Move,Mysore Road,2.0,1.0,53.0,1239.0,2.0
Super built-up  Area,Ready To Move,Haralur Road,2.0,2.0,47.0,1194.0,2.0
Super built-up  Area,Ready To Move,Dooravani Nagar,3.0,1.0,105.0,1596.0,3.0
Super built-up  Area,17-Nov,Channasandra,2.0,1.0,38.34,1009.0,2.0
Super built-up  Area,18-Jul,Hosa Road,3.0,2.0,81.99,1726.0,3.0
Super built-up  Area,Ready To Move,Kudlu Gate,3.0,2.0,86.0,1535.0,3.0
Super built-up  Area,Ready To Move,Banashankari Stage V,2.0,1.0,58.5,1300.0,3.0
Plot  Area,Ready To Move,Whitefield,4.0,2.0,465.0,3100.0,4.0
Super built-up  Area,Ready To Move,Coconut Garden,3.0,3.0,80.0,1800.0,3.0
Super built-up  Area,19-Dec,Binny Pete,1.0,0.0,50.75,665.0,1.0
Plot  Area,Ready To Move,Chamrajpet,7.0,1.0,1200.0,4050.0,9.0
Plot  Area,Ready To Move,TC Palaya,2.0,1.0,100.0,1500.0,3.0
Built-up  Area,Ready To Move,Kalkere,2.0,2.0,48.0,925.0,2.0
Super built-up  Area,18-Dec,Old Airport Road,4.0,2.0,251.0,3356.0,4.0
Super built-up  Area,Ready To Move,Gollahalli,2.0,1.0,63.59,1395.0,2.0
Super built-up  Area,Ready To Move,Sonnenahalli,2.0,1.0,55.0,1415.0,3.0
Super built-up  Area,Ready To Move,Begur,2.0,2.0,59.0,1419.0,3.0
Super built-up  Area,18-Feb,Kasavanhalli,2.0,2.0,78.0,1121.0,2.0
Super built-up  Area,Ready To Move,Kambipura,2.0,1.0,45.0,1082.0,3.0
Super built-up  Area,18-Jun,KR Puram,2.0,1.0,47.0,1100.0,2.0
Super built-up  Area,Ready To Move,Hoodi,3.0,3.0,89.55,1606.0,3.0
Built-up  Area,Ready To Move,Billekahalli,3.0,2.0,88.0,1650.0,3.0
Super built-up  Area,Ready To Move,D Souza Layout,4.0,3.0,1015.0,4634.0,3.0
Super built-up  Area,Ready To Move,Old Airport Road,2.0,3.0,75.0,1206.0,2.0
Built-up  Area,Ready To Move,Sarjapur  Road,2.0,0.0,64.0,1495.0,3.0
Plot  Area,Ready To Move,Malleshwaram,7.0,2.0,195.0,840.0,8.0
Super built-up  Area,Ready To Move,Electronic City,2.0,2.0,16.0,710.0,2.0
Super built-up  Area,Ready To Move,Balagere,2.0,1.0,72.0,1210.0,2.0
Super built-up  Area,Ready To Move,Nagarbhavi,2.0,2.0,53.4,1523.0,3.0
Super built-up  Area,Ready To Move,Whitefield,2.0,2.0,45.0,1232.0,2.0
Super built-up  Area,20-Aug,Rachenahalli,1.0,1.0,44.0,680.0,1.0
Super built-up  Area,19-Dec,Hebbal,3.0,1.0,83.87,1355.0,3.0
Super built-up  Area,Ready To Move,Thanisandra,2.0,2.0,51.46,1430.0,3.0
Super built-up  Area,18-Jun,Kothannur,2.0,2.0,43.85,1275.0,3.0
Super built-up  Area,Ready To Move,Electronic City,2.0,1.0,56.1,1070.0,2.0
Plot  Area,Ready To Move,Bettahalsoor,3.0,1.0,85.0,1200.0,3.0
Plot  Area,Ready To Move,Electronic City,4.0,0.0,120.0,2000.0,4.0
Super built-up  Area,Ready To Move,Bommanahalli,2.0,2.0,40.0,1200.0,2.0
Super built-up  Area,Ready To Move,Marathahalli,3.0,1.0,90.0,1610.0,3.0
Super built-up  Area,Ready To Move,Haralur Road,2.0,2.0,43.0,1140.0,2.0
Super built-up  Area,Ready To Move,Raja Rajeshwari Nagar,2.0,2.0,38.65,1143.0,2.0
Super built-up  Area,22-May,Jakkur,6.0,3.0,249.0,3467.86,4.0
Super built-up  Area,Ready To Move,Rachenahalli,2.0,2.0,74.4,1530.0,3.0
Super built-up  Area,Ready To Move,7th Phase JP Nagar,2.0,2.0,69.0,980.0,2.0
Super built-up  Area,Ready To Move,Whitefield,3.0,2.0,65.0,1485.0,3.0
Plot  Area,18-May,Whitefield,3.0,1.0,130.0,1500.0,3.0
Super built-up  Area,18-Oct,Whitefield,2.0,1.0,75.0,1280.0,2.0
Super built-up  Area,Ready To Move,Thanisandra,2.0,2.0,85.0,1265.0,2.0
Built-up  Area,20-Dec,"ECC Road, Whitefield, ",2.0,1.0,67.0,1132.0,2.0
Super built-up  Area,Ready To Move,Ashwath Nagar,2.0,2.0,63.0,1262.0,2.0
Super built-up  Area,Ready To Move,JP Nagar,2.0,1.0,49.0,940.0,2.0
Super built-up  Area,Ready To Move,Seetharampalya,3.0,3.0,88.0,1515.0,3.0
Super built-up  Area,Ready To Move,Jigani,3.0,3.0,150.0,1300.0,3.0
Built-up  Area,Ready To Move,Kothanur,3.0,1.0,69.0,1840.0,3.0
Built-up  Area,Ready To Move,Electronic City,2.0,2.0,45.0,890.0,2.0
Super built-up  Area,Ready To Move,Rukmaiah Layout,3.0,2.0,86.06,1655.0,3.0
Super built-up  Area,Ready To Move,Hennur Road,3.0,1.0,149.0,2060.0,3.0
Super built-up  Area,Ready To Move,Bommanahalli,3.0,1.0,96.0,1730.0,3.0
Built-up  Area,Ready To Move,Yelahanka,4.0,2.0,127.0,2195.0,3.0
Super built-up  Area,18-Mar,Kathriguppe,3.0,2.0,125.0,1650.0,3.0
Plot  Area,Ready To Move,KR Puram,2.0,0.0,71.0,1200.0,2.0
Super built-up  Area,18-May,Hosa Road,2.0,1.0,32.37,1079.0,2.0
Super built-up  Area,19-Oct,Panathur,2.0,1.0,36.0,1085.0,2.0
Built-up  Area,Ready To Move,Maruthi Sevanagar,7.0,2.0,299.0,5000.0,7.0
Super built-up  Area,Ready To Move,Yelahanka,2.0,1.0,51.5,1075.0,2.0
Super built-up  Area,18-May,Devanahalli Int. Airport,2.0,1.0,80.0,1380.0,2.0
Super built-up  Area,Ready To Move,Puttanahalli,3.0,1.0,65.0,1450.0,3.0
Super built-up  Area,Ready To Move,Thubarahalli,2.0,2.0,78.0,1200.0,2.0
Super built-up  Area,Ready To Move,Benson Town,4.0,2.0,350.0,3200.0,3.0
Super built-up  Area,21-Jul,Hoodi,3.0,1.0,98.32,1639.0,3.0
Super built-up  Area,Ready To Move,Jakkuru Layout,2.0,1.0,54.0,1200.0,2.0
Super built-up  Area,21-Jun,Vijayanagar,3.0,1.0,116.0,1739.0,3.0
Built-up  Area,Ready To Move,Palanahalli,5.0,2.0,500.0,4346.0,4.0
Super built-up  Area,20-Dec,Old Madras Road,2.0,1.0,32.72,935.0,2.0
Super built-up  Area,21-Nov, Thanisandra,1.0,1.0,25.25,510.0,1.0
Plot  Area,Ready To Move,Devasandra Extension,6.0,3.0,180.0,1200.0,6.0
Super built-up  Area,Ready To Move,Nagondanahalli,2.0,3.0,47.0,1178.0,2.0
Built-up  Area,Ready To Move,Chikkalasandra,2.0,1.0,50.0,1375.0,3.0
Super built-up  Area,Ready To Move,Chandapura,2.0,1.0,33.0,1065.0,3.0
Super built-up  Area,Ready To Move,2nd Phase Judicial Layout,2.0,1.0,50.75,1450.0,3.0
Built-up  Area,Ready To Move,BEML Layout,2.0,3.0,45.0,999.0,2.0
Super built-up  Area,Ready To Move,Amruthahalli,3.0,2.0,475.0,4400.0,2.0
Plot  Area,Ready To Move,Marathahalli,4.0,1.0,135.0,1350.0,5.0
Built-up  Area,Ready To Move,Kothannur,2.0,2.0,40.0,1100.0,2.0
Super built-up  Area,Ready To Move,Koramangala,2.0,3.0,155.0,1835.0,3.0
Super built-up  Area,20-Dec,Hoodi,4.0,0.0,95.1,2090.0,4.0
Super built-up  Area,Ready To Move,Lingadheeranahalli,3.0,1.0,93.0,1519.0,3.0
Built-up  Area,Ready To Move,Dommasandra,3.0,2.0,56.0,1267.0,3.0
Super built-up  Area,Ready To Move,Sanjay nagar,2.0,3.0,72.2,1150.0,2.0
Super built-up  Area,19-Dec,Marathahalli,2.0,1.0,70.0,1146.0,2.0
Plot  Area,18-Feb,1st Block HRBR Layout,7.0,0.0,235.0,1200.0,8.0
Built-up  Area,Ready To Move,Kannamangala,3.0,3.0,65.0,1550.0,3.0
Built-up  Area,Ready To Move,Chandapura,1.0,1.0,18.5,850.0,2.0
Super built-up  Area,Ready To Move,Richmond Town,3.0,2.0,187.0,2200.0,3.0
Built-up  Area,Ready To Move,"Sarjapur Road, ",3.0,2.0,330.0,3329.0,3.0
Carpet  Area,Ready To Move,Electronics City Phase 1,1.0,1.0,55.0,785.0,1.0
Super built-up  Area,Ready To Move,Hebbal Kempapura,4.0,2.0,300.0,2900.0,3.0
Built-up  Area,Ready To Move,Raja Rajeshwari Nagar,3.0,2.0,74.0,1610.0,3.0
Super built-up  Area,Ready To Move,Bellandur,2.0,2.0,40.0,921.0,2.0
Plot  Area,Ready To Move,Kengeri Satellite Town,3.0,2.0,95.0,850.0,3.0
Built-up  Area,Ready To Move,Bannerghatta Road,5.0,0.0,158.0,2700.0,5.0
Super built-up  Area,Ready To Move,Sarjapur  Road,3.0,3.0,110.0,1700.0,3.0
Built-up  Area,Ready To Move,Sarjapur,2.0,2.0,35.0,1020.0,2.0
Super built-up  Area,Ready To Move,Billekahalli,2.0,3.0,52.0,1090.0,2.0
Plot  Area,Ready To Move,Bagalur Main Road,4.0,2.0,300.0,3600.0,4.0
Super built-up  Area,Ready To Move,Haralur Road,2.0,2.0,44.0,1027.0,2.0
Super built-up  Area,Ready To Move,Thanisandra,2.0,2.0,42.1,1185.0,2.0
Super built-up  Area,Ready To Move,Doddathoguru,2.0,1.0,25.0,850.0,2.0
Built-up  Area,Ready To Move,Harlur,2.0,1.0,84.0,1197.0,2.0
Super built-up  Area,Ready To Move,Byadarahalli,3.0,3.0,450.0,3500.0,4.0
Super built-up  Area,Ready To Move,Poorna Pragna Layout,2.0,2.0,39.55,920.0,2.0
Super built-up  Area,Ready To Move,Chamrajpet,9.0,1.0,296.0,7706.9524,9.0
Super built-up  Area,Ready To Move,Raja Rajeshwari Nagar,2.0,1.0,65.0,1105.0,2.0
Super built-up  Area,Ready To Move,Yeshwanthpur,3.0,3.0,100.0,1850.0,3.0
Super built-up  Area,20-Dec,Judicial Layout,3.0,1.0,64.0,1300.0,3.0
Built-up  Area,Ready To Move,"Varthur Road, ",3.0,2.0,76.0,1595.0,3.0
Super built-up  Area,19-Dec,Kodihalli,5.0,2.0,696.0,3073.0,4.0
Built-up  Area,Ready To Move,Horamavu Agara,2.0,1.0,37.49,755.0,2.0
Built-up  Area,Ready To Move,Nagasandra,5.0,2.0,140.0,4050.0,5.0
Super built-up  Area,21-Dec,Kanakpura Road,2.0,3.0,69.0,1300.0,3.0
Built-up  Area,Ready To Move,Bannerghatta Road,2.0,0.0,50.0,1215.0,2.0
Super built-up  Area,20-Oct,Kanakpura Road,2.0,1.0,46.0,900.0,2.0
Super built-up  Area,18-Oct,Banashankari Stage III,2.0,3.0,58.4,1145.0,2.0
Super built-up  Area,Ready To Move,Chikka Banaswadi,2.0,2.0,65.0,1093.0,2.0
Super built-up  Area,17-Nov,Babusapalaya,2.0,2.0,41.39,1213.0,3.0
Super built-up  Area,Ready To Move,Bannerghatta Road,3.0,2.0,100.0,1654.0,3.0
Super built-up  Area,Ready To Move,NGR Layout,2.0,1.0,52.48,1105.0,2.0
Super built-up  Area,Ready To Move,Babusapalaya,2.0,2.0,66.0,1611.0,3.0
Built-up  Area,Ready To Move,Outer Ring Road East,2.0,2.0,62.0,1367.0,2.0
Super built-up  Area,Ready To Move,Devanahalli,2.0,1.0,51.0,1010.0,2.0
Plot  Area,Ready To Move,Kavika Layout,2.0,1.0,75.0,750.0,3.0
Carpet  Area,Ready To Move,Vinayaka Nagar,3.0,1.0,95.0,1535.0,3.0
Super built-up  Area,Ready To Move,Anekal,2.0,1.0,22.0,620.0,2.0
Built-up  Area,Ready To Move,Horamavu Agara,2.0,1.0,47.65,982.0,2.0
Super built-up  Area,Ready To Move,Banashankari Stage II,2.0,2.0,150.0,1700.0,2.0
Super built-up  Area,18-Dec,Whitefield,2.0,1.0,71.0,1330.0,2.0
Built-up  Area,Ready To Move,JP Nagar,3.0,2.0,135.0,2500.0,3.0
Super built-up  Area,Ready To Move,Poorna Pragna Layout,2.0,2.0,58.99,1475.0,3.0
Super built-up  Area,Ready To Move,Bhoganhalli,3.0,1.0,65.0,1410.0,3.0
Super built-up  Area,Ready To Move,Yelahanka New Town,1.0,1.0,16.5,440.0,1.0
Super built-up  Area,Ready To Move,Yelahanka,3.0,2.0,95.0,1614.0,3.0
Super built-up  Area,Ready To Move,Neeladri Nagar,2.0,2.0,68.0,1363.0,2.0
Built-up  Area,Ready To Move,Kogilu,2.0,0.0,28.0,650.0,2.0
Super built-up  Area,Ready To Move,Dodda Kempaiah Layout,2.0,1.0,45.0,1015.0,2.0
Super built-up  Area,Ready To Move,Horamavu Banaswadi,2.0,2.0,46.0,1156.0,2.0
Super built-up  Area,19-Mar,Hennur Busstop,2.0,1.0,62.7,1100.0,2.0
Super built-up  Area,18-Jan,KR Puram,3.0,2.0,46.0,1455.0,3.0
Super built-up  Area,Ready To Move,GB Palya,2.0,1.0,45.0,930.0,2.0
Built-up  Area,Ready To Move,AMS Layout,2.0,2.0,80.0,1650.0,3.0
Built-up  Area,Ready To Move,KR Puram,2.0,0.0,90.0,1200.0,2.0
Plot  Area,Ready To Move,9th Block Jayanagar,1.0,0.0,150.0,700.0,1.0
Super built-up  Area,Ready To Move,Karuna Nagar,3.0,2.0,135.0,2900.0,4.0
Super built-up  Area,18-Mar,Kadugodi,4.0,3.0,127.0,1890.0,3.0
Super built-up  Area,Ready To Move,Ashwathnagar,4.0,3.0,280.0,2197.0,3.0
Super built-up  Area,Ready To Move,Hebbal Kempapura,3.0,2.0,380.0,3522.0,3.0
Super built-up  Area,18-Apr,Gaurava Nagar,2.0,2.0,46.0,1240.0,3.0
Built-up  Area,Ready To Move,HRBR Layout,2.0,2.0,98.0,1440.0,2.0
Super built-up  Area,Ready To Move,Kodichikkanahalli,1.0,2.0,38.0,650.0,1.0
Super built-up  Area,19-Jun,Budigere,1.0,1.0,32.0,764.0,1.0
Plot  Area,Ready To Move,Sector 7 HSR Layout,4.0,0.0,90.0,900.0,5.0
Super built-up  Area,Ready To Move,Raja Rajeshwari Nagar,3.0,3.0,57.39,1693.0,3.0
Built-up  Area,Ready To Move,Hoodi,3.0,2.0,65.0,1445.0,3.0
Super built-up  Area,21-Oct,Kanakpura Road,1.0,0.0,45.0,900.0,2.0
Super built-up  Area,Ready To Move,Singasandra,2.0,2.0,55.0,1030.0,2.0
Super built-up  Area,Ready To Move,Yelahanka,2.0,2.0,52.48,1381.0,3.0
Built-up  Area,Ready To Move,Basapura,2.0,1.0,60.0,1100.0,2.0
Super built-up  Area,Ready To Move,Hoodi,3.0,2.0,66.39,1575.0,3.0
Plot  Area,Ready To Move,Thigalarapalya,2.0,1.0,65.0,1200.0,2.0
Super built-up  Area,Ready To Move,Begur Road,2.0,2.0,43.2,1200.0,2.0
Super built-up  Area,Ready To Move,Kasturi Nagar,2.0,2.0,80.0,1080.0,2.0
Plot  Area,Ready To Move,Hebbal Kempapura,5.0,2.0,200.0,2280.0,5.0
Super built-up  Area,18-Mar,Akshaya Nagar,2.0,2.0,85.0,1360.0,3.0
Super built-up  Area,19-Dec,Jakkur,3.0,1.0,124.0,1865.0,3.0
Super built-up  Area,18-Nov,Sarjapur  Road,2.0,1.0,75.0,1157.0,3.0
Super built-up  Area,Ready To Move,Kammasandra,2.0,1.0,29.0,674.0,2.0
Super built-up  Area,Ready To Move,Whitefield,2.0,1.0,78.0,1405.0,3.0
Super built-up  Area,Ready To Move,Begur Road,2.0,2.0,44.08,1160.0,2.0
Plot  Area,Ready To Move,Kengeri Satellite Town ( BDA SITE),3.0,1.0,172.0,1600.0,4.0
Super built-up  Area,21-Mar,Hebbal,3.0,2.0,127.0,1790.0,3.0
Super built-up  Area,18-May,Electronic City,2.0,1.0,65.65,1128.0,2.0
Super built-up  Area,Ready To Move,Panathur,2.0,1.0,70.0,1180.0,2.0
Built-up  Area,Ready To Move,AGS Layout,2.0,2.0,85.0,1450.0,3.0
Built-up  Area,18-Mar,Kengeri,1.0,1.0,10.0,340.0,1.0
Built-up  Area,Ready To Move,Srinagar,3.0,1.0,166.0,2000.0,4.0
Super built-up  Area,Ready To Move,Rachenahalli,2.0,2.0,53.5,1050.0,2.0
Super built-up  Area,Ready To Move,Varthur,2.0,2.0,40.0,1125.0,2.0
Super built-up  Area,Ready To Move,Vittasandra,2.0,1.0,68.0,1246.0,2.0
Super built-up  Area,Ready To Move,HSR Layout,2.0,1.0,61.0,1372.0,2.0
Super built-up  Area,Ready To Move,Uttarahalli,2.0,1.0,56.0,1330.0,3.0
Super built-up  Area,19-Dec,Binny Pete,5.0,2.0,234.0,2465.0,3.0
Super built-up  Area,Ready To Move,Dasarahalli,2.0,3.0,55.0,1300.0,2.0
Plot  Area,Ready To Move,Brigade Road,1.0,0.0,220.0,1420.0,2.0
Plot  Area,Ready To Move,Bannerghatta,4.0,1.0,50.0,810.0,4.0
Super built-up  Area,Ready To Move,Channasandra,2.0,1.0,35.0,1065.0,2.0
Built-up  Area,Ready To Move,Hessarghatta,2.0,0.0,27.0,700.0,2.0
Carpet  Area,18-Mar,Hebbal,2.0,0.0,42.72,687.325,2.0
Super built-up  Area,Ready To Move,Belathur,2.0,1.0,45.0,1050.0,2.0
Super built-up  Area,18-Apr,Maruthi HBCS Layout,3.0,3.0,39.5,1250.0,3.0
Built-up  Area,Ready To Move,Electronic City,2.0,0.0,42.0,865.0,2.0
Super built-up  Area,Ready To Move,Uttarahalli,2.0,2.0,44.0,1200.0,2.0
Built-up  Area,Ready To Move,Srirampura,3.0,3.0,100.0,1756.0,3.0
Plot  Area,Ready To Move,Malleshwaram,8.0,2.0,150.0,750.0,9.0
Super built-up  Area,Ready To Move,Yelahanka,1.0,1.0,24.0,628.0,1.0
Plot  Area,Ready To Move,9th Phase JP Nagar,6.0,2.0,195.0,1200.0,7.0
Super built-up  Area,Ready To Move,5th Phase JP Nagar,2.0,2.0,63.0,1207.0,2.0
Super built-up  Area,Ready To Move,Kalena Agrahara,3.0,1.0,125.0,1765.0,3.0
Built-up  Area,18-Dec,Electronic City,2.0,1.0,32.64,1130.0,2.0
Super built-up  Area,18-Jun,Devanahalli Road,3.0,3.0,92.0,1532.0,3.0
Built-up  Area,Ready To Move,Ejipura,3.0,0.0,110.0,1650.0,3.0
Built-up  Area,18-May,Horamavu Banaswadi,4.0,2.0,105.0,1200.0,4.0
Carpet  Area,18-Dec,Bhoganhalli,2.0,1.0,69.09,804.1,2.0
Super built-up  Area,18-Apr,Doddathoguru,2.0,2.0,75.0,1200.0,2.0
Super built-up  Area,Ready To Move,Kengeri,2.0,2.0,50.0,1197.0,2.0
Built-up  Area,Ready To Move,Green Woods Layout,2.0,2.0,66.0,1200.0,2.0
Super built-up  Area,Ready To Move,Uttarahalli,2.0,2.0,48.48,1385.0,3.0
Super built-up  Area,Ready To Move,Craig Park Layout,2.0,3.0,148.0,1010.0,2.0
Super built-up  Area,Ready To Move,Whitefield,3.0,3.0,115.0,2225.0,3.0
Super built-up  Area,Ready To Move,Immadihalli,2.0,2.0,48.0,1180.0,2.0
Super built-up  Area,Ready To Move,Banagiri Nagar,2.0,3.0,122.0,1525.0,3.0
Super built-up  Area,Ready To Move,Ananth Nagar,2.0,2.0,31.5,1100.0,2.0
Super built-up  Area,Ready To Move,Hiremath Layout,3.0,3.0,70.0,1435.0,3.0
Built-up  Area,Ready To Move,Attibele,1.0,1.0,14.0,400.0,1.0
Super built-up  Area,Ready To Move,Dommasandra,2.0,2.0,50.0,1200.0,2.0
Super built-up  Area,21-Mar,Whitefield,2.0,1.0,95.05,1272.0,2.0
Super built-up  Area,Ready To Move,Whitefield,2.0,1.0,39.0,1205.0,2.0
Built-up  Area,Ready To Move,Kalena Agrahara,2.0,1.0,40.0,980.0,2.0
Super built-up  Area,18-May,Malleshpalya,2.0,2.0,46.86,1225.0,2.0
Built-up  Area,Ready To Move,Whitefield,3.0,1.0,72.0,1541.0,3.0
Super built-up  Area,Ready To Move,Ramagondanahalli,2.0,2.0,111.0,1610.0,3.0
Super built-up  Area,Ready To Move,Jalahalli,2.0,2.0,125.0,1694.0,2.0
Plot  Area,Ready To Move,Jnanabharathi Layout,3.0,2.0,75.0,600.0,3.0
Super built-up  Area,Ready To Move,Kaggalipura,2.0,1.0,39.0,950.0,2.0
Super built-up  Area,Ready To Move,Muneshwara Nagar,2.0,3.0,66.0,1560.0,3.0
Super built-up  Area,Ready To Move,Chandapura,2.0,2.0,27.0,1201.0,2.0
Plot  Area,Ready To Move,Chandapura,2.0,1.0,60.0,1500.0,2.0
Super built-up  Area,Ready To Move,Malleshpalya,3.0,2.0,75.0,1785.0,3.0
Built-up  Area,Ready To Move,Raja Rajeshwari Nagar,2.0,1.0,63.53,1258.0,2.0
Super built-up  Area,Ready To Move,Electronic City,2.0,2.0,42.0,910.0,2.0
Super built-up  Area,Ready To Move,Thigalarapalya,2.0,2.0,112.0,1297.0,2.0
Super built-up  Area,Ready To Move,Kundalahalli,2.0,3.0,49.0,1291.0,2.0
Built-up  Area,Ready To Move,Chikkasandra,2.0,2.0,42.0,1070.0,2.0
Super built-up  Area,Ready To Move,Varthur,2.0,1.0,66.5,1012.0,2.0
Super built-up  Area,Ready To Move,Mahadevpura,2.0,3.0,57.6,1260.0,2.0
Super built-up  Area,Ready To Move,Sarjapur  Road,2.0,2.0,72.0,1282.0,2.0
Super built-up  Area,Ready To Move,Kanakpura Road,3.0,2.0,92.15,1843.0,3.0
Plot  Area,Ready To Move,Bharath Housing Society Layout,3.0,2.0,200.0,2400.0,4.0
Built-up  Area,Ready To Move,Chikka Tirupathi,5.0,2.0,105.0,3356.0,5.0
Super built-up  Area,19-Mar,Hebbal,5.0,3.0,198.0,2790.0,4.0
Super built-up  Area,Ready To Move,EPIP Zone,2.0,1.0,86.98,1330.0,2.0
Super built-up  Area,Ready To Move,Konanakunte,2.0,1.0,73.0,1400.0,3.0
Built-up  Area,18-Dec,Whitefield,2.0,1.0,71.0,1192.0,2.0
Built-up  Area,Ready To Move,3rd Block Jayanagar,2.0,1.0,130.0,1000.0,2.0
Super built-up  Area,Ready To Move,Thigalarapalya,2.0,2.0,103.0,1297.0,2.0
Super built-up  Area,19-Jul,Sarjapur  Road,1.0,0.0,17.835,615.0,1.0
Super built-up  Area,21-Jun,Vijayanagar,3.0,2.0,100.0,1490.0,3.0
Super built-up  Area,Ready To Move,Rayasandra,3.0,2.0,72.0,1373.0,3.0
Super built-up  Area,Ready To Move,7th Phase JP Nagar,2.0,1.0,41.39,1035.0,2.0
Plot  Area,Ready To Move,Kadugodi,4.0,0.0,210.0,3750.0,4.0
Super built-up  Area,Ready To Move,Doddakallasandra,2.0,1.0,40.39,1010.0,2.0
Built-up  Area,Ready To Move,Sarjapur,2.0,1.0,42.0,1195.0,2.0
Super built-up  Area,Ready To Move,HSR Layout,3.0,2.0,95.0,1750.0,3.0
Super built-up  Area,Ready To Move,Malleshpalya,2.0,2.0,50.0,1052.0,2.0
Super built-up  Area,Ready To Move,Horamavu Banaswadi,2.0,2.0,58.0,1180.0,2.0
Built-up  Area,Ready To Move,Padmanabhanagar,4.0,2.0,440.0,3680.0,5.0
Built-up  Area,Ready To Move,Hormavu,3.0,2.0,73.0,2100.0,3.0
Built-up  Area,18-Mar,Hoodi,4.0,1.0,140.0,2863.0,4.0
Super built-up  Area,Ready To Move,Raja Rajeshwari Nagar,2.0,2.0,38.24,1128.0,2.0
Built-up  Area,Ready To Move,Ulsoor,3.0,1.0,450.0,2700.0,3.0
Super built-up  Area,18-Jul,JP Nagar,2.0,2.0,33.6,1120.0,2.0
Built-up  Area,Ready To Move,HSR Layout,3.0,2.0,90.0,2424.0,3.0
Built-up  Area,Ready To Move,Manjunatha Layout,2.0,1.0,60.0,1300.0,2.0
Super built-up  Area,Ready To Move,Kanakapura,2.0,2.0,32.69,1090.0,2.0
Built-up  Area,Ready To Move,Yelahanka,3.0,1.0,251.0,2710.0,3.0
Plot  Area,Ready To Move,Konanakunte Cross,1.0,1.0,180.0,3040.0,2.0
Super built-up  Area,Ready To Move,Uttarahalli,2.0,2.0,46.55,1330.0,3.0
Super built-up  Area,18-Jul,Hosur Road,2.0,1.0,80.63,1427.0,3.0
Super built-up  Area,18-Aug,Banjara Layout,2.0,2.0,48.0,1294.0,3.0
Built-up  Area,Ready To Move,Begur,3.0,2.0,75.0,1580.0,3.0
Plot  Area,Ready To Move,Uttarahalli,5.0,1.0,200.0,400.0,5.0
Plot  Area,Ready To Move,Chikka Tirupathi,4.0,2.0,80.27,1808.0,3.0
Super built-up  Area,Ready To Move,Rajaji Nagar,4.0,3.0,540.0,3516.0,4.0
Super built-up  Area,Ready To Move,Parappana Agrahara,2.0,2.0,47.0,1194.0,2.0
Super built-up  Area,21-Dec,Kanakpura Road,2.0,1.0,46.0,900.0,2.0
Super built-up  Area,Ready To Move,Abbaiah Reddy Layout,2.0,3.0,50.0,1310.0,3.0
Super built-up  Area,21-Oct,Kanakpura Road,2.0,1.0,46.0,900.0,2.0
Built-up  Area,Ready To Move,Singasandra,6.0,3.0,195.0,3850.0,4.0
Plot  Area,Ready To Move,Kogilu,7.0,3.0,88.0,925.0,7.0
Super built-up  Area,16-Dec,Yelachenahalli,1.0,1.0,150.0,2400.0,2.0
Super built-up  Area,Ready To Move,Koramangala,2.0,3.0,100.0,1290.0,2.0
Built-up  Area,Ready To Move,Yelahanka,6.0,3.0,110.0,3770.0,6.0
Super built-up  Area,Ready To Move,Lakshmi Layout,3.0,1.0,120.0,1390.0,3.0
Plot  Area,Ready To Move,Tavarekere,4.0,2.0,72.0,1200.0,4.0
Built-up  Area,Ready To Move,Bisuvanahalli,2.0,1.0,33.0,845.0,2.0
Super built-up  Area,Ready To Move,Yelahanka,3.0,3.0,120.0,1537.0,3.0
Super built-up  Area,Ready To Move,Immadihalli,2.0,2.0,68.0,1135.0,2.0
Super built-up  Area,19-Dec,Hoodi,3.0,2.0,75.77,1512.0,3.0
Super built-up  Area,Ready To Move,Srinivasa Nagar,2.0,1.0,55.0,900.0,2.0
Super built-up  Area,Ready To Move,Jigani,3.0,3.0,54.0,1230.0,3.0
Super built-up  Area,18-Apr,Thirumenahalli,2.0,3.0,42.33,1378.0,3.0
Super built-up  Area,17-Oct,Whitefield,2.0,1.0,61.3,1277.0,2.0
Super built-up  Area,19-Jun,Hebbal,4.0,2.0,189.0,1985.0,3.0
Plot  Area,Ready To Move,Kengeri,5.0,2.0,500.0,8000.0,5.0
Super built-up  Area,Ready To Move,KPC Layout,2.0,2.0,62.0,1210.0,2.0
Super built-up  Area,Ready To Move,Yelahanka,2.0,2.0,40.0,890.0,2.0
Plot  Area,Ready To Move,JP Nagar,9.0,0.0,360.0,2550.0,9.0
Plot  Area,Ready To Move,Sarjapur,5.0,2.0,110.0,1200.0,4.0
Built-up  Area,Ready To Move,Ardendale,4.0,3.0,200.0,3198.0,4.0
Super built-up  Area,Ready To Move,HOSUR MAIN ROAD,3.0,2.0,56.0,1464.0,3.0
Super built-up  Area,Ready To Move,Hebbal,5.0,2.0,215.0,2483.0,4.0
Plot  Area,Ready To Move,Begur,4.0,2.0,130.0,1550.0,4.0
Super built-up  Area,Ready To Move,Sarjapur  Road,4.0,1.0,310.0,4111.0,4.0
Super built-up  Area,Ready To Move,Electronic City,2.0,2.0,37.5,975.0,2.0
Super built-up  Area,Ready To Move,Nandi Durga Road,3.0,1.0,250.0,2500.0,3.0
Super built-up  Area,Ready To Move,Rajiv Nagar,3.0,1.0,125.0,1690.0,3.0
Super built-up  Area,18-May,Hosa Road,2.0,1.0,31.89,1063.0,2.0
Plot  Area,Ready To Move,Cooke Town,3.0,3.0,390.0,2572.0,3.0
Carpet  Area,Ready To Move,Kumara Park,4.0,2.0,350.0,2200.0,3.0
Built-up  Area,Ready To Move,Daadys Gaarden Layout,3.0,0.0,80.0,1600.0,3.0
Super built-up  Area,18-May,Maruthi Nagar,3.0,1.0,39.5,1250.0,3.0
Super built-up  Area,Ready To Move,Bommanahalli,1.0,0.0,19.5,520.0,1.0
Super built-up  Area,Ready To Move,Marathahalli,5.0,2.0,212.0,4000.0,4.0
Built-up  Area,Ready To Move,Munnekollal,3.0,2.0,68.0,1390.0,3.0
Super built-up  Area,18-May,Whitefield,2.0,2.0,40.0,1185.0,2.0
Super built-up  Area,Ready To Move,Sahakara Nagar,2.0,2.0,48.0,1219.0,2.0
Super built-up  Area,18-Dec,Kudlu Gate,2.0,1.0,92.0,1564.0,3.0
Super built-up  Area,Ready To Move,Sarjapur  Road,6.0,0.0,228.5,3430.0,4.0
Super built-up  Area,Ready To Move,Hosa Road,2.0,2.0,37.1,1100.0,2.0
Built-up  Area,Ready To Move,Kothannur,2.0,0.0,60.0,1300.0,3.0
Plot  Area,Ready To Move,Chikkabanavar,2.0,0.0,80.0,1600.0,3.0
Built-up  Area,Ready To Move,Ramamurthy Nagar,3.0,2.0,75.0,1600.0,3.0
Super built-up  Area,19-Mar,Hennur Road,2.0,1.0,92.0,1482.0,3.0
Plot  Area,18-May,Marsur,4.0,3.0,66.0,1000.0,3.0
Super built-up  Area,Ready To Move,Shampura,2.0,3.0,53.0,1200.0,2.0
Plot  Area,Ready To Move,Gubbalala,3.0,2.0,75.0,600.0,3.0
Super built-up  Area,Ready To Move,Kengeri,2.0,0.0,58.0,1200.0,2.0
Plot  Area,Ready To Move,Kereguddadahalli,4.0,0.0,60.0,600.0,6.0
Built-up  Area,Ready To Move,Nagarbhavi,3.0,0.0,160.0,2400.0,3.0
Super built-up  Area,19-Dec,Marathahalli,3.0,1.0,89.0,1469.0,3.0
Super built-up  Area,22-Mar,Kanakapura,1.0,1.0,30.0,551.0,1.0
Super built-up  Area,19-Dec,Electronics City Phase 1,2.0,1.0,52.0,1160.0,2.0
Super built-up  Area,Ready To Move,Balagere,2.0,1.0,78.5,1205.0,2.0
Built-up  Area,Ready To Move,Kasavanhalli,2.0,3.0,52.0,1550.0,3.0
Super built-up  Area,Ready To Move,Gubbalala,3.0,2.0,125.0,1745.0,3.0
Super built-up  Area,Ready To Move,AECS Layout,2.0,1.0,42.0,1028.0,2.0
Super built-up  Area,Ready To Move,Frazer Town,3.0,1.0,180.0,1700.0,3.0
Super built-up  Area,Ready To Move,Karuna Nagar,2.0,1.0,34.0,1200.0,3.0
Super built-up  Area,Ready To Move,Kodihalli,4.0,1.0,270.0,2700.0,3.0
Built-up  Area,Ready To Move,Kallumantapa,2.0,2.0,50.0,1100.0,2.0
Plot  Area,Ready To Move,Ramamurthy Nagar,3.0,1.0,72.0,1200.0,2.0
Super built-up  Area,Ready To Move,Kaverappa Layout,2.0,2.0,68.0,1269.72,2.0
Super built-up  Area,Ready To Move,Electronic City Phase II,2.0,2.0,59.0,1266.0,2.0
Super built-up  Area,Ready To Move,Mysore Road,2.0,1.0,62.0,1060.0,2.0
Plot  Area,Ready To Move,Malimakanapura,3.0,0.0,70.0,1168.0,3.0
Super built-up  Area,Ready To Move,Medahalli,2.0,1.0,51.0,1552.0,2.0
Super built-up  Area,18-May,Talaghattapura,3.0,0.0,120.0,2038.5,3.0
Super built-up  Area,Ready To Move,Attibele,1.0,1.0,17.0,500.0,1.0
Super built-up  Area,Ready To Move,Hulimavu,2.0,2.0,43.2,1080.0,2.0
Plot  Area,Ready To Move,Kattigenahalli,4.0,2.0,155.0,2100.0,4.0
Super built-up  Area,Ready To Move,Rustam Bagh Layout,2.0,2.0,65.0,1300.0,2.0
Built-up  Area,Ready To Move,Electronics City Phase 1,2.0,2.0,33.0,920.0,2.0
Plot  Area,Ready To Move,New Thippasandra,2.0,1.0,120.0,817.0,4.0
Built-up  Area,Ready To Move,Harlur,2.0,1.0,50.0,1310.0,2.0
Super built-up  Area,Ready To Move,Horamavu Agara,2.0,1.0,75.0,1650.0,3.0
Super built-up  Area,Ready To Move,Garden Layout,3.0,3.0,93.93,1515.0,3.0
Super built-up  Area,18-Dec,Raja Rajeshwari Nagar,2.0,1.0,53.8,1157.0,2.0
Super built-up  Area,Ready To Move,Viswapriyanagar.begur Road.bommanahalli.,5.0,1.0,85.0,2400.0,4.0
Super built-up  Area,Ready To Move,Konanakunte,4.0,3.0,160.0,3000.0,4.0
Super built-up  Area,Ready To Move,Basavangudi,2.0,1.0,162.0,2200.0,3.0
Built-up  Area,19-Dec,"Hoodi Circle, ",2.0,1.0,58.0,1243.0,2.0
Super built-up  Area,Ready To Move,Rachenahalli,2.0,2.0,74.39,1530.0,3.0
Super built-up  Area,Ready To Move,Judicial Layout,3.0,3.0,162.0,2070.0,3.0
Built-up  Area,Ready To Move,Yelahanka,3.0,2.0,82.0,1815.0,3.0
Super built-up  Area,Ready To Move,Sarjapur  Road,4.0,3.0,300.0,3900.0,4.0
Super built-up  Area,18-Aug,Electronic City Phase II,2.0,1.0,28.88,1000.0,2.0
Super built-up  Area,18-May,Ananth Nagar,2.0,2.0,24.55,982.0,2.0
Super built-up  Area,Ready To Move,Hennur Road,2.0,2.0,89.0,1232.0,2.0
Super built-up  Area,19-Dec,Binny Pete,3.0,2.0,178.0,1282.0,3.0
Super built-up  Area,Ready To Move,Yelahanka,1.0,1.0,38.4,654.0,1.0
Built-up  Area,Ready To Move,Bannerghatta Road,2.0,0.0,55.0,1181.0,2.0
Super built-up  Area,Ready To Move,Bisuvanahalli,2.0,1.0,45.0,1075.0,3.0
Plot  Area,Ready To Move,2nd Stage Nagarbhavi,4.0,2.0,245.0,1200.0,4.0
Super built-up  Area,Ready To Move,T K Reddy Layout,3.0,1.0,75.0,1616.0,3.0
Built-up  Area,Ready To Move,Herohalli,6.0,0.0,44.5,1800.0,5.0
Plot  Area,Ready To Move,Kumbena Agrahara,4.0,1.0,135.0,1200.0,6.0
Super built-up  Area,20-Dec,Whitefield,3.0,2.0,54.65,1306.0,3.0
Super built-up  Area,Ready To Move,Whitefield,3.0,3.0,89.0,1626.0,3.0
Built-up  Area,Ready To Move,"Pai layout , Mahadevapura",4.0,2.0,214.0,2700.0,6.0
Super built-up  Area,Ready To Move,Whitefield,3.0,2.0,88.0,1585.0,3.0
Super built-up  Area,Ready To Move,7th Phase JP Nagar,2.0,1.0,56.17,1370.0,2.0
Plot  Area,Ready To Move,Whitefield,5.0,3.0,900.0,3250.0,5.0
Super built-up  Area,Ready To Move,Kanakpura Road,2.0,2.0,90.0,1495.0,2.0
Super built-up  Area,Ready To Move,frazertown,3.0,2.0,210.0,2000.0,3.0
Plot  Area,Ready To Move,Akshayanagara East,4.0,1.0,300.0,2400.0,5.0
Plot  Area,Ready To Move,Bannerghatta,3.0,0.0,57.0,1375.0,3.0
Super built-up  Area,Ready To Move,Old Madras Road,6.0,0.0,224.5,3715.0,4.0
Built-up  Area,Ready To Move,Kereguddadahalli,2.0,2.0,48.0,1400.0,3.0
Super built-up  Area,Ready To Move,Kadugodi,5.0,0.0,135.0,1100.0,5.0
Super built-up  Area,21-Dec,Whitefield,2.0,2.0,28.585,665.0,1.0
Plot  Area,Ready To Move,Hebbal Kempapura,4.0,2.0,215.0,1200.0,4.0
Super built-up  Area,Ready To Move,Yelahanka,2.0,2.0,46.0,1150.0,2.0
Super built-up  Area,Ready To Move,Hebbal,2.0,1.0,54.0,1080.0,2.0
Super built-up  Area,Ready To Move,Kaikondrahalli,3.0,2.0,100.0,1645.0,3.0
Super built-up  Area,Ready To Move,Doddanekundi,3.0,3.0,176.0,1760.0,3.0
Built-up  Area,Ready To Move,Venkatadri Layout,1.0,1.0,42.0,595.0,1.0
Plot  Area,Ready To Move,Bommenahalli,3.0,1.0,125.0,1200.0,3.0
Super built-up  Area,18-Dec,JP Nagar,4.0,0.0,314.5,4624.5,4.0
Built-up  Area,Ready To Move,Mahaganapathy Nagar,2.0,3.0,67.0,1410.0,2.0
Built-up  Area,18-Dec,Huskur,2.0,1.0,31.48,1090.0,2.0
Plot  Area,Ready To Move,Ramagondanahalli,1.0,0.0,30.0,540.0,1.0
Super built-up  Area,Ready To Move,Sarjapur  Road,2.0,2.0,60.0,1300.0,2.0
Built-up  Area,Ready To Move,9th Phase JP Nagar,2.0,2.0,85.0,1890.0,3.0
Super built-up  Area,Ready To Move,Belathur,2.0,1.0,53.0,1254.0,2.0
Built-up  Area,Ready To Move,Kattigenahalli,7.0,2.0,125.0,2800.0,7.0
Built-up  Area,Ready To Move,Ulsoor,2.0,2.0,120.0,1275.0,2.0
Super built-up  Area,Ready To Move,Kathriguppe,2.0,2.0,68.48,1245.0,3.0
Built-up  Area,Ready To Move,Rustam Bagh Layout,2.0,2.0,86.0,1170.0,2.0
Super built-up  Area,18-Apr,Panathur,2.0,1.0,86.0,1193.0,2.0
Super built-up  Area,18-Dec,Chandapura,2.0,1.0,25.4,850.0,2.0
Super built-up  Area,Ready To Move,Marathahalli,3.0,3.0,70.0,1678.0,3.0
Built-up  Area,Ready To Move,Gunjur,3.0,3.0,75.0,1600.0,3.0
Super built-up  Area,Ready To Move,Electronics City Phase 1,3.0,2.0,84.0,1750.0,3.0
Super built-up  Area,18-Nov,Whitefield,2.0,2.0,62.0,1125.0,2.0
Plot  Area,Ready To Move,Andrahalli,4.0,3.0,235.0,2200.0,4.0
Plot  Area,Ready To Move,Singena Agrahara,3.0,1.0,95.0,16145.849999999999,3.0
Built-up  Area,Ready To Move,HBR Layout,2.0,0.0,200.0,2800.0,3.0
Plot  Area,Ready To Move,R.T. Nagar,2.0,1.0,120.0,1200.0,2.0
Built-up  Area,Ready To Move,Vittal Nagar,2.0,1.0,50.0,1000.0,2.0
Built-up  Area,Ready To Move,Sadashiva Nagar,5.0,2.0,480.0,2780.0,4.0
Built-up  Area,18-Dec,Electronic City Phase II,2.0,1.0,38.13,1320.0,3.0
Super built-up  Area,Ready To Move,2Electronic City Phase II,27.0,0.0,230.0,8000.0,27.0
Super built-up  Area,Ready To Move,Ardendale,4.0,2.0,160.0,2422.0,4.0
Built-up  Area,Ready To Move,Kasavanhalli,2.0,1.0,50.0,1100.0,2.0
Built-up  Area,Ready To Move,Uttarahalli,2.0,1.0,30.0,882.0,2.0
Super built-up  Area,Ready To Move,Bisuvanahalli,2.0,1.0,37.0,845.0,2.0
Super built-up  Area,Ready To Move,Kambipura,2.0,1.0,39.0,883.0,2.0
Super built-up  Area,Ready To Move,Thanisandra,2.0,2.0,48.145,776.5,1.0
Super built-up  Area,Ready To Move,Brookefield,3.0,3.0,88.0,1595.0,3.0
Built-up  Area,Ready To Move,Whitefield,2.0,0.0,85.0,1280.0,2.0
Built-up  Area,Ready To Move,3rd Block Banashankari,2.0,1.0,550.0,1700.0,4.0
Super built-up  Area,Ready To Move,Bhuvaneshwari Nagar,2.0,0.0,35.0,920.0,2.0
Super built-up  Area,Ready To Move,Choodasandra,2.0,3.0,57.0,1300.0,2.0
Super built-up  Area,Ready To Move,Shanthala Nagar,1.0,0.0,230.0,1450.0,2.0
Super built-up  Area,Ready To Move,Harlur,3.0,2.0,132.0,1757.0,3.0
Super built-up  Area,Ready To Move,Anekal,1.0,1.0,16.5,600.0,1.0
Built-up  Area,Ready To Move,Jnanabharathi Layout,3.0,2.0,142.0,2400.0,4.0
Super built-up  Area,Ready To Move,Sarjapur,2.0,1.0,44.0,1240.0,2.0
Plot  Area,Ready To Move,Kadarenahalli,10.0,2.0,90.0,750.0,10.0
Super built-up  Area,18-Feb,EPIP Zone,2.0,1.0,93.36,1330.0,2.0
Super built-up  Area,Ready To Move,8th Phase JP Nagar,2.0,1.0,42.47,1062.0,2.0
Built-up  Area,Ready To Move,JP Nagar,2.0,2.0,45.0,1078.0,2.0
Super built-up  Area,Ready To Move,Bannerghatta Road,2.0,2.0,72.0,1460.0,3.0
Plot  Area,18-Dec,Whitefield,3.0,2.0,68.5,1200.0,3.0
Super built-up  Area,Ready To Move,Laggere,1.0,1.0,48.0,1200.0,1.0
Super built-up  Area,Ready To Move,Kammasandra,2.0,1.0,39.0,912.0,3.0
Super built-up  Area,19-Mar,Hosa Road,3.0,1.0,115.0,1535.0397790000002,3.0
Plot  Area,Ready To Move,Victoria Layout,5.0,1.0,625.0,2400.0,5.0
Plot  Area,Ready To Move,Prithvi Layout,4.0,3.0,162.0,2028.0,4.0
Super built-up  Area,19-Apr,Mysore Road,2.0,1.0,45.47,980.0,2.0
Built-up  Area,Ready To Move,Sarjapur  Road,2.0,2.0,40.0,1000.0,2.0
Super built-up  Area,Ready To Move,Sarjapur  Road,2.0,1.0,62.0,1050.0,2.0
Built-up  Area,18-Dec,Bannerghatta,3.0,1.0,239.0,2611.0,3.0
Super built-up  Area,Ready To Move,Domlur,2.0,2.0,150.0,1875.0,3.0
Super built-up  Area,Ready To Move,Hennur Road,2.0,1.0,42.6,1065.0,2.0
Built-up  Area,Ready To Move,Sanjay nagar,3.0,2.0,180.0,1800.0,3.0
Super built-up  Area,Ready To Move,Sector 7 HSR Layout,2.0,2.0,98.86,1163.0,2.0
Super built-up  Area,Ready To Move,Tumkur Road,2.0,1.0,72.0,1098.0,2.0
Built-up  Area,Ready To Move,5th Phase JP Nagar,2.0,2.0,100.0,1725.0,3.0
Plot  Area,Ready To Move,Whitefield,4.0,2.0,330.0,4000.0,4.0
Super built-up  Area,Ready To Move,Thubarahalli,2.0,2.0,75.0,1128.0,2.0
Plot  Area,Ready To Move,Subramanyanagar,6.0,2.0,200.0,1320.0,8.0
Super built-up  Area,Ready To Move,Yelahanka,3.0,1.0,74.16,1705.0,3.0
Super built-up  Area,Ready To Move,Thigalarapalya,2.0,2.0,95.0,1418.0,2.0
Built-up  Area,Ready To Move,Ramamurthy Nagar,3.0,1.0,160.0,1500.0,3.0
Built-up  Area,Ready To Move,Hebbal,2.0,2.0,50.0,1100.0,2.0
Super built-up  Area,Ready To Move,KUDLU MAIN ROAD,3.0,2.0,56.0,1464.0,3.0
Super built-up  Area,18-May,Hebbal,2.0,2.0,55.0,812.0,2.0
Super built-up  Area,19-Dec,Binny Pete,2.0,2.0,204.0,2817.5,4.0
Super built-up  Area,Ready To Move,Doddanekundi,2.0,2.0,40.0,1280.0,2.0
Super built-up  Area,Ready To Move,Whitefield,2.0,2.0,136.0,1420.0,2.0
Plot  Area,Ready To Move,1 Ramamurthy Nagar,11.0,0.0,170.0,1200.0,11.0
Plot  Area,Ready To Move,Kadugondanahalli,6.0,2.0,66.0,727.0,6.0
Plot  Area,Ready To Move,Banashankari Stage II,2.0,1.0,150.0,1200.0,4.0
Super built-up  Area,18-May,Old Airport Road,4.0,2.0,207.0,2774.0,4.0
Super built-up  Area,Ready To Move,5th Stage BEML Layout,3.0,2.0,85.0,2000.0,3.0
Super built-up  Area,Ready To Move,HBR Layout,3.0,2.0,95.0,1722.0,3.0
Super built-up  Area,Ready To Move,Indira Nagar,3.0,1.0,330.0,2800.0,3.0
Carpet  Area,Ready To Move,Jaya Mahal layout,3.0,3.0,175.0,1650.0,3.0
Built-up  Area,Ready To Move,BSM Extension,2.0,2.0,27.0,840.0,2.0
Built-up  Area,Ready To Move,Jigani,2.0,2.0,47.0,914.0,2.0
Super built-up  Area,19-Mar,Hennur Road,2.0,2.0,83.73,1482.0,3.0
Super built-up  Area,17-Dec,Kundalahalli,3.0,2.0,127.0,1724.0,3.0
Super built-up  Area,Ready To Move,Vijinapura,3.0,3.0,91.86,1670.0,3.0
Super built-up  Area,Ready To Move,Banaswadi,2.0,3.0,53.0,1184.0,2.0
Super built-up  Area,Ready To Move,Kodigehaali,2.0,1.0,55.0,1200.0,2.0
Plot  Area,Ready To Move,TC Palaya,2.0,0.0,65.0,1200.0,2.0
Super built-up  Area,Ready To Move,Jigani,2.0,2.0,55.0,927.0,2.0
Super built-up  Area,Ready To Move,P&T Layout,2.0,3.0,39.7,1242.0,2.0
Built-up  Area,18-Aug,Electronic City Phase II,3.0,1.0,35.23,1220.0,3.0
Built-up  Area,Ready To Move,Electronic City,2.0,1.0,75.0,1360.0,3.0
Plot  Area,Ready To Move,Brookefield,4.0,2.0,240.0,2800.0,4.0
Super built-up  Area,Ready To Move,7th Phase JP Nagar,2.0,2.0,72.0,1180.0,2.0
Super built-up  Area,Ready To Move,Whitefield,3.0,2.0,108.0,1697.0,3.0
Super built-up  Area,Ready To Move,Yelahanka New Town,2.0,1.0,26.0,550.0,2.0
Super built-up  Area,Ready To Move,Hennur,2.0,1.0,57.0,1225.0,2.0
Super built-up  Area,Ready To Move,Byrasandra,2.0,2.0,55.0,1690.0,3.0
Plot  Area,18-Apr,SBM Colony,10.0,2.0,475.0,1660.0,10.0
Super built-up  Area,Ready To Move,Veerannapalya,3.0,2.0,57.0,1488.0,3.0
Built-up  Area,Ready To Move,Chowdeshwari Layout,2.0,1.0,80.0,1250.0,3.0
Super built-up  Area,Ready To Move,JP Nagar,1.0,1.0,44.0,1050.0,1.0
Super built-up  Area,Ready To Move,HSR Layout,2.0,2.0,44.0,1027.0,2.0
Super built-up  Area,21-May,Kanakpura Road,3.0,3.0,81.94,1699.0,3.0
Built-up  Area,Ready To Move,Whitefield,2.0,2.0,58.0,1205.0,2.0
Plot  Area,Ready To Move,Mathikere Extension,2.0,1.0,67.5,712.0,4.0
Super built-up  Area,18-Feb,Horamavu Agara,2.0,3.0,39.0,950.0,2.0
Plot  Area,Ready To Move,TC Palaya,2.0,0.0,70.0,1200.0,2.0
Super built-up  Area,Ready To Move,Akshaya Nagar,3.0,1.0,120.0,1476.0,3.0
Built-up  Area,Ready To Move,CV Raman Nagar,2.0,1.0,55.0,1070.0,2.0
Super built-up  Area,Ready To Move,EPIP Zone,4.0,2.0,172.0,2160.0,3.0
Super built-up  Area,Ready To Move,Sector 2 HSR Layout,2.0,1.0,75.0,1296.0,2.0
Built-up  Area,Ready To Move,Chikkalasandra,1.0,1.0,128.0,1800.0,2.0
Super built-up  Area,Ready To Move,Kanakpura Road,3.0,3.0,64.5,1570.0,3.0
Super built-up  Area,Ready To Move,Koramangala,2.0,3.0,110.0,1300.0,2.0
Built-up  Area,Ready To Move,Sarjapur,2.0,2.0,65.0,1550.0,4.0
Super built-up  Area,Ready To Move,Electronic City,1.0,1.0,40.0,770.0,2.0
Built-up  Area,Ready To Move,Jalahalli,3.0,2.0,110.0,1870.0,3.0
Plot  Area,Ready To Move,Anantapura,4.0,2.0,160.0,1650.0,3.0
Super built-up  Area,Ready To Move,Domlur,3.0,3.0,86.0,1429.0,3.0
Super built-up  Area,17-Nov,Babusapalaya,2.0,2.0,39.98,1167.0,3.0
Super built-up  Area,18-May,Bommasandra,2.0,1.0,41.73,1035.0,2.0
Super built-up  Area,Ready To Move,Kengeri,2.0,2.0,38.0,1188.0,3.0
Plot  Area,Ready To Move,2nd Stage Nagarbhavi,4.0,2.0,285.0,1200.0,5.0
Plot  Area,Ready To Move,Sarjapur,3.0,1.0,76.0,14166.0,3.0
Super built-up  Area,Ready To Move,Nagarbhavi,2.0,2.0,36.0,884.0,1.0
Super built-up  Area,Ready To Move,Haralur Road,2.0,2.0,46.0,1194.0,2.0
Super built-up  Area,19-Dec,Hoodi,2.0,1.0,60.87,1026.0,2.0
Plot  Area,Ready To Move,Shivaji Nagar,6.0,3.0,200.0,1400.0,7.0
Super built-up  Area,Ready To Move,Kaikondrahalli,2.0,2.0,50.0,1115.0,2.0
Plot  Area,Ready To Move,Hebbal Kempapura,2.0,1.0,125.0,1200.0,2.0
Super built-up  Area,18-Dec,Old Airport Road,4.0,3.0,191.0,2690.0,4.0
Super built-up  Area,Ready To Move,Subramanyapura,2.0,1.0,58.0,975.0,2.0
Plot  Area,Ready To Move,Hosa Road,3.0,2.0,72.5,675.0,3.0
Super built-up  Area,Ready To Move,Chamrajpet,2.0,1.0,170.0,1900.0,4.0
Plot  Area,17-Dec,Banashankari,3.0,1.0,100.0,600.0,3.0
Super built-up  Area,Ready To Move,OMBR Layout,2.0,2.0,65.5,1101.0,2.0
Super built-up  Area,Ready To Move,Sarjapur  Road,3.0,3.0,135.0,1700.0,3.0
Super built-up  Area,Ready To Move,Whitefield,4.0,2.0,312.0,3606.0,4.0
Super built-up  Area,Ready To Move,Padmanabhanagar,2.0,2.0,115.0,1258.0,2.0
Carpet  Area,Ready To Move,Kanakpura Road,3.0,2.0,92.0,1560.0,3.0
Super built-up  Area,Ready To Move,Old Madras Road,6.0,1.0,195.0,3630.0,4.0
Built-up  Area,Ready To Move,JP Nagar,3.0,2.0,250.0,2000.0,3.0
Super built-up  Area,19-Jun,Hebbal,4.0,3.0,198.0,2790.0,4.0
Super built-up  Area,20-Jan,Badavala Nagar,2.0,2.0,94.55,1494.0,3.0
Super built-up  Area,18-Oct,Hennur Road,2.0,1.0,87.0,1482.0,3.0
Super built-up  Area,Ready To Move,Rustam Bagh Layout,2.0,3.0,50.0,800.0,2.0
Super built-up  Area,Ready To Move,Raja Rajeshwari Nagar,2.0,2.0,47.39,1185.0,2.0
Super built-up  Area,Ready To Move,Hulimavu,2.0,2.0,71.5,1100.0,2.0
Built-up  Area,Ready To Move,NRI Layout,2.0,0.0,120.0,1300.0,2.0
Super built-up  Area,Ready To Move,4th Block Koramangala,2.0,2.0,150.0,1225.0,2.0
Super built-up  Area,Ready To Move,Hulimavu,3.0,2.0,65.0,1758.0,3.0
Super built-up  Area,Ready To Move,Banaswadi,2.0,2.0,55.0,1145.0,2.0
Built-up  Area,Ready To Move,Hormavu,2.0,2.0,50.0,1180.0,2.0
Super built-up  Area,Ready To Move,Belatur,2.0,2.0,58.0,1260.0,2.0
Super built-up  Area,19-Jun,Yelahanka,2.0,2.0,173.0,3461.0,4.0
Built-up  Area,Ready To Move,Arekere,2.0,2.0,55.0,1190.0,2.0
Super built-up  Area,Ready To Move,Sarjapur  Road,3.0,2.0,119.0,1691.0,3.0
Super built-up  Area,18-Dec,Lalbagh Road,4.0,3.0,367.0,3675.0,4.0
Built-up  Area,Ready To Move,Frazer Town,3.0,2.0,95.45,1305.0,3.0
Super built-up  Area,18-Apr,Basavangudi,4.0,3.0,292.0,2337.0,3.0
Plot  Area,Ready To Move,Kamakya Layout,2.0,2.0,150.0,1200.0,2.0
Super built-up  Area,20-Dec,Domlur,2.0,1.0,217.0,1206.0,2.0
Plot  Area,Ready To Move,Vignana Nagar,4.0,1.0,130.0,1350.0,5.0
Super built-up  Area,Ready To Move,Kogilu,2.0,1.0,50.66,1140.0,2.0
Super built-up  Area,Ready To Move,Nallurhalli,2.0,2.0,65.0,1250.0,2.0
Plot  Area,Ready To Move,Kamakshipalya,2.0,1.0,60.0,600.0,3.0
Super built-up  Area,18-Aug,Chinnapanahalli,2.0,2.0,48.0,1225.0,2.0
Built-up  Area,Ready To Move,Kereguddadahalli,2.0,2.0,28.0,800.0,2.0
Super built-up  Area,Ready To Move,Jalahalli East,2.0,1.0,58.0,1020.0,2.0
Built-up  Area,Ready To Move,TC Palaya,2.0,1.0,50.0,2100.0,4.0
Plot  Area,Ready To Move,Lingarajapuram,2.0,1.0,80.0,1350.0,2.0
Super built-up  Area,Ready To Move,Anekal,2.0,1.0,40.0,925.0,2.0
Built-up  Area,Ready To Move,Yelachenahalli,3.0,1.0,220.0,1800.0,4.0
Built-up  Area,Ready To Move,3rd Block HBR Layout,3.0,1.0,100.0,2000.0,3.0
Built-up  Area,Ready To Move,Frazer Town,2.0,1.0,75.0,1510.0,3.0
Plot  Area,Ready To Move,Kasavanhalli,7.0,2.0,1200.0,5800.0,5.0
Super built-up  Area,Ready To Move,Laxmi Sagar Layout,3.0,1.0,110.0,1614.0,3.0
Plot  Area,Ready To Move,Yeshwanthpur,2.0,1.0,130.0,682.0,3.0
Plot  Area,Ready To Move,Gottigere,2.0,0.0,95.0,1200.0,2.0
Plot  Area,Ready To Move,TC Palaya,2.0,0.0,55.0,900.0,2.0
Built-up  Area,Ready To Move,Bommenahalli,3.0,0.0,145.0,1632.0,4.0
Super built-up  Area,Ready To Move,OMBR Layout,2.0,2.0,65.5,1041.0,2.0
Built-up  Area,Ready To Move,7th Phase JP Nagar,7.0,2.0,450.0,5080.0,6.0
Super built-up  Area,18-Jul,Bannerghatta,6.0,2.0,250.0,3012.0,4.0
Super built-up  Area,Ready To Move,Marathahalli,3.0,2.0,74.5,1530.0,3.0
Super built-up  Area,Ready To Move,Sector 2 HSR Layout,2.0,2.0,135.0,1450.0,3.0
Super built-up  Area,Ready To Move,Bannerghatta Road,2.0,2.0,75.0,1200.0,2.0
Plot  Area,Ready To Move,Sahakara Nagar,4.0,2.0,130.0,1200.0,4.0
Super built-up  Area,Ready To Move,Hosur Road,2.0,1.0,110.0,1508.0,3.0
Built-up  Area,Ready To Move,New Gurappana Palya,7.0,3.0,106.0,600.0,7.0
Super built-up  Area,Ready To Move,Dodda Nekkundi Extension,2.0,3.0,73.0,1188.0,2.0
Super built-up  Area,18-May,Old Airport Road,4.0,3.0,199.0,2690.0,4.0
Super built-up  Area,Ready To Move,Harlur,2.0,1.0,76.0,1174.0,2.0
Super built-up  Area,19-Dec,Old Madras Road,3.0,1.0,58.99,1350.0,3.0
Super built-up  Area,Ready To Move,Frazer Town,3.0,3.0,185.0,1870.0,3.0
Super built-up  Area,18-Jun,Kengeri Satellite Town,2.0,1.0,25.0,1072.0,2.0
Plot  Area,Ready To Move,Nelamangala,2.0,1.0,140.0,52272.0,3.0
Super built-up  Area,18-Nov,Kengeri,2.0,1.0,31.0,726.0,2.0
Super built-up  Area,Ready To Move,Hosur Road,2.0,2.0,106.0,1345.0,2.0
Super built-up  Area,Ready To Move,Begur Road,2.0,2.0,45.0,1200.0,2.0
Built-up  Area,Ready To Move,Nagavarapalya,2.0,0.0,37.0,980.0,2.0
Super built-up  Area,Ready To Move,Hormavu,2.0,1.0,77.0,1050.0,2.0
Super built-up  Area,Ready To Move,Uttarahalli,2.0,1.0,39.71,993.0,2.0
Super built-up  Area,Ready To Move,7th Phase JP Nagar,2.0,2.0,52.0,1300.0,3.0
Super built-up  Area,Ready To Move,Vittasandra,3.0,2.0,85.0,1743.0,3.0
Plot  Area,Ready To Move,Whitefield,4.0,1.0,125.0,1204.0,4.0
Plot  Area,Ready To Move,Hormavu,2.0,0.0,67.0,1200.0,2.0
Super built-up  Area,Ready To Move,2nd Block Hrbr Layout,3.0,2.0,90.0,1480.0,3.0
Super built-up  Area,Ready To Move,Sarjapur,2.0,2.0,32.5,950.0,2.0
Built-up  Area,Ready To Move,Domlur,1.0,0.0,55.0,640.0,1.0
Super built-up  Area,18-Jul,Electronic City Phase II,2.0,1.0,44.0,972.0,2.0
Super built-up  Area,Ready To Move,Marathahalli,3.0,3.0,98.0,1840.0,3.0
Super built-up  Area,Ready To Move,Electronic City,2.0,1.0,64.0,1128.0,2.0
Plot  Area,Ready To Move,Hongasandra,2.0,0.0,42.0,680.0,2.0
Plot  Area,Ready To Move,Harappanahalli,2.0,1.0,95.0,2400.0,2.0
Built-up  Area,Ready To Move,Basapura,2.0,2.0,42.0,1045.0,2.0
Built-up  Area,Ready To Move,Roopena Agrahara,2.0,3.0,53.55,955.0,2.0
Super built-up  Area,Ready To Move,Doddakallasandra,2.0,2.0,54.39,1360.0,3.0
Super built-up  Area,Ready To Move,BTM Layout,2.0,2.0,63.0,1150.0,2.0
Built-up  Area,19-Mar,Hennur Road,4.0,3.0,294.0,3450.0,4.0
Super built-up  Area,18-Oct,Chennammana Kere,2.0,2.0,56.87,1115.0,2.0
Super built-up  Area,Ready To Move,Jigani,2.0,2.0,46.0,920.0,2.0
Super built-up  Area,18-Jun,Bommasandra Industrial Area,2.0,1.0,41.0,1030.0,2.0
Super built-up  Area,Ready To Move,Thanisandra,3.0,1.0,101.0,1564.0,3.0
Super built-up  Area,Ready To Move,Uttarahalli,2.0,1.0,45.0,1045.0,2.0
Plot  Area,Ready To Move,Hegde Nagar,4.0,1.0,83.0,1200.0,4.0
Built-up  Area,Ready To Move,Subramanyapura,2.0,2.0,55.0,1277.0,2.0
Super built-up  Area,Ready To Move,Kanaka Nagar,3.0,1.0,215.0,2479.13,3.0
Super built-up  Area,Ready To Move,Sarjapur  Road,3.0,2.0,140.0,1846.0,3.0
Built-up  Area,Ready To Move,Tasker Town,2.0,0.0,106.0,1100.0,2.0
Super built-up  Area,Ready To Move,Govindpura,3.0,2.0,75.0,1690.0,3.0
Plot  Area,17-Jul,Hormavu,3.0,0.0,70.0,1200.0,2.0
Built-up  Area,Ready To Move,Yelahanka,4.0,0.0,131.0,3042.0,4.0
Super built-up  Area,Ready To Move,Rajaji Nagar,3.0,3.0,223.0,1640.0,3.0
Built-up  Area,19-Mar,NR Colony,2.0,1.0,40.05,1068.0,2.0
Super built-up  Area,Ready To Move,Kanakpura Road,2.0,2.0,58.0,1135.0,2.0
Super built-up  Area,Ready To Move,Agara Village,3.0,2.0,120.0,1925.0,3.0
Super built-up  Area,Ready To Move,Begur Road,3.0,2.0,60.0,1615.0,3.0
Super built-up  Area,Ready To Move,Shettigere,1.0,1.0,26.0,650.0,1.0
Plot  Area,Ready To Move,Chikkasandra,9.0,3.0,120.0,1200.0,9.0
Super built-up  Area,Ready To Move,Kaggadasapura,2.0,3.0,42.0,1150.0,2.0
Plot  Area,Ready To Move,Kothannur,6.0,1.0,135.0,930.0,6.0
Super built-up  Area,18-Mar,Kenchanehalli R R Nagar,2.0,2.0,45.12,1410.0,3.0
Built-up  Area,Ready To Move,6th Phase JP Nagar,2.0,0.0,100.0,600.0,3.0
Super built-up  Area,18-Apr,Kumara Park,3.0,3.0,207.0,2000.0,3.0
Super built-up  Area,Ready To Move,Tumkur Road,3.0,1.0,90.0,1354.0,3.0
Plot  Area,Ready To Move,BEL Road,2.0,0.0,110.0,1050.0,2.0
Built-up  Area,Ready To Move,Arekere,1.0,1.0,28.0,600.0,1.0
Plot  Area,Ready To Move,Varthur,2.0,1.0,110.0,1320.0,4.0
Super built-up  Area,18-May,Koramangala,3.0,2.0,88.0,1600.0,3.0
Built-up  Area,Ready To Move,Kanakpura Road,6.0,2.0,225.0,3500.0,4.0
Super built-up  Area,Ready To Move,GM Palaya,2.0,1.0,36.0,1000.0,2.0
Super built-up  Area,Ready To Move,Byagadadhenahalli,3.0,1.0,38.0,1130.0,3.0
Super built-up  Area,Ready To Move,Vittasandra,2.0,1.0,67.0,1238.0,2.0
Super built-up  Area,Ready To Move,Ashwathnagar,2.0,3.0,305.0,2204.0,3.0
Plot  Area,Ready To Move,KR Puram,12.0,2.0,110.0,1200.0,8.0
Super built-up  Area,18-Apr,Kudlu Gate,2.0,3.0,46.38,1364.0,3.0
Built-up  Area,Ready To Move,Srinivasa Nagar,2.0,1.0,45.0,900.0,2.0
Super built-up  Area,Ready To Move,Gubbalala,3.0,2.0,104.0,1745.0,3.0
Super built-up  Area,Ready To Move,Kogilu,2.0,1.0,53.33,1200.0,2.0
Super built-up  Area,Ready To Move,Kanakapura,2.0,1.0,42.83,1020.0,2.0
Super built-up  Area,18-Dec,Banashankari Stage III,3.0,2.0,118.0,1650.0,3.0
Super built-up  Area,Ready To Move,Doddabommasandra,2.0,3.0,70.0,1550.0,3.0
Super built-up  Area,Ready To Move,5th Phase JP Nagar,2.0,2.0,60.0,1440.0,2.0
Super built-up  Area,Ready To Move,Sarjapura - Attibele Road,2.0,2.0,45.95,1329.0,3.0
Super built-up  Area,Ready To Move,Maruthi Layout,2.0,1.0,42.0,916.0,2.0
Super built-up  Area,Ready To Move,Hulimavu,1.0,2.0,50.0,688.0,1.0
Super built-up  Area,Ready To Move,Sree Narayana Nagar,3.0,3.0,50.0,1358.0,3.0
Super built-up  Area,19-Jul,Kanakpura Road,2.0,1.0,107.0,1331.0,2.0
Super built-up  Area,Ready To Move,Malleshwaram,1.0,1.0,62.5,686.0,1.0
Super built-up  Area,Ready To Move,Hoodi,2.0,2.0,50.0,1050.0,2.0
Super built-up  Area,Ready To Move,Talaghattapura,3.0,2.0,126.0,2106.0,3.0
Super built-up  Area,18-Jul,Bhoganhalli,3.0,2.0,90.2,1718.0,3.0
Super built-up  Area,Ready To Move,Raja Rajeshwari Nagar,3.0,2.0,57.0,1530.0,3.0
Super built-up  Area,Ready To Move,5th Block Hbr Layout,2.0,2.0,56.0,1206.0,2.0
Built-up  Area,Ready To Move,Hebbal,2.0,3.0,52.0,1075.0,2.0
Plot  Area,18-Dec,Sarjapur  Road,3.0,1.0,95.0,1200.0,3.0
Super built-up  Area,18-Dec,Tunganagara,2.0,2.0,54.21,1936.0,3.0
Super built-up  Area,Ready To Move,Nagavara,3.0,3.0,120.0,2172.65,4.0
Super built-up  Area,Ready To Move,Sahakara Nagar,2.0,2.0,75.0,1100.0,3.0
Plot  Area,Ready To Move,BTM 2nd Stage,5.0,1.0,185.0,1260.0,3.0
Plot  Area,Ready To Move,Hongasandra,12.0,0.0,120.0,990.0,8.0
Plot  Area,Ready To Move,Jalahalli East,2.0,1.0,80.0,800.0,3.0
Super built-up  Area,Ready To Move,Sarjapur  Road,2.0,3.0,29.99,1117.0,2.0
Built-up  Area,Ready To Move,Remco Bhel Layout,2.0,1.0,110.0,1685.0,3.0
Super built-up  Area,Ready To Move,CV Raman Nagar,2.0,1.0,37.0,740.0,2.0
Plot  Area,Ready To Move,Chamrajpet,4.0,2.0,250.0,1080.0,4.0
Plot  Area,Ready To Move,Magadi Road,2.0,2.0,93.0,1500.0,4.0
Super built-up  Area,Ready To Move,Banashankari,3.0,2.0,115.0,1800.0,3.0
Super built-up  Area,Ready To Move,Yelachenahalli,3.0,2.0,130.0,1700.0,3.0
Built-up  Area,Ready To Move,Uttarahalli,2.0,2.0,37.93,850.0,2.0
Super built-up  Area,Ready To Move,Hennur Road,3.0,1.0,139.0,1891.0,3.0
Built-up  Area,Ready To Move,Jalahalli,1.0,1.0,80.0,1400.0,2.0
Super built-up  Area,Ready To Move,Lakshminarayana Pura,2.0,2.0,82.0,1172.0,2.0
Super built-up  Area,18-May,Electronic City Phase II,2.0,2.0,40.43,1400.0,3.0
Built-up  Area,Ready To Move,Sonnenahalli,2.0,1.0,43.75,896.0,2.0
Super built-up  Area,20-Jun,Vijayanagar,2.0,2.0,65.0,1180.0,2.0
Plot  Area,Ready To Move,Basaveshwara Nagar,7.0,1.0,350.0,2460.0,7.0
Built-up  Area,Ready To Move,Chokkasandra,2.0,1.0,33.0,850.0,2.0
Super built-up  Area,19-Oct,Anekal,1.0,1.0,18.0,530.0,1.0
Super built-up  Area,18-Jul,2nd Block Hrbr Layout,3.0,3.0,110.0,1550.0,3.0
Super built-up  Area,19-Dec,Kanakapura,3.0,3.0,97.0,1699.0,3.0
Super built-up  Area,17-Oct,Bellandur,4.0,3.0,109.0,2025.0,4.0
Super built-up  Area,18-Jun,Ananth Nagar,2.0,2.0,14.0,500.0,1.0
Built-up  Area,Ready To Move,Panduranga Nagar,1.0,0.0,20.0,500.0,1.0
Built-up  Area,Ready To Move,Sri Venkateshpura Layout,2.0,1.0,38.5,1146.0,2.0
Super built-up  Area,Ready To Move,Malleshwaram,4.0,3.0,332.0,2475.0,3.0
Super built-up  Area,Ready To Move,Haralur Road,2.0,1.0,145.0,1455.0,2.0
Plot  Area,Ready To Move,Seegehalli,1.0,0.0,50.0,800.0,2.0
Super built-up  Area,Ready To Move,Abbigere,2.0,2.0,30.0,765.0,1.0
Super built-up  Area,Ready To Move,Lingadheeranahalli,3.0,1.0,94.99,1521.0,3.0
Super built-up  Area,Ready To Move,Gottigere,2.0,2.0,55.0,1600.0,3.0
Super built-up  Area,Ready To Move,Byadarahalli,4.0,2.0,370.0,3155.0,3.0
Super built-up  Area,Ready To Move,Hebbal Kempapura,4.0,2.0,240.0,2900.0,3.0
Super built-up  Area,Ready To Move,Jakkur Plantation,3.0,3.0,105.0,1765.0,3.0
Super built-up  Area,Ready To Move,Kasavanhalli,3.0,2.0,88.0,1980.0,3.0
Built-up  Area,Ready To Move,Amruthahalli,3.0,1.0,135.0,1900.0,3.0
Super built-up  Area,Ready To Move,Kaverappa Layout,2.0,3.0,70.0,1265.0,2.0
Super built-up  Area,Ready To Move,Bommasandra,2.0,3.0,40.0,1034.0,2.0
Built-up  Area,Ready To Move,Kaverappa Layout,2.0,1.0,59.0,1012.0,2.0
Super built-up  Area,Ready To Move,Electronic City,2.0,1.0,54.0,1070.0,2.0
Built-up  Area,Ready To Move,Mahadevpura,4.0,1.0,230.0,3555.0,4.0
Super built-up  Area,Ready To Move,5th Block Hbr Layout,2.0,2.0,70.0,1270.0,3.0
Plot  Area,Ready To Move,Yeshwanthpur,1.0,0.0,70.0,585.0,2.0
Super built-up  Area,Ready To Move,Doddanekundi,4.0,3.0,154.0,2045.0,3.0
Super built-up  Area,Ready To Move,Bellandur,2.0,2.0,98.0,1490.0,3.0
Built-up  Area,Ready To Move,Banaswadi,6.0,1.0,830.0,6150.0,7.0
Super built-up  Area,Ready To Move,Mysore Road,2.0,1.0,40.0,883.0,2.0
Super built-up  Area,Ready To Move,Yeshwanthpur,1.0,1.0,36.85,671.0,1.0
Super built-up  Area,Ready To Move,Kammasandra,2.0,2.0,32.0,1156.0,2.0
Super built-up  Area,Ready To Move,Haralur Road,3.0,2.0,125.0,2017.0,3.0
Super built-up  Area,Ready To Move,Thigalarapalya,6.0,2.0,235.0,3122.0,4.0
Super built-up  Area,18-Jul,Ramagondanahalli,3.0,1.0,62.0,1635.0,3.0
Built-up  Area,Ready To Move,Sir M V Nagar,9.0,2.0,120.0,4400.0,7.0
Super built-up  Area,19-Jul,Kanakpura Road,2.0,1.0,89.0,1296.0,2.0
Plot  Area,Ready To Move,Bikasipura,4.0,2.0,280.0,2400.0,6.0
Super built-up  Area,Ready To Move,Budigere,2.0,2.0,62.0,1139.0,2.0
Super built-up  Area,18-Aug,CV Raman Nagar,3.0,2.0,47.0,1230.0,2.0
Super built-up  Area,Ready To Move,Basaveshwara Nagar Yelahanka,2.0,1.0,25.0,581.91,1.0
Super built-up  Area,19-Dec,Binny Pete,2.0,1.0,86.28,1245.0,2.0
Plot  Area,Ready To Move,Sidedahalli,2.0,2.0,85.0,1158.0,3.0
Built-up  Area,Ready To Move,Marathahalli,4.0,2.0,220.0,3951.0,4.0
Super built-up  Area,Ready To Move,Electronic City,1.0,1.0,15.0,550.0,2.0
Super built-up  Area,Ready To Move,Ramamurthy Nagar,1.0,1.0,26.0,360.0,1.0
Super built-up  Area,Ready To Move,Electronics City Phase 1,3.0,1.0,55.0,1350.0,3.0
Built-up  Area,Ready To Move,Green Glen Layout,3.0,2.0,120.0,1670.0,3.0
Super built-up  Area,Ready To Move,Akshaya Nagar,2.0,2.0,65.0,1600.0,3.0
Super built-up  Area,Ready To Move,Horamavu Banaswadi,2.0,2.0,51.6,1307.0,2.0
Built-up  Area,Ready To Move,7th Phase JP Nagar,2.0,1.0,57.0,1050.0,3.0
Super built-up  Area,Ready To Move,Hennur Road,3.0,2.0,101.0,1703.0,3.0
Super built-up  Area,Ready To Move,Kaggalipura,2.0,1.0,58.0,1210.0,3.0
Built-up  Area,18-Dec,Electronic City,2.0,1.0,29.6,1025.0,2.0
Super built-up  Area,Ready To Move,Haralur Road,2.0,2.0,43.0,1140.0,2.0
Super built-up  Area,Ready To Move,7th Phase JP Nagar,2.0,2.0,56.41,1343.0,3.0
Super built-up  Area,Ready To Move,R.T. Nagar,3.0,2.0,85.0,1560.0,3.0
Super built-up  Area,17-Aug,Kalkere,2.0,2.0,51.0,925.0,2.0
Super built-up  Area,Ready To Move,Kanakpura Road,2.0,2.0,75.0,1420.0,3.0
Built-up  Area,Ready To Move,1st Block Koramangala,2.0,3.0,110.0,1415.0,2.0
Super built-up  Area,Ready To Move,Shree Ananth Nagar Layout,2.0,2.0,60.0,1210.0,2.0
Super built-up  Area,Ready To Move,Yeshwanthpur,3.0,2.0,160.0,1852.0,3.0
Super built-up  Area,Ready To Move,Hoskote,3.0,2.0,50.0,1250.0,3.0
Super built-up  Area,21-Sep,9th Phase JP Nagar,2.0,1.0,65.0,1100.0,2.0
Super built-up  Area,Ready To Move,2nd Phase Judicial Layout,2.0,1.0,40.25,1150.0,2.0
Super built-up  Area,20-Dec,Jakkur,2.0,1.0,53.35,1100.0,2.0
Plot  Area,Ready To Move,Magadi Road,1.0,0.0,100.0,1350.0,2.0
Super built-up  Area,Ready To Move,Panathur,3.0,2.0,99.0,1546.0,3.0
Super built-up  Area,Ready To Move,Ambedkar Nagar,2.0,2.0,90.0,1424.0,2.0
Built-up  Area,Ready To Move,Bellandur,3.0,1.0,68.0,1398.0,3.0
Super built-up  Area,Ready To Move,Indira Nagar,3.0,2.0,200.0,1650.0,3.0
Plot  Area,Ready To Move,HBR Layout,4.0,0.0,120.0,1200.0,4.0
Super built-up  Area,Ready To Move,Brookefield,3.0,2.0,105.0,1476.0,3.0
Built-up  Area,Ready To Move,Attiguppe,2.0,1.0,70.0,500.0,2.0
Super built-up  Area,18-Aug,Magadi Road,2.0,2.0,58.82,1322.0,3.0
Plot  Area,Ready To Move,Srirampuram,2.0,1.0,40.0,432.0,2.0
Built-up  Area,Ready To Move,Yemlur,2.0,2.0,55.0,1100.0,2.0
Super built-up  Area,Ready To Move,Race Course Road,5.0,2.0,600.0,4750.0,4.0
Built-up  Area,Ready To Move,Sarjapur,2.0,2.0,68.0,1285.0,3.0
Built-up  Area,Ready To Move,Ambalipura,2.0,2.0,80.0,1150.0,2.0
Super built-up  Area,Ready To Move,Thanisandra,2.0,2.0,56.0,1430.0,3.0
Super built-up  Area,Ready To Move,Marathahalli,2.0,2.0,62.0,1350.0,3.0
Plot  Area,Ready To Move,Gkvk Layout,3.0,3.0,195.0,1350.0,3.0
Built-up  Area,Ready To Move,Thubarahalli,2.0,2.0,65.0,1185.0,2.0
Super built-up  Area,Ready To Move,Bannerghatta Road,3.0,2.0,67.0,1760.0,3.0
Plot  Area,Ready To Move,Bank Of Baroda Colony,5.0,2.0,350.0,2400.0,4.0
Super built-up  Area,21-Dec,Kanakpura Road,2.0,1.0,41.0,900.0,2.0
Super built-up  Area,19-Jul,Kanakpura Road,2.0,1.0,105.0,1297.0,2.0
Super built-up  Area,Ready To Move,Sector 1 HSR Layout,3.0,2.0,155.0,1840.0,3.0
Built-up  Area,Ready To Move,Ramamurthy Nagar,2.0,1.0,50.79,950.0,2.0
Plot  Area,Ready To Move,Chikkabanavar,4.0,1.0,70.0,1200.0,5.0
Carpet  Area,Ready To Move,BTM 2nd Stage,2.0,1.0,52.0,950.0,2.0
Super built-up  Area,Ready To Move,Yeshwanthpur,2.0,0.0,95.815,1277.5,2.0
Super built-up  Area,18-Jan,Electronic City,3.0,2.0,89.0,1571.0,3.0
Super built-up  Area,Ready To Move,Electronic City Phase II,2.0,1.0,55.0,1031.0,2.0
Super built-up  Area,19-Dec,Whitefield,2.0,1.0,90.0,1485.0,2.0
Super built-up  Area,18-Dec,Ananth Nagar,2.0,1.0,60.0,1109.0,2.0
Super built-up  Area,Ready To Move,Koramangala,3.0,2.0,180.0,2200.0,3.0
Super built-up  Area,18-Apr,Whitefield,1.0,1.0,50.0,950.0,1.0
Plot  Area,Ready To Move,Laggere,2.0,0.0,150.0,1200.0,3.0
Super built-up  Area,18-Jul,Hosa Road,2.0,1.0,55.15,1161.0,2.0
Super built-up  Area,Ready To Move,Basavangudi,3.0,3.0,300.0,2350.0,3.0
Super built-up  Area,18-Apr,Electronic City Phase II,2.0,1.0,40.6,1003.0,2.0
Plot  Area,Ready To Move,Bank Of Baroda Colony,2.0,1.0,185.0,1350.0,2.0
Super built-up  Area,18-Jun,9th Phase JP Nagar,2.0,2.0,37.0,1080.0,2.0
Super built-up  Area,Ready To Move,Hulimavu,2.0,2.0,73.0,1255.0,2.0
Super built-up  Area,Ready To Move,Banaswadi,2.0,0.0,60.0,1250.0,2.0
Plot  Area,Ready To Move,Brookefield,4.0,1.0,152.0,1700.0,4.0
Plot  Area,Ready To Move,Ramamurthy Nagar,2.0,0.0,66.0,1200.0,3.0
Built-up  Area,Ready To Move,St. John's Road,2.0,0.0,60.0,824.0,2.0
Super built-up  Area,Ready To Move,1st Phase JP Nagar,3.0,1.0,167.0,1875.0,3.0
Built-up  Area,18-Aug,Bommasandra Industrial Area,2.0,1.0,38.12,1320.0,3.0
Plot  Area,Ready To Move,Kothanur,5.0,2.0,550.0,9600.0,5.0
Super built-up  Area,Ready To Move,Uttarahalli,2.0,1.0,47.0,1330.0,3.0
Super built-up  Area,Ready To Move,Kaikondrahalli,3.0,2.0,56.0,1220.0,3.0
Super built-up  Area,18-Dec,Electronic City,3.0,1.0,50.0,1111.0,3.0
Super built-up  Area,Ready To Move,Kothannur,2.0,1.0,47.88,1197.0,2.0
Super built-up  Area,Ready To Move,Marathahalli,5.0,2.0,185.0,2519.0,4.0
Super built-up  Area,18-Aug,Doopanahalli,2.0,1.0,100.0,1340.0,3.0
Plot  Area,Ready To Move,Old Madras Road,3.0,3.0,132.0,1450.0,4.0
Super built-up  Area,22-Jun,Hoodi,3.0,3.0,145.0,1837.0,3.0
Plot  Area,Ready To Move,Haralur Road,4.0,2.0,245.0,1200.0,4.0
Super built-up  Area,Ready To Move,Kudlu Gate,2.0,3.0,55.0,1238.0,2.0
Super built-up  Area,Ready To Move,7th Phase JP Nagar,2.0,2.0,59.01,1405.0,3.0
Super built-up  Area,Ready To Move,Doddaballapur,3.0,2.0,80.0,1690.0,4.0
Built-up  Area,Ready To Move,Sathanur,2.0,1.0,110.0,1620.0,3.0
Super built-up  Area,Ready To Move,Kanakpura Road,3.0,2.0,115.0,1673.0,3.0
Plot  Area,Ready To Move,Margondanahalli,2.0,0.0,58.0,1090.0,2.0
Super built-up  Area,Ready To Move,Varthur,2.0,2.0,40.0,1112.0,2.0
Super built-up  Area,Ready To Move,Marathahalli,2.0,2.0,66.65,1385.0,3.0
Super built-up  Area,Ready To Move,Electronic City Phase II,1.0,1.0,27.0,545.0,2.0
Super built-up  Area,Ready To Move,Subramanyapura,2.0,1.0,58.0,985.0,2.0
Super built-up  Area,20-Dec,Kanakpura Road,1.0,0.0,36.29,825.0,1.0
Super built-up  Area,Ready To Move,Kanakpura Road,2.0,1.0,37.8,1080.0,2.0
Super built-up  Area,19-Mar,Hosa Road,2.0,1.0,97.52,1430.0,2.0
Super built-up  Area,Ready To Move,Kengeri Satellite Town,2.0,2.0,43.0,1050.0,2.0
Plot  Area,Ready To Move,Kumaraswami Layout,4.0,1.0,139.0,2000.0,4.0
Built-up  Area,Ready To Move,Banashankari Stage VI,4.0,3.0,190.0,4800.0,4.0
Built-up  Area,Ready To Move,ITI Layout,3.0,2.0,115.0,1533.0,3.0
Plot  Area,Ready To Move,Ramamohanapuram,3.0,2.0,500.0,2800.0,4.0
Super built-up  Area,Ready To Move,Malleshwaram,3.0,2.0,399.0,2610.0,3.0
Super built-up  Area,Ready To Move,Lakshminarayana Pura,3.0,2.0,150.0,1750.0,3.0
Plot  Area,Ready To Move,TC Palaya,2.0,0.0,66.0,1200.0,3.0
Super built-up  Area,Ready To Move,Prithvi Layout,2.0,2.0,87.5,1352.0,2.0
Super built-up  Area,Ready To Move,Harlur,3.0,2.0,125.0,1754.0,3.0
Built-up  Area,Ready To Move,Tejaswini Nagar,3.0,2.0,85.0,1560.0,3.0
Super built-up  Area,18-Jul,Bannerghatta,6.0,2.0,268.0,3012.0,4.0
Super built-up  Area,Ready To Move,Whitefield,4.0,2.0,199.0,3584.0,4.0
Super built-up  Area,Ready To Move,Channasandra,2.0,1.0,90.0,1470.0,3.0
Built-up  Area,Ready To Move,9th Phase JP Nagar,2.0,1.0,45.0,1035.0,2.0
Plot  Area,Ready To Move,Whitefield,5.0,2.0,329.0,2400.0,4.0
Built-up  Area,Ready To Move,Kammanahalli,2.0,1.0,52.0,1160.0,2.0
Super built-up  Area,Ready To Move,Jakkur,2.0,2.0,52.0,1100.0,2.0
Super built-up  Area,Ready To Move,Horamavu Agara,2.0,2.0,38.0,1170.0,2.0
Super built-up  Area,19-Dec,Bannerghatta Road,1.0,1.0,31.83,595.0,1.0
Super built-up  Area,Ready To Move,HSR Layout,3.0,2.0,110.0,1650.0,3.0
Super built-up  Area,Ready To Move,1st Block Jayanagar,2.0,3.0,235.0,1875.0,3.0
Super built-up  Area,Ready To Move,Kamakshipalya,4.0,1.0,80.0,800.0,4.0
Super built-up  Area,Ready To Move,kanakapura road,2.0,3.0,48.06,1375.0,3.0
Super built-up  Area,18-Jun,Ramagondanahalli,2.0,1.0,46.8,1235.0,2.0
Super built-up  Area,Ready To Move,Kaveri Nagar,1.0,2.0,25.0,750.0,1.0
Built-up  Area,Ready To Move,7th Phase JP Nagar,3.0,1.0,115.0,1400.0,3.0
Super built-up  Area,Ready To Move,Poorna Pragna Layout,2.0,2.0,50.79,1270.0,3.0
Super built-up  Area,18-Dec,Bannerghatta Road,2.0,1.0,51.0,1105.0,2.0
Super built-up  Area,Ready To Move,Sundar Ram Shetty Nagar,2.0,3.0,85.0,1375.0,3.0
Plot  Area,Ready To Move,Attibele,4.0,2.0,95.0,2168.0,4.0
Built-up  Area,Ready To Move,Gottigere,8.0,3.0,90.0,1200.0,8.0
Super built-up  Area,Ready To Move,Yelahanka,2.0,1.0,40.84,1065.0,2.0
Plot  Area,Ready To Move,Sector 6 HSR Layout,3.0,0.0,580.0,3800.0,3.0
Plot  Area,Ready To Move,Raja Rajeshwari Nagar,9.0,2.0,350.0,3125.0,9.0
Super built-up  Area,Ready To Move,Whitefield,1.0,1.0,45.0,825.0,1.0
Built-up  Area,Ready To Move,Nelamangala,2.0,0.0,40.0,1095.0,2.0
Plot  Area,Ready To Move,Ganga Nagar,3.0,3.0,65.0,720.0,3.0
Super built-up  Area,18-Jul,Udayapur Village,2.0,2.0,60.33,1440.0,3.0
Super built-up  Area,Ready To Move,Electronic City,2.0,1.0,39.5,870.0,2.0
Super built-up  Area,Ready To Move,Panathur,2.0,1.0,84.0,1195.0,2.0
Super built-up  Area,Ready To Move,"Kirloskar layout, Basaveshwarnagar",2.0,1.0,49.5,1200.0,2.0
Super built-up  Area,Ready To Move,Raja Rajeshwari Nagar,3.0,3.0,61.2,1530.0,3.0
Super built-up  Area,17-Oct,Padmanabhanagar,2.0,1.0,90.5,1708.0,3.0
Super built-up  Area,Ready To Move,Alfa Garden Layout,2.0,1.0,43.0,975.0,2.0
Built-up  Area,Ready To Move,KR Puram,2.0,1.0,25.0,750.0,2.0
Plot  Area,Ready To Move,Gowdanapalya,8.0,2.0,190.0,1200.0,8.0
Super built-up  Area,18-Dec,Iblur Village,3.0,2.0,130.0,1920.0,3.0
Plot  Area,Ready To Move,Nagarbhavi,5.0,2.0,240.0,1200.0,6.0
Super built-up  Area,21-Dec,Thanisandra,2.0,1.0,58.56,1183.0,2.0
Plot  Area,Ready To Move,Kothanur,4.0,1.0,90.0,1140.0,4.0
Super built-up  Area,Ready To Move,Mico Layout,2.0,2.0,65.0,1550.0,3.0
Super built-up  Area,Ready To Move,Kaggadasapura,2.0,3.0,53.0,1110.0,2.0
Plot  Area,Ready To Move,NS Palya,10.0,3.0,165.0,1500.0,8.0
Super built-up  Area,Ready To Move,Kaggadasapura,2.0,1.0,38.67,1105.0,2.0
Plot  Area,Ready To Move,Anekal,3.0,2.0,68.0,1800.0,3.0
Super built-up  Area,Ready To Move,2nd Phase JP Nagar,4.0,2.0,200.0,2800.0,5.0
Super built-up  Area,18-Jul,Bommanahalli,2.0,2.0,29.9,1000.0,2.0
Built-up  Area,Ready To Move,Prithvi Layout,2.0,2.0,68.0,1190.0,2.0
Plot  Area,Ready To Move,2nd Stage Nagarbhavi,4.0,1.0,200.0,1350.0,4.0
Super built-up  Area,19-Oct,Hebbal,4.0,2.0,230.0,3067.0,4.0
Super built-up  Area,18-May,Sarjapur  Road,4.0,1.0,103.0,1929.0,3.0
Built-up  Area,Ready To Move,Ramamurthy Nagar,3.0,1.0,100.0,1525.0,3.0
Super built-up  Area,Ready To Move,Nehru Nagar,3.0,3.0,110.0,1775.0,3.0
Built-up  Area,Ready To Move,Banashankari,2.0,1.0,63.0,1125.0,2.0
Super built-up  Area,Ready To Move,Hessarghatta,2.0,2.0,42.0,900.0,2.0
Super built-up  Area,18-Mar,Sarjapur  Road,2.0,1.0,58.0,1155.0,2.0
Built-up  Area,Ready To Move,Hulimavu,4.0,0.0,75.0,1200.0,4.0
Super built-up  Area,Ready To Move,Sonnenahalli,2.0,1.0,73.0,1268.0,2.0
Built-up  Area,Ready To Move,Hoodi Layout,3.0,2.0,88.0,1500.0,3.0
Super built-up  Area,18-Jan,Electronic City,1.0,1.0,47.0,630.0,1.0
Super built-up  Area,Ready To Move,Seegehalli,3.0,2.0,65.0,1525.0,3.0
Super built-up  Area,Ready To Move,Kaggadasapura,2.0,2.0,48.0,1060.0,2.0
Super built-up  Area,Ready To Move,Lingadheeranahalli,3.0,3.0,127.0,1687.0,3.0
Super built-up  Area,Ready To Move,Thanisandra,3.0,2.0,123.0,1847.0,3.0
Super built-up  Area,Ready To Move,Begur Road,2.0,3.0,53.0,1410.0,3.0
Super built-up  Area,Ready To Move,7th Phase JP Nagar,2.0,1.0,42.99,1075.0,2.0
Super built-up  Area,Ready To Move,Rajaji Nagar,4.0,2.0,492.0,3526.0,4.0
Built-up  Area,Ready To Move,BTM Layout,3.0,0.0,338.0,3000.0,3.0
Built-up  Area,18-Apr,Basavangudi,2.0,1.0,143.0,1500.0,3.0
Built-up  Area,Ready To Move,Gaundanapalya,2.0,2.0,46.0,1010.0,2.0
Super built-up  Area,18-Jul,Haralur Road,3.0,3.0,110.0,1875.0,3.0
Plot  Area,Ready To Move,Arasanakunte,6.0,2.0,137.0,1200.0,5.0
Super built-up  Area,20-Dec,Kanakpura Road,2.0,1.0,50.6,983.0,2.0
Super built-up  Area,Ready To Move,Kasturi Nagar,2.0,2.0,65.0,1101.0,2.0
Super built-up  Area,Ready To Move,Laxmi Sagar Layout,2.0,1.0,76.0,1140.0,2.0
Super built-up  Area,Ready To Move,Sarjapur  Road,2.0,2.0,110.0,1215.0,2.0
Super built-up  Area,Ready To Move,Kengeri Satellite Town,2.0,3.0,42.0,1007.0,2.0
Super built-up  Area,Ready To Move,Bellandur,3.0,2.0,168.0,2039.0,3.0
Built-up  Area,Ready To Move,Ulsoor,3.0,2.0,110.0,1020.0,3.0
Super built-up  Area,Ready To Move,Outer Ring Road East,2.0,1.0,84.0,1198.0,2.0
Built-up  Area,Ready To Move,5th block Koramangala,4.0,1.0,520.0,4000.0,4.0
Plot  Area,Ready To Move,Nelamangala,4.0,2.0,34.5,1470.0,4.0
Built-up  Area,Ready To Move,JakkurYelahanka,2.0,2.0,75.0,1370.0,2.0
Super built-up  Area,Ready To Move,Yemlur,2.0,3.0,55.5,1316.0,2.0
Super built-up  Area,Ready To Move,Kaggadasapura,3.0,1.0,55.5,1350.0,3.0
Super built-up  Area,18-May,Gunjur Palya,2.0,1.0,43.0,1050.0,2.0
Carpet  Area,Ready To Move,KR Puram,3.0,0.0,47.405,1128.76,3.0
Super built-up  Area,Ready To Move,Electronic City,2.0,1.0,34.0,921.0,2.0
Super built-up  Area,Ready To Move,Kundalahalli,2.0,1.0,49.27,1010.0,2.0
Super built-up  Area,18-Jun,KR Puram,2.0,1.0,43.0,1015.0,2.0
Plot  Area,Ready To Move,TC Palaya,2.0,0.0,66.5,1200.0,3.0
Built-up  Area,Ready To Move,Lakshminarayana Pura,2.0,1.0,75.0,1179.0,2.0
Built-up  Area,Ready To Move,Anjanapura,4.0,2.0,86.0,1850.0,4.0
Super built-up  Area,Ready To Move,Kammasandra,2.0,1.0,24.0,870.0,2.0
Super built-up  Area,Ready To Move,Bellandur,3.0,2.0,85.0,1605.0,3.0
Plot  Area,Ready To Move,Banashankari Stage VI,4.0,2.0,89.0,2800.0,4.0
Super built-up  Area,Ready To Move,Malleshwaram,4.0,3.0,320.0,2475.0,3.0
Plot  Area,Ready To Move,Ngef Layout,2.0,0.0,510.0,3000.0,2.0
Plot  Area,Ready To Move,Bileshivale,7.0,2.0,110.0,2400.0,6.0
Super built-up  Area,Ready To Move,2nd Phase JP Nagar,1.0,1.0,55.0,1000.0,2.0
Plot  Area,Ready To Move,Ramamurthy Nagar,2.0,0.0,80.0,1200.0,2.0
Plot  Area,Ready To Move,Manjunatha Layout,2.0,2.0,125.0,1200.0,2.0
Plot  Area,18-May,Kammasandra,2.0,1.0,66.0,1200.0,2.0
Built-up  Area,Ready To Move,Kashi Nagar,2.0,2.0,50.0,1200.0,2.0
Super built-up  Area,Ready To Move,Hennur,2.0,1.0,57.5,1255.0,2.0
Super built-up  Area,Ready To Move,Hosur Road,2.0,2.0,30.38,1085.0,2.0
Super built-up  Area,19-Jul,Kanakpura Road,3.0,2.0,125.0,1592.0,3.0
Super built-up  Area,18-Nov,B Narayanapura,2.0,1.0,58.27,1313.0,2.0
Super built-up  Area,21-May,Kogilu,3.0,2.0,150.0,1934.0,3.0
Super built-up  Area,Ready To Move,Harlur,2.0,1.0,49.5,1200.0,2.0
Super built-up  Area,Ready To Move,Uttarahalli,6.0,2.0,120.0,3600.0,6.0
Super built-up  Area,19-Dec,Old Madras Road,2.0,1.0,45.0,935.0,2.0
Built-up  Area,Ready To Move,Bommasandra,2.0,2.0,30.0,877.0,2.0
Super built-up  Area,Ready To Move,Ashwathnagar,2.0,2.0,42.0,936.0,2.0
Super built-up  Area,Ready To Move,Nagasandra,2.0,2.0,110.0,1470.0,3.0
Built-up  Area,Ready To Move,Upkar Layout,1.0,1.0,70.0,1050.0,1.0
Super built-up  Area,19-Mar,Hennur Road,2.0,0.0,69.61,1232.0,2.0
Super built-up  Area,Ready To Move,Ambedkar Nagar,4.0,2.0,169.0,2225.0,3.0
Plot  Area,Ready To Move,Sunkadakatte,2.0,0.0,80.0,1200.0,3.0
Super built-up  Area,Ready To Move,Dasarahalli,3.0,2.0,119.0,1901.0,3.0
Super built-up  Area,18-Dec,Sarjapur  Road,3.0,2.0,100.0,1819.0,3.0
Super built-up  Area,Ready To Move,HOSUR MAIN ROAD,3.0,2.0,56.0,1464.0,3.0
Super built-up  Area,Ready To Move,Old Madras Road,6.0,0.0,200.5,3715.0,4.0
Built-up  Area,Ready To Move,9th Phase JP Nagar,4.0,3.0,290.0,5000.0,4.0
Super built-up  Area,Ready To Move,Someshwara Layout,4.0,3.0,169.0,1200.0,4.0
Super built-up  Area,Ready To Move,Kacharakanahalli,2.0,1.0,60.0,1256.0,2.0
Super built-up  Area,Ready To Move,7th Phase JP Nagar,2.0,2.0,44.0,1100.0,2.0
Plot  Area,Ready To Move,TC Palaya,3.0,3.0,302.0,4800.0,4.0
Super built-up  Area,Ready To Move,Kothanur,3.0,3.0,70.0,1435.0,3.0
Super built-up  Area,Ready To Move,6th Phase JP Nagar,4.0,2.0,250.0,3245.0,4.0
Super built-up  Area,Ready To Move,Sarjapur  Road,4.0,1.0,110.0,1845.0,3.0
Plot  Area,Ready To Move,Jigani,4.0,1.0,130.0,2400.0,3.0
Super built-up  Area,Ready To Move,HSR Layout,2.0,2.0,46.0,1140.0,2.0
Super built-up  Area,18-Feb,Ulsoor,2.0,0.0,60.0,1200.0,2.0
Super built-up  Area,18-Aug,Talaghattapura,3.0,2.0,170.0,2254.0,3.0
Super built-up  Area,Ready To Move,Frazer Town,3.0,2.0,150.0,1750.0,3.0
Built-up  Area,Ready To Move,Jalahalli West,2.0,1.0,37.0,1020.0,2.0
Built-up  Area,Ready To Move,Bommanahalli,1.0,1.0,25.0,515.0,1.0
Super built-up  Area,Ready To Move,Lingadheeranahalli,3.0,2.0,140.0,1893.0,3.0
Super built-up  Area,Ready To Move,Vasanth nagar,3.0,0.0,500.0,3025.0,3.0
Built-up  Area,Ready To Move,Suddaguntepalya,2.0,0.0,34.0,830.0,2.0
Built-up  Area,Ready To Move,Singasandra,2.0,1.0,36.5,600.0,2.0
Super built-up  Area,Ready To Move,Bisuvanahalli,2.0,1.0,90.0,1075.0,3.0
Plot  Area,Ready To Move,Kathreguppe,4.0,2.0,1200.0,3200.0,4.0
Super built-up  Area,Ready To Move,Kasavanhalli,2.0,1.0,78.0,1200.0,2.0
Super built-up  Area,19-Oct,Sarjapur  Road,2.0,2.0,77.65,1233.0,2.0
Super built-up  Area,Ready To Move,Bannerghatta Road,2.0,2.0,65.26,1255.0,2.0
Super built-up  Area,Ready To Move,Begur Road,2.0,2.0,37.8,1200.0,2.0
Super built-up  Area,Ready To Move,Varthur,3.0,2.0,175.0,2145.0,3.0
Built-up  Area,Ready To Move,1st Phase JP Nagar,5.0,2.0,85.0,1500.0,5.0
Built-up  Area,Ready To Move,Kothannur,2.0,1.0,34.0,740.0,2.0
Super built-up  Area,Ready To Move,Kengeri,3.0,3.0,48.0,1250.0,3.0
Super built-up  Area,Ready To Move,Channasandra Layout,2.0,2.0,40.0,1210.0,2.0
Super built-up  Area,Ready To Move,Sarjapur  Road,2.0,2.0,60.0,1525.0,3.0
Built-up  Area,Ready To Move,Kogilu,1.0,0.0,36.0,540.0,1.0
Super built-up  Area,Ready To Move,Tumkur Road,2.0,1.0,84.0,1240.0,3.0
Super built-up  Area,Ready To Move,Subramanyapura,2.0,1.0,68.0,1245.0,3.0
Plot  Area,Ready To Move,HAL 3rd Stage,3.0,3.0,350.0,1865.0,3.0
Super built-up  Area,18-Mar,Hosa Road,2.0,0.0,36.43,1104.0,2.0
Super built-up  Area,Ready To Move,Bisuvanahalli,2.0,1.0,35.99,1075.0,3.0
Built-up  Area,18-May,Nagavara,2.0,1.0,55.0,2200.0,2.0
Super built-up  Area,Ready To Move,Whitefield,2.0,1.0,60.0,1155.0,2.0
Super built-up  Area,Ready To Move,Doctors Layout,2.0,3.0,62.0,1520.0,2.0
Super built-up  Area,Ready To Move,Thigalarapalya,6.0,2.0,245.0,3122.0,4.0
Super built-up  Area,Ready To Move,Harlur,2.0,1.0,85.0,1290.0,2.0
Built-up  Area,Ready To Move,1st Block HRBR Layout,3.0,2.0,80.0,2300.0,3.0
Built-up  Area,Ready To Move,Kannamangala,4.0,0.0,200.0,3000.0,4.0
Super built-up  Area,Ready To Move,Whitefield,4.0,2.0,270.0,3251.97,4.0
Built-up  Area,Ready To Move,Austin Town,1.0,0.0,14.0,400.0,1.0
Super built-up  Area,Ready To Move,Banashankari,2.0,3.0,53.6,1340.0,3.0
Super built-up  Area,Ready To Move,Malleshwaram,2.0,1.0,95.0,900.0,2.0
Plot  Area,Ready To Move,Rajaji Nagar,4.0,2.0,324.0,1800.0,6.0
Super built-up  Area,Ready To Move,Hennur Road,2.0,1.0,49.0,987.0,2.0
Super built-up  Area,Ready To Move,Old Madras Road,3.0,2.0,100.0,1720.0,3.0
Super built-up  Area,Ready To Move,Hebbal,2.0,1.0,50.0,1040.0,2.0
Built-up  Area,Ready To Move,Anandapura,2.0,0.0,64.0,900.0,2.0
Built-up  Area,Ready To Move,Raja Rajeshwari Nagar,2.0,1.0,50.0,1030.0,2.0
Super built-up  Area,Ready To Move,Neeladri Nagar,3.0,2.0,133.0,2556.0,3.0
Super built-up  Area,Ready To Move,Basavangudi,3.0,1.0,168.0,1850.0,3.0
Plot  Area,Ready To Move,Kaval Byrasandra,4.0,3.0,110.0,750.0,4.0
Super built-up  Area,18-Apr,Balagere,2.0,1.0,31.86,1028.0,2.0
Super built-up  Area,Ready To Move,7th Phase JP Nagar,2.0,1.0,83.0,1270.0,2.0
Built-up  Area,18-Mar,Sahakara Nagar,3.0,1.0,115.0,1655.0,3.0
Built-up  Area,Ready To Move,Electronics City Phase 1,2.0,1.0,40.0,940.0,2.0
Super built-up  Area,Ready To Move,Domlur,2.0,2.0,85.0,1050.0,2.0
Plot  Area,Ready To Move,Rajagopala Nagar,4.0,1.0,40.0,600.0,4.0
Super built-up  Area,18-Apr,Vishwapriya Nagar,2.0,1.0,38.0,946.0,2.0
Built-up  Area,Ready To Move,CV Raman Nagar,3.0,3.0,145.0,1726.0,3.0
Super built-up  Area,Ready To Move,Sarakki Nagar,4.0,3.0,253.0,2121.0,3.0
Super built-up  Area,Ready To Move,Vittasandra,2.0,1.0,75.0,1404.0,2.0
Super built-up  Area,Ready To Move,Sarjapur,2.0,2.0,48.0,1525.0,3.0
Super built-up  Area,Ready To Move,Kengeri,2.0,2.0,57.0,1025.0,2.0
Plot  Area,Ready To Move,Bahubali Nagar,4.0,0.0,150.0,1575.0,5.0
Built-up  Area,Ready To Move,RMV 2nd Stage,1.0,1.0,43.0,860.0,2.0
Super built-up  Area,Ready To Move,Talaghattapura,2.0,1.0,42.81,1223.0,3.0
Super built-up  Area,Ready To Move,Lottegolla Halli,3.0,2.0,550.0,3750.0,4.0
Super built-up  Area,Ready To Move,Kothannur,2.0,1.0,47.8,1197.0,2.0
Super built-up  Area,Ready To Move,Garudachar Palya,2.0,1.0,52.75,1150.0,2.0
Built-up  Area,Ready To Move,Kodbisanhalli,5.0,3.0,629.0,4800.0,4.0
Super built-up  Area,Ready To Move,R.T. Nagar,2.0,2.0,46.0,1040.0,2.0
Super built-up  Area,18-May,Banashankari,2.0,2.0,80.0,1310.0,2.0
Super built-up  Area,Ready To Move,Uttarahalli,3.0,2.0,98.34,1788.0,3.0
Super built-up  Area,Ready To Move,Raja Rajeshwari Nagar,2.0,2.0,38.55,1144.0,2.0
Super built-up  Area,18-Jul,Anjanapura,2.0,2.0,39.0,1070.0,2.0
Super built-up  Area,Ready To Move,Nandini Layout,2.0,2.0,70.0,1200.0,2.0
Super built-up  Area,Ready To Move,Ambedkar Nagar,3.0,2.0,120.0,1862.0,3.0
Plot  Area,Ready To Move,Margondanahalli,2.0,1.0,58.5,1200.0,2.0
Super built-up  Area,Ready To Move,Begur Road,2.0,2.0,27.0,970.0,2.0
Super built-up  Area,19-Mar,Kasavanhalli,3.0,2.0,79.5,1646.0,3.0
Super built-up  Area,Ready To Move,Sarjapur  Road,4.0,2.0,242.0,4395.0,4.0
Plot  Area,Ready To Move,Vibhutipura Extension,4.0,1.0,100.0,1200.0,5.0
Super built-up  Area,18-Dec,Iblur Village,3.0,2.0,135.0,1995.0,3.0
Plot  Area,Ready To Move,1st Block Jayanagar,4.0,2.0,450.0,2400.0,4.0
Super built-up  Area,18-Dec,Hosakerehalli,2.0,1.0,47.74,1085.0,2.0
Super built-up  Area,Ready To Move,Budigere,2.0,2.0,56.8,1139.0,2.0
Super built-up  Area,Ready To Move,Haralur Road,2.0,2.0,44.0,1092.0,2.0
Super built-up  Area,Ready To Move,Pattandur Agrahara,3.0,2.0,98.0,1767.0,3.0
Built-up  Area,Ready To Move,HMT Layout,3.0,2.0,80.0,1700.0,3.0
Super built-up  Area,Ready To Move,Bellandur,3.0,2.0,88.0,1692.0,3.0
Built-up  Area,Ready To Move,6th Phase JP Nagar,3.0,3.0,100.0,1645.0,3.0
Super built-up  Area,Ready To Move,Uttarahalli,2.0,1.0,57.0,1345.0,3.0
Super built-up  Area,Ready To Move,Basapura,2.0,1.0,60.0,1100.0,2.0
Super built-up  Area,Ready To Move,Gollarapalya Hosahalli,3.0,3.0,62.0,1408.0,3.0
Plot  Area,Ready To Move,Banashankari Stage III,4.0,1.0,240.0,2400.0,4.0
Plot  Area,Ready To Move,Kadugodi,4.0,2.0,200.0,1920.0,4.0
Plot  Area,Ready To Move,Bileshivale,4.0,2.0,170.0,6040.0,5.0
Super built-up  Area,Ready To Move,Thigalarapalya,4.0,2.0,150.0,2072.0,3.0
Super built-up  Area,Ready To Move,Malleshwaram,2.0,1.0,158.0,1420.0,2.0
Plot  Area,Ready To Move,Electronics City Phase 1,3.0,2.0,137.0,2040.0,3.0
Super built-up  Area,Ready To Move,Sarjapur  Road,3.0,2.0,56.0,1220.0,3.0
Plot  Area,Ready To Move,8th Phase JP Nagar,4.0,2.0,145.0,1200.0,4.0
Super built-up  Area,Ready To Move,B Channasandra,2.0,1.0,79.0,1300.0,2.0
Super built-up  Area,21-Aug,Electronics City Phase 1,2.0,2.0,39.0,1150.0,2.0
Super built-up  Area,Ready To Move,KR Puram,2.0,2.0,86.0,1470.0,2.0
Super built-up  Area,18-May,Hosa Road,2.0,1.0,31.9,1063.0,2.0
Super built-up  Area,Ready To Move,Harappanahalli,2.0,2.0,48.0,1311.0,2.0
Super built-up  Area,Ready To Move,Dollars Colony,4.0,3.0,350.0,3500.0,4.0
Plot  Area,Ready To Move,Nagarbhavi,2.0,1.0,100.0,600.0,4.0
Super built-up  Area,Ready To Move,Arehalli,2.0,2.0,55.0,1400.0,3.0
Built-up  Area,16-Mar,Kanakpura Road,2.0,0.0,62.0,2200.0,2.0
Super built-up  Area,Ready To Move,Thanisandra,2.0,2.0,56.0,1430.0,3.0
Built-up  Area,Ready To Move,Vidyaranyapura,2.0,2.0,55.0,1060.0,2.0
Built-up  Area,Ready To Move,Cambridge  road,2.0,0.0,110.0,1000.0,3.0
Super built-up  Area,Ready To Move,Sector 7 HSR Layout,3.0,2.0,145.0,1760.0,3.0
Super built-up  Area,Ready To Move,Whitefield,3.0,3.0,92.0,2010.0,3.0
Super built-up  Area,Ready To Move,Kanakpura Road,2.0,2.0,64.23,1480.0,3.0
Super built-up  Area,18-Jun,8th Phase JP Nagar,2.0,2.0,43.5,1230.0,3.0
Super built-up  Area,Ready To Move,Gottigere,3.0,3.0,65.0,1300.0,3.0
Plot  Area,Ready To Move,Vajarahalli,4.0,0.0,120.0,800.0,4.0
Super built-up  Area,Ready To Move,Frazer Town,6.0,2.0,385.0,4850.0,4.0
Super built-up  Area,Ready To Move,Singasandra,2.0,1.0,52.0,1100.0,2.0
Super built-up  Area,Ready To Move,Harlur,3.0,2.0,116.0,1752.12,3.0
Super built-up  Area,Ready To Move,Marathahalli,2.0,1.0,46.9,957.0,2.0
Super built-up  Area,20-Jan,Balagere,1.0,0.0,41.9,790.5,1.0
Built-up  Area,Ready To Move,Hennur Gardens,3.0,2.0,102.0,1942.0,3.0
Built-up  Area,Ready To Move,Ashirvad Colony,2.0,2.0,53.0,1000.0,2.0
Super built-up  Area,Ready To Move,Yeshwanthpur,1.0,1.0,36.85,668.0,1.0
Plot  Area,Ready To Move,Cholanayakanahalli,6.0,3.0,1000.0,3000.0,5.0
Plot  Area,Ready To Move,Nagarbhavi,2.0,1.0,80.0,600.0,3.0
Super built-up  Area,Ready To Move,Uttarahalli,2.0,1.0,43.55,1089.0,2.0
Super built-up  Area,Ready To Move,Thanisandra,3.0,3.0,90.0,1800.0,3.0
Super built-up  Area,Ready To Move,Yelahanka New Town,2.0,1.0,18.0,960.0,1.0
Super built-up  Area,Ready To Move,Yelahanka,2.0,3.0,39.35,1036.0,2.0
Super built-up  Area,Ready To Move,Marathahalli,3.0,3.0,105.0,1583.0,3.0
Built-up  Area,Ready To Move,7th Phase JP Nagar,4.0,0.0,150.0,3300.0,4.0
Super built-up  Area,Ready To Move,Padmanabhanagar,2.0,2.0,65.0,1100.0,2.0
Plot  Area,Ready To Move,Thyagaraja Nagar,1.0,1.0,100.0,800.0,1.0
Super built-up  Area,Ready To Move,Vittasandra,2.0,1.0,65.0,1246.0,2.0
Super built-up  Area,Ready To Move,Dodda Nekkundi,2.0,3.0,28.0,850.0,2.0
Super built-up  Area,Ready To Move,Raja Rajeshwari Nagar,2.0,2.0,51.51,1196.0,2.0
Super built-up  Area,Ready To Move,Thanisandra,3.0,2.0,114.0,1697.0,3.0
Built-up  Area,Ready To Move,TC Palaya,2.0,0.0,64.0,1000.0,2.0
Super built-up  Area,Ready To Move,HRBR Layout,3.0,3.0,90.0,1567.0,3.0
Plot  Area,19-Jan,Anekal,1.0,1.0,36.0,1200.0,2.0
Plot  Area,Ready To Move,Sarjapur  Road,6.0,3.0,290.0,3750.0,4.0
Super built-up  Area,Ready To Move,Veerannapalya,2.0,2.0,45.0,950.0,2.0
Super built-up  Area,Ready To Move,Howthinarayanappa Garden,2.0,2.0,52.0,1022.0,2.0
Super built-up  Area,Ready To Move,Kammasandra,2.0,0.0,23.45,1018.0,2.0
Plot  Area,Ready To Move,Basavanagara,3.0,2.0,25.0,2000.0,4.0
Super built-up  Area,Ready To Move,Bharathi Nagar,2.0,2.0,68.0,1322.0,2.0
Plot  Area,Ready To Move,Marsur,4.0,2.0,145.0,1800.0,4.0
Super built-up  Area,Ready To Move,Doddakallasandra,2.0,2.0,58.39,1460.0,3.0
Super built-up  Area,18-May,SRINIVASAPURA,2.0,1.0,44.55,990.0,2.0
Built-up  Area,Ready To Move,Cambridge Layout,3.0,1.0,260.0,2400.0,3.0
Super built-up  Area,Ready To Move,Whitefield,2.0,2.0,85.0,1635.0,3.0
Super built-up  Area,Ready To Move,Rajaji Nagar,4.0,1.0,558.0,3526.0,4.0
Built-up  Area,Ready To Move,Padmanabhanagar,3.0,1.0,210.0,3400.0,4.0
Built-up  Area,Ready To Move,Ramakrishnappa Layout,3.0,1.0,460.0,2770.0,3.0
Super built-up  Area,Ready To Move,EPIP Zone,5.0,0.0,200.0,3035.0,4.0
Super built-up  Area,Ready To Move,Maragondanahalli,3.0,2.0,85.0,1533.0,3.0
Super built-up  Area,Ready To Move,Akshaya Nagar,3.0,1.0,134.0,1720.0,3.0
Super built-up  Area,Ready To Move,Frazer Town,3.0,1.0,200.0,2000.0,3.0
Super built-up  Area,18-Aug,Yeshwanthpur,2.0,2.0,75.84,1185.0,2.0
Super built-up  Area,19-Dec,Varthur Road,2.0,1.0,27.0,900.0,2.0
Built-up  Area,Ready To Move,Attibele,1.0,1.0,10.25,395.0,1.0
Super built-up  Area,Ready To Move,Electronic City Phase II,2.0,1.0,56.35,1031.0,2.0
Plot  Area,Ready To Move,3rd Block Banashankari,8.0,2.0,650.0,2400.0,6.0
Super built-up  Area,Ready To Move,Thanisandra,4.0,2.0,240.0,2650.0,4.0
Plot  Area,Ready To Move,Basaveshwara Nagar,5.0,1.0,415.0,2400.0,5.0
Super built-up  Area,Ready To Move,Uttarahalli,2.0,2.0,46.55,1330.0,3.0
Super built-up  Area,Ready To Move,Hennur,2.0,2.0,57.0,1259.0,2.0
Built-up  Area,Ready To Move,Raja Rajeshwari Nagar,3.0,2.0,88.0,1570.0,3.0
Built-up  Area,Ready To Move,Bisuvanahalli,2.0,1.0,36.0,1075.0,3.0
Super built-up  Area,18-May,Whitefield,2.0,1.0,79.0,1216.0,2.0
Super built-up  Area,Ready To Move,Sarjapur  Road,2.0,2.0,66.0,1428.0,3.0
Super built-up  Area,Ready To Move,Begur Road,2.0,2.0,40.59,1160.0,2.0
Plot  Area,18-Feb, ittamadu,2.0,1.0,110.0,600.0,3.0
Super built-up  Area,Ready To Move,Doddakannelli,3.0,2.0,70.0,1475.0,3.0
Super built-up  Area,Ready To Move,Harlur,3.0,2.0,135.0,1754.0,3.0
Super built-up  Area,18-Feb,Rayasandra,3.0,1.0,83.0,1639.0,3.0
Super built-up  Area,19-Mar,Hennur Road,3.0,2.0,102.0,1804.0,3.0
Plot  Area,18-Aug,Whitefield,3.0,2.0,56.2,1200.0,3.0
Built-up  Area,Ready To Move,Anand Nagar,2.0,3.0,55.0,1135.0,2.0
Super built-up  Area,Ready To Move,Begur Road,2.0,2.0,46.62,1260.0,2.0
Plot  Area,Ready To Move,Peenya,5.0,1.0,110.0,1440.0,5.0
Built-up  Area,Ready To Move,Hennur Road,3.0,2.0,160.0,2160.0,3.0
Plot  Area,Ready To Move,Rayasandra,6.0,2.0,85.0,700.0,7.0
Super built-up  Area,Ready To Move,Rachenahalli,2.0,2.0,59.5,1220.0,2.0
Plot  Area,Ready To Move,Margondanahalli,2.0,0.0,67.0,1200.0,2.0
Super built-up  Area,Ready To Move,Yelahanka,2.0,3.0,65.0,1300.0,2.0
Super built-up  Area,Ready To Move,Cox Town,1.0,1.0,29.0,605.0,1.0
Plot  Area,Ready To Move,Vijayanagar,4.0,1.0,210.0,1230.0,6.0
Super built-up  Area,18-Apr,Bhoganhalli,2.0,1.0,75.97,1444.0,2.0
Built-up  Area,Ready To Move,Amruthahalli,2.0,1.0,45.0,924.0,2.0
Super built-up  Area,18-Nov,Kaikondrahalli,2.0,1.0,30.0,1000.0,2.0
Plot  Area,Ready To Move,Vishveshwarya Layout,4.0,0.0,95.0,600.0,4.0
Plot  Area,Ready To Move,Patelappa Layout,3.0,3.0,225.0,1200.0,3.0
Super built-up  Area,Ready To Move,Bisuvanahalli,2.0,1.0,29.0,845.0,2.0
Super built-up  Area,21-Dec,Kanakpura Road,2.0,1.0,35.0,700.0,2.0
Super built-up  Area,Ready To Move,Kothanur,2.0,2.0,58.0,1187.0,2.0
Super built-up  Area,Ready To Move,Kaggadasapura,3.0,2.0,55.0,1625.0,3.0
Plot  Area,Ready To Move, Devarachikkanahalli,2.0,2.0,83.0,1200.0,2.0
Super built-up  Area,Ready To Move,Pulkeshi Nagar,2.0,3.0,110.0,1452.55,2.0
Built-up  Area,Ready To Move,"Thanisandra Main Road, ",3.0,2.0,151.0,2357.0,3.0
Super built-up  Area,Ready To Move,Kaval Byrasandra,2.0,1.0,49.5,1200.0,2.0
Super built-up  Area,Ready To Move,Budigere,2.0,2.0,56.85,1139.0,2.0
Built-up  Area,Ready To Move,Basavangudi,1.0,0.0,97.5,600.0,1.0
Super built-up  Area,Ready To Move,Kanakpura Road,3.0,3.0,75.0,1660.0,3.0
Super built-up  Area,Ready To Move,Jayanagar,2.0,3.0,105.0,1170.0,2.0
Super built-up  Area,Ready To Move,Somasundara Palya,2.0,2.0,68.0,1448.0,2.0
Super built-up  Area,18-May,Kadugodi,3.0,3.0,110.0,1762.0,3.0
Super built-up  Area,Ready To Move,Kaggadasapura,2.0,1.0,38.65,1105.0,2.0
Super built-up  Area,18-Mar,Yelahanka,3.0,1.0,105.0,1825.0,3.0
Super built-up  Area,19-Dec, Bhoganhalli,1.0,0.0,22.89,296.0,1.0
Plot  Area,Ready To Move,Kumbalgodu,4.0,1.0,85.0,1200.0,5.0
Super built-up  Area,Ready To Move,Thanisandra,2.0,2.0,43.0,1185.0,2.0
Built-up  Area,18-Aug,Electronic City Phase II,2.0,1.0,38.12,1320.0,3.0
Super built-up  Area,Ready To Move,Hulimavu,2.0,1.0,48.0,1058.0,2.0
Super built-up  Area,Ready To Move,Bellandur,2.0,2.0,60.0,1220.0,2.0
Super built-up  Area,18-Aug,Sarjapur,2.0,1.0,25.0,925.0,2.0
Super built-up  Area,18-May,Old Madras Road,2.0,1.0,72.0,1200.0,2.0
Super built-up  Area,Ready To Move,Kengeri,2.0,2.0,40.6,1160.0,3.0
Plot  Area,Ready To Move,Kengeri Satellite Town,4.0,3.0,72.0,600.0,3.0
Super built-up  Area,18-Jul,banashankari stage iii sa,3.0,2.0,91.72,1411.0,3.0
Super built-up  Area,Ready To Move,Bannerghatta Road,3.0,2.0,78.0,1550.0,3.0
Super built-up  Area,Ready To Move,Green Glen Layout,4.0,3.0,230.0,3250.0,4.0
Super built-up  Area,Ready To Move,Haralur Road,4.0,2.0,130.0,2475.0,3.0
Super built-up  Area,22-May,Jakkur,2.0,2.0,260.5,3181.0,4.0
Super built-up  Area,19-Dec,7th Phase JP Nagar,4.0,0.0,188.0,2503.0,4.0
Super built-up  Area,Ready To Move,Marathahalli,5.0,2.0,190.0,2524.0,4.0
Super built-up  Area,Ready To Move,Kaggadasapura,2.0,2.0,42.0,1063.0,2.0
Super built-up  Area,Ready To Move,Kanakpura Road,2.0,1.0,37.7,1077.0,2.0
Super built-up  Area,Ready To Move,Manayata Tech Park,3.0,2.0,44.0,1200.0,2.0
Built-up  Area,Ready To Move,Hosakerehalli,3.0,2.0,70.0,1500.0,4.0
Super built-up  Area,Ready To Move,Jalahalli,2.0,2.0,76.77,1045.0,2.0
Super built-up  Area,Ready To Move,Kanakapura,2.0,3.0,45.15,1290.0,3.0
Super built-up  Area,Ready To Move,Hoodi,2.0,1.0,78.0,1400.0,2.0
Built-up  Area,Ready To Move,Begur Road,3.0,2.0,58.14,1600.0,3.0
Super built-up  Area,Ready To Move,Jayanagar,3.0,3.0,375.0,3095.0,3.0
Super built-up  Area,Ready To Move,Nagavara,2.0,1.0,58.0,1545.0,3.0
Super built-up  Area,Ready To Move,Sarjapur  Road,3.0,1.0,112.0,1680.0,3.0
Built-up  Area,Ready To Move,Amruthnagar,2.0,1.0,67.5,1350.0,2.0
Super built-up  Area,Ready To Move,Gottigere,2.0,1.0,38.0,950.0,2.0
Super built-up  Area,Ready To Move,Thanisandra,2.0,2.0,45.0,1050.0,2.0
Super built-up  Area,Ready To Move,Banashankari Stage V,2.0,2.0,49.0,1305.0,3.0
Plot  Area,Ready To Move,Hosakerehalli,4.0,2.0,120.0,800.0,4.0
Built-up  Area,18-Feb,Kodichikkanahalli,7.0,2.0,125.0,2700.0,5.0
Plot  Area,Ready To Move,MS Pallya,3.0,1.0,78.0,1100.0,3.0
Built-up  Area,Ready To Move,Thanisandra,5.0,0.0,160.0,3500.0,6.0
Super built-up  Area,19-Oct,Begur Road,3.0,1.0,83.33,1634.0,3.0
Super built-up  Area,Ready To Move,Prithvi Layout,2.0,2.0,85.0,1352.0,2.0
Super built-up  Area,17-Sep,Balagere,2.0,2.0,65.0,1145.0,2.0
Super built-up  Area,18-May,Alfa Garden Layout,2.0,2.0,43.79,1240.0,2.0
Super built-up  Area,Ready To Move,7th Phase JP Nagar,3.0,2.0,190.0,2200.0,3.0
Super built-up  Area,18-Mar,Bommasandra Industrial Area,2.0,1.0,39.0,1020.0,2.0
Super built-up  Area,Ready To Move,Palace Guttahalli,4.0,2.0,365.0,3600.0,4.0
Super built-up  Area,18-Aug,Raja Rajeshwari Nagar,2.0,1.0,61.0,1168.0,2.0
Super built-up  Area,18-Jul,Electronic City Phase II,2.0,1.0,75.0,1205.0,2.0
Super built-up  Area,Ready To Move,Yeshwanthpur,2.0,2.0,100.0,1195.0,2.0
Built-up  Area,Ready To Move,CV Raman Nagar,2.0,1.0,49.0,1028.0,2.0
Super built-up  Area,Ready To Move,Akshya Nagar,2.0,2.0,48.27,1175.0,2.0
Super built-up  Area,Ready To Move,Pai Layout,2.0,2.0,90.0,1550.0,3.0
Super built-up  Area,Ready To Move,Yeshwanthpur,3.0,2.0,165.0,1826.0,3.0
Plot  Area,Ready To Move,Hoodi,5.0,2.0,160.0,2400.0,5.0
Super built-up  Area,Ready To Move,Yelahanka,3.0,2.0,96.0,1603.0,3.0
Built-up  Area,Ready To Move,Marathahalli,3.0,1.0,72.0,1350.0,3.0
Built-up  Area,Ready To Move,KR Puram,1.0,1.0,28.0,714.0,1.0
Super built-up  Area,18-Nov,Whitefield,2.0,3.0,65.0,1215.0,2.0
Built-up  Area,Ready To Move,Malleshpalya,2.0,2.0,77.0,1405.0,3.0
Super built-up  Area,Ready To Move,KR Puram,2.0,1.0,51.0,1142.0,2.0
Built-up  Area,Ready To Move,Akshaya Vana,4.0,3.0,170.0,4000.0,4.0
Super built-up  Area,Ready To Move,Whitefield,3.0,2.0,90.0,1870.0,3.0
Super built-up  Area,Ready To Move,Subramanyapura,2.0,2.0,73.0,1313.0,2.0
Built-up  Area,Ready To Move,Hennur Gardens,3.0,3.0,120.0,1945.0,3.0
Super built-up  Area,17-Jul,Thanisandra,3.0,2.0,95.0,1573.0,3.0
Super built-up  Area,Ready To Move,Sarjapur  Road,2.0,1.0,92.0,1255.0,2.0
Super built-up  Area,Ready To Move,Benson Town,3.0,2.0,91.15,1400.0,4.0
Super built-up  Area,18-May,Kannamangala,2.0,2.0,43.63,1235.0,2.0
Super built-up  Area,Ready To Move,Sarjapur  Road,2.0,1.0,52.0,1380.0,3.0
Plot  Area,Ready To Move,Ramamurthy Nagar,9.0,2.0,250.0,1500.0,7.0
Super built-up  Area,Ready To Move,Vittasandra,2.0,1.0,67.0,1238.0,2.0
Super built-up  Area,18-Oct,Chennammana Kere,2.0,3.0,74.72,1465.0,3.0
Super built-up  Area,Ready To Move,Thigalarapalya,2.0,2.0,103.0,1418.0,2.0
Super built-up  Area,Ready To Move,Victoria Layout,3.0,1.0,165.0,1650.0,3.0
Built-up  Area,Ready To Move, Anekal,1.0,1.0,16.0,351.0,1.0
Super built-up  Area,Ready To Move,Uttarahalli,2.0,2.0,48.0,1279.0,2.0
Built-up  Area,Ready To Move,Kasavanhalli,3.0,1.0,200.0,1870.0,3.0
Plot  Area,Ready To Move,BCC Layout,5.0,1.0,230.0,1500.0,4.0
Super built-up  Area,19-Oct,Hebbal,2.0,2.0,250.0,2526.0,3.0
Plot  Area,Ready To Move,Mathikere,2.0,1.0,150.0,1550.0,3.0
Super built-up  Area,Ready To Move,Rajaji Nagar,2.0,2.0,424.5,3539.5,4.0
Super built-up  Area,18-Aug,Uttarahalli,2.0,1.0,68.27,1845.0,3.0
Super built-up  Area,Ready To Move,Motappa Layout,2.0,1.0,59.27,1360.0,3.0
Built-up  Area,Ready To Move,Friends Colony,2.0,1.0,75.0,1150.0,3.0
Super built-up  Area,Ready To Move,Whitefield,2.0,2.0,49.5,1260.0,2.0
Plot  Area,Ready To Move,Doddabidrakallu,3.0,1.0,74.0,1200.0,3.0
Built-up  Area,Ready To Move,Dasanapura,2.0,1.0,42.5,965.0,2.0
Built-up  Area,Ready To Move,Hoodi,2.0,3.0,48.0,1350.0,3.0
Super built-up  Area,18-Jul,Bhoganhalli,2.0,1.0,75.97,1447.0,2.0
Super built-up  Area,Ready To Move,Arehalli,3.0,1.0,86.03,1229.0,3.0
Super built-up  Area,Ready To Move,Kudlu,2.0,2.0,43.0,1027.0,2.0
Super built-up  Area,Ready To Move,Gottigere,2.0,1.0,48.5,1153.0,2.0
Super built-up  Area,18-Dec,Whitefield,5.0,0.0,145.5,2856.0,4.0
Super built-up  Area,Ready To Move,Malleshpalya,2.0,2.0,50.0,1065.0,2.0
Built-up  Area,Ready To Move,Tala Cauvery Layout,2.0,3.0,61.0,1030.0,2.0
Super built-up  Area,Ready To Move,Mallasandra,2.0,2.0,61.0,1340.0,2.0
Super built-up  Area,Ready To Move,Marathahalli,5.0,2.0,212.0,4000.0,4.0
Built-up  Area,Ready To Move,Sri Balaji Krupa Layout,1.0,0.0,32.0,600.0,1.0
Super built-up  Area,Ready To Move,Begur Road,2.0,3.0,44.42,1410.0,3.0
Super built-up  Area,20-Dec,Varthur,2.0,2.0,45.35,1055.0,2.0
Super built-up  Area,18-May,Yelahanka,2.0,1.0,79.0,1304.0,2.0
Super built-up  Area,18-Feb,Sadashiva Nagar,4.0,1.0,485.0,2720.0,4.0
Built-up  Area,Ready To Move,Kammasandra,2.0,1.0,31.5,990.0,2.0
Super built-up  Area,Ready To Move,7th Phase JP Nagar,2.0,1.0,39.33,1035.0,2.0
Super built-up  Area,21-Jun,Tumkur Road,1.0,0.0,30.09,700.0,1.0
Super built-up  Area,Ready To Move,Sonnenahalli,2.0,2.0,43.0,1120.0,2.0
Super built-up  Area,Ready To Move,Haralur Road,2.0,2.0,73.0,1300.0,2.0
Super built-up  Area,21-Jan,Tumkur Road,2.0,1.0,82.0,1239.0,2.0
Super built-up  Area,19-Dec,Sarjapur  Road,3.0,3.0,51.63,1403.0,3.0
Super built-up  Area,Ready To Move,Hosa Road,2.0,1.0,92.0,1365.0,2.0
Super built-up  Area,Ready To Move,8th block Koramangala,2.0,1.0,135.0,1165.0,2.0
Super built-up  Area,Ready To Move,Subramanyapura,2.0,3.0,45.19,1130.0,3.0
Super built-up  Area,Ready To Move,Green Glen Layout,3.0,2.0,105.0,1776.42,3.0
Plot  Area,Ready To Move,Vidyaranyapura,4.0,3.0,175.0,900.0,4.0
Super built-up  Area,Ready To Move,Haralur Road,2.0,2.0,47.0,1194.0,2.0
Super built-up  Area,Ready To Move,Bidadi,2.0,2.0,33.0,1107.0,2.0
Super built-up  Area,Ready To Move,Nagavara,3.0,2.0,180.0,2319.0,3.0
Super built-up  Area,Ready To Move,Nallurhalli,3.0,3.0,80.0,1520.0,3.0
Super built-up  Area,19-Jul,Kannamangala,3.0,1.0,89.0,1536.0,3.0
Built-up  Area,Ready To Move,Teachers Colony,4.0,2.0,240.0,3000.0,4.0
Super built-up  Area,Ready To Move,Belathur,2.0,1.0,38.0,1050.0,2.0
Super built-up  Area,22-Jun,Hoodi,3.0,2.0,146.0,1850.0,3.0
Super built-up  Area,Ready To Move,Billekahalli,2.0,2.0,62.0,1112.0,2.0
Super built-up  Area,Ready To Move,Marathahalli,3.0,2.0,72.5,1535.0,3.0
Built-up  Area,Ready To Move,Kanakpura Road,2.0,1.0,35.0,1050.0,2.0
Plot  Area,Ready To Move,Banashankari,3.0,2.0,370.0,2400.0,4.0
Super built-up  Area,Ready To Move,7th Phase JP Nagar,3.0,2.0,65.0,1250.0,3.0
Super built-up  Area,Ready To Move,Kalena Agrahara,2.0,3.0,52.0,1187.0,2.0
Built-up  Area,Ready To Move,9th Phase JP Nagar,2.0,1.0,56.0,1164.0,2.0
Super built-up  Area,18-May,Electronic City Phase II,2.0,1.0,62.78,1395.0,3.0
Super built-up  Area,18-Jul,Arekere,3.0,2.0,108.0,2072.0,3.0
Super built-up  Area,Ready To Move,Kanakpura Road,3.0,3.0,60.91,1450.0,3.0
Super built-up  Area,Ready To Move,Bannerghatta Road,3.0,2.0,82.0,1550.0,3.0
Super built-up  Area,Ready To Move,Sampige Layout,2.0,2.0,90.0,1315.0,2.0
Super built-up  Area,19-Dec,Hebbal,4.0,3.0,230.0,3067.0,4.0
Super built-up  Area,Ready To Move,Amruthnagar,2.0,2.0,72.0,1210.0,2.0
Super built-up  Area,Ready To Move,Bisuvanahalli,2.0,1.0,47.0,1075.0,3.0
Super built-up  Area,Ready To Move,Sathya Sai Layout,9.0,1.0,1000.0,11338.0,6.0
Super built-up  Area,18-May,Virgonagar,3.0,1.0,42.2,1215.0,3.0
Built-up  Area,Ready To Move,Kaggadasapura,2.0,2.0,75.0,1470.0,3.0
Plot  Area,18-Jul,Dodsworth Layout,4.0,2.0,2100.0,30000.0,4.0
Built-up  Area,Ready To Move,Hosur Road,2.0,2.0,125.0,1590.0,3.0
Super built-up  Area,Ready To Move,Kanakpura Road,2.0,1.0,36.75,1050.0,2.0
Super built-up  Area,Ready To Move,Raja Rajeshwari Nagar,2.0,1.0,55.91,1306.0,2.0
Built-up  Area,Ready To Move,Malleshwaram,3.0,2.0,250.0,2000.0,3.0
Built-up  Area,Ready To Move,"Kudlu Village, ",3.0,2.0,64.0,1445.0,3.0
Super built-up  Area,Ready To Move,Sarjapur  Road,3.0,2.0,58.0,1220.0,3.0
Plot  Area,Ready To Move,Sarjapur,3.0,1.0,160.0,3190.0,4.0
Super built-up  Area,18-May,Ramagondanahalli,2.0,1.0,51.26,1215.0,2.0
Built-up  Area,Ready To Move,Budigere,2.0,1.0,88.0,1920.0,3.0
Super built-up  Area,Ready To Move,Dodda Nekkundi,2.0,2.0,60.0,1390.0,2.0
Plot  Area,Ready To Move,Battarahalli,2.0,1.0,75.0,800.0,3.0
Plot  Area,Ready To Move,Nagarbhavi,3.0,2.0,100.0,600.0,3.0
Super built-up  Area,21-Jul,Hoodi,2.0,0.0,71.74,1196.0,2.0
Super built-up  Area,Ready To Move,Bannerghatta Road,2.0,2.0,75.0,1550.0,3.0
Super built-up  Area,Ready To Move,Thigalarapalya,2.0,2.0,101.0,1418.0,2.0
Super built-up  Area,19-Mar,Varthur Road,3.0,2.0,115.0,1655.0,3.0
Built-up  Area,Ready To Move,KR Puram,2.0,2.0,33.45,1115.0,2.0
Super built-up  Area,Ready To Move,Rajiv Gandhi Nagar,2.0,2.0,68.0,1170.0,2.0
Super built-up  Area,Ready To Move,Anekal,2.0,2.0,38.3,1035.0,2.0
Super built-up  Area,Ready To Move,Singasandra,2.0,2.0,58.0,1306.0,3.0
Super built-up  Area,18-Dec,Kengeri,2.0,2.0,22.0,750.0,2.0
Super built-up  Area,Ready To Move,Thanisandra,3.0,3.0,122.0,1917.0,3.0
Super built-up  Area,Ready To Move,Kaggadasapura,3.0,3.0,58.0,1615.0,3.0
Super built-up  Area,Ready To Move,Marathahalli,2.0,2.0,52.25,1071.0,2.0
Super built-up  Area,Ready To Move,Koramangala,2.0,2.0,119.0,1325.0,2.0
Plot  Area,Ready To Move,Malleshwaram,4.0,2.0,900.0,3000.0,7.0
Super built-up  Area,Ready To Move,5th Phase JP Nagar,2.0,1.0,88.0,1400.0,3.0
Super built-up  Area,21-Jan,Tumkur Road,2.0,1.0,82.0,1246.0,2.0
Built-up  Area,Ready To Move,Sarjapur,2.0,0.0,40.0,1215.0,2.0
Super built-up  Area,Ready To Move,Munnekollal,2.0,2.0,49.5,1200.0,2.0
Plot  Area,Ready To Move,Kurubarahalli,3.0,1.0,53.0,450.0,4.0
Super built-up  Area,Ready To Move,Kodigehaali,2.0,2.0,60.0,1200.0,2.0
Built-up  Area,Ready To Move,Kaval Byrasandra,2.0,2.0,50.0,945.0,2.0
Super built-up  Area,Ready To Move,Benson Town,5.0,2.0,650.0,4460.0,4.0
Super built-up  Area,Ready To Move,Hormavu,2.0,1.0,52.0,1175.0,2.0
Super built-up  Area,Ready To Move,Whitefield,2.0,1.0,63.0,920.0,2.0
Super built-up  Area,Ready To Move,Hosakerehalli,5.0,1.0,350.0,3024.0,4.0
Plot  Area,Ready To Move,Bidadi,2.0,2.0,110.0,1600.0,2.0
Plot  Area,Ready To Move,Sanjay nagar,2.0,0.0,110.0,750.0,4.0
Plot  Area,Ready To Move,Sector 4 HSR Layout,4.0,2.0,700.0,2400.0,4.0
Built-up  Area,Ready To Move,Bhagyalakshmi Avenue,1.0,2.0,34.01,955.0,2.0
Super built-up  Area,Ready To Move,Ardendale,3.0,3.0,100.0,1750.0,3.0
Super built-up  Area,Ready To Move,Uttarahalli,2.0,2.0,64.0,1425.0,3.0
Super built-up  Area,Ready To Move,Basavangudi,3.0,2.0,265.0,2150.0,3.0
Super built-up  Area,20-Dec,Whitefield,2.0,1.0,40.5,1165.0,2.0
Super built-up  Area,Ready To Move,Kaggadasapura,2.0,2.0,48.0,1050.0,2.0
Super built-up  Area,Ready To Move,Cholanayakanahalli,2.0,2.0,75.0,1370.0,3.0
Super built-up  Area,18-Apr,Electronic City,2.0,1.0,72.0,1374.0,3.0
Super built-up  Area,Ready To Move,Harlur,3.0,2.0,124.0,1754.0,3.0
Super built-up  Area,Ready To Move,Kothanur,3.0,2.0,110.0,1847.0,3.0
Super built-up  Area,Ready To Move,Ambedkar Nagar,4.0,3.0,139.0,1850.0,3.0
Plot  Area,18-May,Chikka Tirupathi,3.0,1.0,135.0,3297.0,3.0
Super built-up  Area,Ready To Move,Doddakannelli,2.0,2.0,45.0,1187.0,2.0
Built-up  Area,18-Dec,Bommasandra Industrial Area,2.0,1.0,40.44,1400.0,3.0
Plot  Area,Ready To Move,Kengeri Hobli,2.0,0.0,30.0,600.0,3.0
Super built-up  Area,Ready To Move,Chamrajpet,2.0,3.0,180.0,1350.0,2.0
Plot  Area,Ready To Move,Doddaballapur,2.0,2.0,120.0,3000.0,3.0
Super built-up  Area,21-Dec,Thanisandra,1.0,1.0,34.3,693.0,1.0
Super built-up  Area,21-May,Dairy Circle,3.0,2.0,224.0,1980.0,3.0
Super built-up  Area,Ready To Move,KR Puram,2.0,1.0,48.0,1021.0,2.0
Super built-up  Area,Ready To Move,Thigalarapalya,2.0,2.0,95.0,1165.0,2.0
Super built-up  Area,19-Mar,Horamavu Agara,3.0,2.0,92.0,1756.0,3.0
Super built-up  Area,Ready To Move,Bharathi Nagar,3.0,1.0,105.0,1739.0,3.0
Super built-up  Area,Ready To Move,Varthur,2.0,2.0,65.0,1280.0,2.0
Super built-up  Area,Ready To Move,Marathahalli,2.0,2.0,58.86,1215.0,2.0
Super built-up  Area,18-Apr,Munnekollal,2.0,1.0,46.5,950.0,2.0
Built-up  Area,Ready To Move,Kengeri,2.0,1.0,49.0,1082.0,3.0
Super built-up  Area,Ready To Move,7th Phase JP Nagar,2.0,1.0,42.0,1050.0,2.0
Super built-up  Area,Ready To Move,Devanahalli,2.0,0.0,53.35,1080.0,2.0
Super built-up  Area,Ready To Move,Arekere,2.0,2.0,55.0,1100.0,2.0
Plot  Area,Ready To Move,Ardendale,4.0,1.0,205.0,3200.0,4.0
Super built-up  Area,Ready To Move,Sarjapur  Road,2.0,1.0,78.0,1311.0,2.0
Super built-up  Area,Ready To Move,Raja Rajeshwari Nagar,3.0,1.0,67.98,1608.0,3.0
Super built-up  Area,Ready To Move,Begur Road,2.0,2.0,36.0,1160.0,2.0
Super built-up  Area,Ready To Move,Whitefield,2.0,1.0,71.0,1170.0,2.0
Super built-up  Area,Ready To Move,Kengeri,2.0,2.0,40.6,1155.0,2.0
Super built-up  Area,18-Dec,Hebbal,2.0,1.0,77.68,1255.0,3.0
Super built-up  Area,Ready To Move,Rayasandra,2.0,2.0,44.95,1065.0,2.0
Super built-up  Area,Ready To Move,Neeladri Nagar,1.0,1.0,21.0,674.0,1.0
Super built-up  Area,Ready To Move,Ambedkar Nagar,4.0,2.0,126.0,1936.0,3.0
Super built-up  Area,18-Dec,Sarakki Nagar,3.0,2.0,260.0,2289.0,3.0
Super built-up  Area,Ready To Move,Abbaiah Reddy Layout,2.0,1.0,38.45,1100.0,2.0
Super built-up  Area,Ready To Move,Ramagondanahalli,4.0,2.0,157.0,2257.0,3.0
Super built-up  Area,Ready To Move,Nagarbhavi,2.0,2.0,55.0,1055.0,2.0
Super built-up  Area,Ready To Move,Raja Rajeshwari Nagar,3.0,3.0,51.87,1530.0,3.0
Super built-up  Area,Ready To Move,Dinnur,3.0,1.0,97.0,1700.0,3.0
Super built-up  Area,Ready To Move,Raja Rajeshwari Nagar,2.0,2.0,78.0,1575.0,3.0
Built-up  Area,Ready To Move,Frazer Town,4.0,2.0,330.0,3500.0,3.0
Super built-up  Area,Ready To Move,Rajiv Nagar,2.0,1.0,93.32,1263.0,2.0
Super built-up  Area,Ready To Move,KR Puram,3.0,0.0,69.315,1559.0,3.0
Super built-up  Area,Ready To Move,Kengeri Satellite Town,2.0,2.0,65.0,1043.0,2.0
Super built-up  Area,Ready To Move,Hennur,2.0,2.0,53.5,1255.0,2.0
Super built-up  Area,18-Mar,JP Nagar,2.0,0.0,93.865,1352.5,2.0
Super built-up  Area,18-Dec,Chandapura,1.0,0.0,13.57,590.0,1.0
Plot  Area,Ready To Move,Yelahanka,3.0,1.0,120.0,1550.0,3.0
Super built-up  Area,Ready To Move,Sarjapur  Road,3.0,3.0,56.0,1220.0,3.0
Super built-up  Area,Ready To Move,Rustam Bagh Layout,3.0,3.0,160.0,1900.0,3.0
Super built-up  Area,Ready To Move,Vasantha Vallabha Nagar,3.0,3.0,55.0,1360.0,3.0
Built-up  Area,Ready To Move,Vyalikaval,2.0,1.0,75.0,1100.0,2.0
Super built-up  Area,20-Mar,8th Phase JP Nagar,3.0,2.0,73.31,1455.0,3.0
Built-up  Area,Ready To Move,KR Puram,2.0,1.0,40.5,1035.0,2.0
Super built-up  Area,Ready To Move,Harlur,2.0,2.0,69.0,1152.0,2.0
Super built-up  Area,Ready To Move,Bellandur,2.0,2.0,82.0,1299.0,2.0
Super built-up  Area,18-Nov,Sarjapur  Road,2.0,1.0,75.0,1157.0,3.0
Super built-up  Area,Ready To Move,Rachenahalli,2.0,2.0,52.5,1050.0,2.0
Super built-up  Area,Ready To Move,Pai Layout,2.0,2.0,40.0,1050.0,2.0
Super built-up  Area,Ready To Move,Vittasandra,2.0,1.0,67.4,1246.0,2.0
Built-up  Area,Ready To Move,"Sarjapur Road, ",3.0,2.0,115.0,1929.0,3.0
Super built-up  Area,Ready To Move,Hennur,2.0,1.0,60.0,1285.0,2.0
Plot  Area,Ready To Move,Margondanahalli,2.0,0.0,65.0,1200.0,3.0
Built-up  Area,Ready To Move,"Banaswadi, ",4.0,3.0,214.0,3161.0,4.0
Built-up  Area,Ready To Move,BTM 2nd Stage,3.0,2.0,170.0,1850.0,3.0
Built-up  Area,Ready To Move,Sompura,2.0,0.0,37.0,1025.0,3.0
Built-up  Area,Ready To Move,Malleshwaram,3.0,2.0,80.0,1124.0,2.0
Super built-up  Area,19-Dec,Balagere,2.0,1.0,54.59,1012.0,2.0
Super built-up  Area,Ready To Move,Giri Nagar,5.0,3.0,250.0,4500.0,7.0
Super built-up  Area,Ready To Move,8th Phase JP Nagar,2.0,2.0,55.0,871.0,2.0
Built-up  Area,Ready To Move,Chinnapanahalli,2.0,2.0,40.0,1020.0,2.0
Super built-up  Area,Ready To Move,Rachenahalli,3.0,3.0,73.5,1550.0,3.0
Plot  Area,Ready To Move,Anand Nagar,3.0,1.0,420.0,3515.0,3.0
Super built-up  Area,Ready To Move,Akshaya Nagar,2.0,2.0,80.0,1410.0,3.0
Plot  Area,18-Dec,Chikka Tirupathi,5.0,3.0,150.0,3500.0,4.0
Super built-up  Area,18-Apr,Whitefield,2.0,1.0,75.0,1118.0,2.0
Super built-up  Area,Ready To Move,Thanisandra,2.0,1.0,68.0,1098.0,2.0
Super built-up  Area,Ready To Move,Kanakapura,2.0,1.0,45.2,1130.0,2.0
Super built-up  Area,Ready To Move,Sarjapur  Road,2.0,2.0,75.0,1145.0,2.0
Plot  Area,Ready To Move,Kadugodi,3.0,1.0,80.0,950.0,3.0
Super built-up  Area,Ready To Move,Balaji Gardens Layout,2.0,1.0,33.0,1051.0,2.0
Plot  Area,Ready To Move,Thavarekere,7.0,2.0,108.0,600.0,7.0
Super built-up  Area,18-Apr,Marathahalli,2.0,2.0,53.67,1102.0,2.0
Super built-up  Area,Ready To Move,Jalahalli,2.0,2.0,125.0,1478.0,2.0
Super built-up  Area,18-Aug,Chandapura,1.0,1.0,16.45,645.0,1.0
Carpet  Area,18-Dec,Hebbal,2.0,1.0,50.63,823.0,2.0
Super built-up  Area,21-Dec,Abbigere,2.0,1.0,35.0,880.0,2.0
Built-up  Area,Ready To Move,KR Puram,5.0,2.0,75.0,600.0,4.0
Super built-up  Area,Ready To Move,Budigere,4.0,2.0,100.0,1991.0,3.0
Built-up  Area,Ready To Move,TC Palaya,3.0,1.0,50.0,1100.0,3.0
Super built-up  Area,Ready To Move,Gubbalala,3.0,2.0,115.0,1745.0,3.0
Built-up  Area,17-Sep,HAL 2nd Stage,3.0,1.0,135.0,1226.0,2.0
Plot  Area,Ready To Move,Begur Road,4.0,1.0,68.0,680.0,3.0
Super built-up  Area,Ready To Move, Devarabeesana Halli,2.0,1.0,70.0,1100.0,2.0
Plot  Area,Ready To Move,Banashankari Stage VI,4.0,3.0,195.0,1200.0,4.0
Super built-up  Area,Ready To Move,5th Phase JP Nagar,2.0,1.0,58.0,1450.0,2.0
Super built-up  Area,Ready To Move,Singasandra,4.0,2.0,120.0,3366.0,4.0
Built-up  Area,Ready To Move,Sahakara Nagar,2.0,1.0,54.0,1150.0,2.0
Super built-up  Area,Ready To Move,Kanakpura Road,3.0,2.0,95.84,1843.0,3.0
Plot  Area,Ready To Move,Banashankari Stage VI,4.0,2.0,195.0,2200.0,4.0
Built-up  Area,Ready To Move,Bommanahalli,3.0,2.0,44.0,1090.0,2.0
Super built-up  Area,Ready To Move,Kaggadasapura,2.0,2.0,42.0,1132.0,2.0
Super built-up  Area,Ready To Move,Hulimavu,2.0,2.0,80.0,1375.0,2.0
Plot  Area,Ready To Move,7th Phase JP Nagar,5.0,3.0,220.0,1500.0,4.0
Super built-up  Area,Ready To Move,Thanisandra,1.0,2.0,50.3,760.0,1.0
Super built-up  Area,Ready To Move,Kaggadasapura,2.0,2.0,65.0,1180.0,2.0
Super built-up  Area,Ready To Move,Jigani,2.0,2.0,45.0,918.0,2.0
Plot  Area,Ready To Move,Rachenahalli,5.0,2.0,50.0,600.0,5.0
Built-up  Area,Ready To Move,Margondanahalli,1.0,0.0,53.0,1200.0,2.0
Super built-up  Area,Ready To Move,HSR Layout,2.0,1.0,61.0,1372.0,2.0
Plot  Area,Ready To Move,1st Block HRBR Layout,7.0,3.0,355.0,2400.0,7.0
Super built-up  Area,Ready To Move,Ardendale,3.0,2.0,95.0,1728.0,3.0
Super built-up  Area,Ready To Move,Malleshwaram,3.0,1.0,275.0,2215.0,3.0
Super built-up  Area,Ready To Move,BTM 2nd Stage,2.0,2.0,80.0,1200.0,2.0
Super built-up  Area,Ready To Move,6th Phase JP Nagar,2.0,2.0,56.0,1280.0,2.0
Plot  Area,Ready To Move,Hulimavu,4.0,2.0,110.0,800.0,4.0
Super built-up  Area,Ready To Move,Byrasandra,2.0,2.0,56.0,1455.0,3.0
Super built-up  Area,20-Aug, Rachenahalli,1.0,0.0,28.0,440.0,1.0
Plot  Area,Ready To Move,Kanakpura Road,3.0,2.0,97.0,1500.0,3.0
Super built-up  Area,Ready To Move,Whitefield,3.0,2.0,110.0,1800.0,3.0
Super built-up  Area,Ready To Move,Mysore Road,3.0,2.0,96.0,1525.0,3.0
Super built-up  Area,Ready To Move,Rachenahalli,2.0,3.0,38.5,1204.0,2.0
Super built-up  Area,19-Dec,Old Madras Road,2.0,1.0,53.55,1225.0,2.0
Built-up  Area,Ready To Move,Kalyan nagar,6.0,3.0,98.0,800.0,6.0
Super built-up  Area,Ready To Move,Bannerghatta Road,3.0,2.0,122.0,1650.0,3.0
Built-up  Area,Ready To Move,Electronic City,2.0,1.0,18.0,880.0,3.0
Built-up  Area,Ready To Move,Bikasipura,4.0,2.0,255.0,4200.0,4.0
Plot  Area,Ready To Move,Tippenahalli,2.0,0.0,55.0,1200.0,2.0
Plot  Area,Ready To Move,Sarjapur  Road,4.0,1.0,230.0,1152.0,4.0
Super built-up  Area,Ready To Move,9th Phase JP Nagar,2.0,1.0,42.0,1005.0,2.0
Super built-up  Area,20-Dec,Whitefield,3.0,2.0,103.0,1562.0,3.0
Built-up  Area,Ready To Move,Devanahalli,5.0,2.0,395.0,5000.0,4.0
Plot  Area,Ready To Move,Babusapalaya,5.0,2.0,95.0,810.0,6.0
Super built-up  Area,Ready To Move,Ramamurthy Nagar,2.0,3.0,42.0,1200.0,2.0
Super built-up  Area,Ready To Move,Kasavanhalli,3.0,2.0,82.5,1555.0,3.0
Plot  Area,Ready To Move,KR Puram,2.0,1.0,71.0,1550.0,2.0
Super built-up  Area,Ready To Move,Whitefield,2.0,2.0,67.0,1190.0,2.0
Built-up  Area,Ready To Move,Chikkalasandra,2.0,2.0,50.0,1070.0,2.0
Super built-up  Area,Ready To Move,Jalahalli East,2.0,1.0,42.48,1020.0,2.0
Super built-up  Area,Ready To Move,Yelahanka,3.0,1.0,115.0,1610.0,3.0
Super built-up  Area,Ready To Move,Prestige Sunrise,1.0,1.0,41.0,700.0,1.0
Super built-up  Area,Ready To Move,Akshaya Vana,2.0,1.0,49.0,1300.0,3.0
Super built-up  Area,Ready To Move,Hebbal,2.0,1.0,123.0,1420.0,2.0
Plot  Area,Ready To Move,Vidyaranyapura,9.0,2.0,100.0,1200.0,9.0
Carpet  Area,18-Dec,Hebbal,3.0,2.0,65.4,1069.0,3.0
Super built-up  Area,Ready To Move,Marathahalli,3.0,3.0,123.0,1900.0,3.0
Super built-up  Area,18-May,Old Airport Road,2.0,1.0,97.65,1655.0,2.0
Super built-up  Area,Ready To Move,Uttarahalli,2.0,2.0,40.42,1155.0,2.0
Built-up  Area,Ready To Move,Sarjapur  Road,2.0,2.0,70.0,1300.0,3.0
Super built-up  Area,Ready To Move,Electronic City,2.0,2.0,45.0,1100.0,2.0
Super built-up  Area,Ready To Move,Doddathoguru,2.0,2.0,42.0,1030.0,2.0
Super built-up  Area,Ready To Move,Vittasandra,2.0,1.0,70.2,2105.0,2.0
Built-up  Area,Ready To Move,Bhoganhalli,3.0,2.0,126.0,1700.0,3.0
Super built-up  Area,Ready To Move,Jakkur,3.0,2.0,139.0,1760.0,3.0
Built-up  Area,Ready To Move,Kadugodi,9.0,0.0,200.0,6200.0,9.0
Built-up  Area,Ready To Move,1st Stage Indira Nagar,2.0,1.0,67.0,1400.0,2.0
Super built-up  Area,Ready To Move,Srigandada Kaval,2.0,0.0,53.0,1200.0,2.0
Built-up  Area,Ready To Move,Bannerghatta Road,2.0,1.0,55.0,912.0,2.0
Super built-up  Area,Ready To Move,Whitefield,2.0,1.0,48.0,1102.0,2.0
Super built-up  Area,Ready To Move,Channasandra Layout,3.0,1.0,55.0,1535.0,3.0
Super built-up  Area,Ready To Move,Haralur Road,2.0,2.0,46.0,1243.0,2.0
Super built-up  Area,Ready To Move,Jigani,2.0,2.0,63.2,918.0,2.0
Super built-up  Area,Ready To Move,Begur Road,2.0,3.0,70.0,1500.0,3.0
Plot  Area,Ready To Move,Mathikere Extension,3.0,0.0,250.0,3000.0,3.0
Super built-up  Area,Ready To Move,Kasavanhalli,3.0,0.0,89.0,1476.0,3.0
Super built-up  Area,18-Apr,Mysore Road,2.0,3.0,65.0,1200.0,2.0
Super built-up  Area,21-Jun,Vijayanagar,1.0,0.0,34.78,606.0,1.0
Super built-up  Area,Ready To Move,Viswajit Layout,2.0,3.0,61.0,1100.0,2.0
Super built-up  Area,Ready To Move,Garudachar Palya,2.0,1.0,59.5,1295.0,3.0
Built-up  Area,Ready To Move,Neeladri Nagar,1.0,0.0,26.0,527.0,1.0
Super built-up  Area,Ready To Move,OMBR Layout,2.0,2.0,80.0,1300.0,2.0
Plot  Area,Ready To Move,Bommanahalli,4.0,1.0,68.0,680.0,3.0
Plot  Area,Ready To Move,Adityanagar,1.0,0.0,41.0,1260.0,1.0
Built-up  Area,Ready To Move,Koramangala,2.0,1.0,75.2,1140.0,2.0
Plot  Area,Ready To Move,BDS Layout,1.0,0.0,37.5,1500.0,1.0
Super built-up  Area,18-Dec,Whitefield,4.0,1.0,128.0,2321.0,3.0
Super built-up  Area,Ready To Move,Sarjapur  Road,2.0,2.0,62.0,1390.0,2.0
Super built-up  Area,Ready To Move,Sarjapur  Road,3.0,3.0,90.0,1725.0,3.0
Super built-up  Area,18-May,Hebbal,4.0,1.0,310.0,3067.0,4.0
Super built-up  Area,18-Mar,Hennur Road,2.0,1.0,63.0,1186.0,3.0
Super built-up  Area,18-Dec,Kanakpura Road,2.0,1.0,85.0,1230.0,2.0
Built-up  Area,Ready To Move, Mysore Highway,1.0,1.0,17.0,600.0,1.0
Super built-up  Area,18-Dec,Yeshwanthpur,3.0,1.0,96.0,1313.0,3.0
Plot  Area,Ready To Move,TC Palaya,2.0,0.0,55.0,900.0,2.0
Super built-up  Area,Ready To Move,Ambalipura,2.0,2.0,66.25,1250.0,2.0
Plot  Area,Ready To Move,HBR Layout,6.0,3.0,280.0,1200.0,9.0
Super built-up  Area,19-Dec,Binny Pete,1.0,1.0,54.0,660.0,1.0
Super built-up  Area,Ready To Move,Basavangudi,2.0,2.0,105.0,1036.0,2.0
Built-up  Area,Ready To Move,Koramangala,4.0,3.0,450.0,2700.0,4.0
Super built-up  Area,Ready To Move,Old Madras Road,2.0,1.0,70.0,1100.0,2.0
Plot  Area,Ready To Move,BTM 2nd Stage,2.0,1.0,450.0,1500.0,4.0
Plot  Area,Ready To Move,Singasandra,5.0,2.0,56.0,525.0,4.0
Built-up  Area,Ready To Move,Electronics City Phase 1,2.0,1.0,56.0,1015.0,2.0
Plot  Area,Ready To Move,Gottigere,1.0,0.0,26.0,812.0,1.0
Built-up  Area,Ready To Move,Narayana Nagar 1st Block,2.0,2.0,65.0,1360.0,3.0
Super built-up  Area,Ready To Move,Nehru Nagar,3.0,3.0,170.0,2167.0,3.0
Super built-up  Area,Ready To Move,Raja Rajeshwari Nagar,2.0,1.0,35.0,1200.0,2.0
Super built-up  Area,Ready To Move,Gopalkrishna Nagar,2.0,2.0,75.0,1165.0,2.0
Super built-up  Area,Ready To Move,BTM 2nd Stage,2.0,2.0,70.0,1274.0,2.0
Super built-up  Area,Ready To Move,Raja Rajeshwari Nagar,2.0,2.0,39.02,1151.0,2.0
Plot  Area,Ready To Move,Vidyaranyapura,6.0,3.0,110.0,1060.0,6.0
Super built-up  Area,Ready To Move,Thubarahalli,2.0,2.0,120.0,1626.0,3.0
Super built-up  Area,Ready To Move,Banashankari Stage V,2.0,2.0,35.77,1035.0,2.0
Plot  Area,Ready To Move,Shanthi Layout,4.0,0.0,75.0,1272.0,3.0
Built-up  Area,Ready To Move,Jeevan bima nagar,2.0,1.0,45.0,965.0,2.0
Plot  Area,Ready To Move,Esther Enclave Layout,5.0,2.0,140.0,1600.0,5.0
Super built-up  Area,Ready To Move,Kothannur,2.0,1.0,42.79,1070.0,2.0
Built-up  Area,Ready To Move,Raja Rajeshwari Nagar,2.0,2.0,65.0,1570.0,3.0
Built-up  Area,Ready To Move,Volagerekallahalli,2.0,2.0,38.0,1053.0,2.0
Super built-up  Area,Ready To Move,Keerthi Layout,2.0,2.0,25.0,780.0,2.0
Super built-up  Area,Ready To Move,Ganga Nagar Extension,2.0,1.0,65.0,1000.0,3.0
Plot  Area,Ready To Move,9th Phase JP Nagar,3.0,2.0,188.0,1200.0,4.0
Built-up  Area,Ready To Move,Tindlu,7.0,2.0,400.0,7500.0,7.0
Built-up  Area,Ready To Move,5th Phase JP Nagar,2.0,3.0,100.0,1700.0,3.0
Super built-up  Area,Ready To Move,Haralur Road,3.0,2.0,110.0,1850.0,3.0
Built-up  Area,Ready To Move,Kereguddadahalli,2.0,1.0,30.0,904.0,2.0
Super built-up  Area,Ready To Move,Shikaripalya,2.0,1.0,43.72,1121.0,2.0
Super built-up  Area,Ready To Move,7th Phase JP Nagar,2.0,2.0,58.17,1385.0,3.0
Super built-up  Area,Ready To Move,Sahakara Nagar,2.0,1.0,69.85,1270.0,2.0
Super built-up  Area,Ready To Move,Kanakpura Road,3.0,3.0,56.0,1450.0,3.0
Plot  Area,Ready To Move,Huttanahalli,4.0,2.0,325.0,2400.0,3.0
Super built-up  Area,Ready To Move,Mahadevpura,1.0,1.0,35.0,730.0,1.0
Super built-up  Area,Ready To Move,Raja Rajeshwari Nagar,3.0,3.0,53.56,1580.0,3.0
Super built-up  Area,Ready To Move,Thanisandra,2.0,1.0,50.0,1111.0,2.0
Plot  Area,Ready To Move,Kengeri,2.0,1.0,88.0,1125.0,4.0
Super built-up  Area,Ready To Move,Varthur,2.0,2.0,36.0,977.0,2.0
Super built-up  Area,18-Dec,Gunjur Palya,1.0,1.0,19.9,674.0,2.0
Plot  Area,18-Apr,Nagarbhavi,3.0,1.0,83.0,600.0,3.0
Plot  Area,Ready To Move,Sarjapur,4.0,1.0,115.0,2540.0,4.0
Super built-up  Area,17-Dec,Jakkur,2.0,1.0,100.0,1290.0,2.0
Plot  Area,Ready To Move,Kumaraswami Layout,3.0,1.0,98.0,600.0,3.0
Super built-up  Area,Ready To Move,Abbigere,2.0,1.0,32.54,795.0,2.0
Super built-up  Area,20-Dec,Kanakpura Road,1.0,1.0,35.0,700.0,2.0
Built-up  Area,Ready To Move,Ambedkar Colony,1.0,1.0,142.0,1463.0,2.0
Built-up  Area,Ready To Move,Vijayanagar,3.0,0.0,140.0,1000.0,3.0
Super built-up  Area,Ready To Move,Reliable Woods Layout,2.0,2.0,58.0,1306.0,3.0
Super built-up  Area,Ready To Move,4th T block Jayanagar,3.0,2.0,185.0,2401.0,3.0
Plot  Area,Ready To Move,Bommenahalli,3.0,0.0,135.0,1670.0,4.0
Built-up  Area,Ready To Move,Jayanagar,2.0,3.0,235.0,1875.0,3.0
Plot  Area,Ready To Move,Marsur,3.0,1.0,90.0,1200.0,3.0
Super built-up  Area,Ready To Move,Dodda Nekkundi,3.0,2.0,121.0,1804.0,3.0
Super built-up  Area,Ready To Move,1st Phase JP Nagar,4.0,1.0,210.0,2065.0,3.0
Super built-up  Area,Ready To Move,Hoskote,3.0,1.0,40.0,1225.0,3.0
Super built-up  Area,18-Nov,Thanisandra,2.0,0.0,58.68,1185.5,2.0
Super built-up  Area,Ready To Move,Bellandur,2.0,2.0,56.0,900.0,2.0
Super built-up  Area,19-Dec,Binny Pete,2.0,1.0,91.0,1350.0,2.0
Super built-up  Area,Ready To Move,Kaggalipura,1.0,0.0,36.0,700.0,1.0
Super built-up  Area,18-Jun,Mysore Road,2.0,0.0,35.175,1005.0,2.0
Super built-up  Area,Ready To Move,Poorna Pragna Layout,2.0,1.0,46.39,1160.0,2.0
Super built-up  Area,Ready To Move,Hennur Road,3.0,2.0,99.27,1680.0,3.0
Carpet  Area,Ready To Move,LB Shastri Nagar,2.0,2.0,55.0,1043.0,2.0
Plot  Area,Ready To Move,Hoskote,4.0,1.0,120.0,1200.0,4.0
Super built-up  Area,Ready To Move,Hebbal,2.0,2.0,46.0,1040.0,2.0
Super built-up  Area,Ready To Move,Tindlu,2.0,2.0,65.0,1357.0,3.0
Plot  Area,Ready To Move,Nayandanahalli,7.0,1.0,104.0,1600.0,7.0
Super built-up  Area,18-Aug,Vibhutipura Extension,2.0,2.0,47.0,1225.0,2.0
Plot  Area,Ready To Move,Sunkadakatte,6.0,1.0,80.0,1500.0,9.0
Super built-up  Area,Ready To Move,Yelachenahalli,2.0,2.0,40.0,1130.0,2.0
Built-up  Area,Ready To Move,Basavangudi,4.0,1.0,150.0,2500.0,4.0
Carpet  Area,Ready To Move,Sultan Palaya,3.0,3.0,120.0,1700.0,3.0
Super built-up  Area,Ready To Move,Doddathoguru,3.0,2.0,65.0,1549.0,3.0
Super built-up  Area,Ready To Move,Yeshwanthpur,2.0,2.0,100.0,1400.0,2.0
Super built-up  Area,Ready To Move,Dodda Nekkundi,2.0,2.0,50.0,1080.0,2.0
Built-up  Area,Ready To Move,Ulsoor,2.0,2.0,100.0,1180.0,2.0
Plot  Area,Ready To Move,Chandra Layout,7.0,3.0,150.0,780.0,7.0
Super built-up  Area,Ready To Move,Domlur,3.0,2.0,150.0,1800.0,3.0
Super built-up  Area,18-Aug,Haralur Road,2.0,1.0,67.38,1225.0,2.0
Built-up  Area,Ready To Move,Chandra Layout,1.0,1.0,75.0,890.0,1.0
Super built-up  Area,Ready To Move,Abbigere,2.0,1.0,39.59,1005.0,2.0
Super built-up  Area,Ready To Move,Whitefield,2.0,1.0,95.0,1320.0,2.0
Built-up  Area,Ready To Move,Anandapura,2.0,1.0,50.0,1475.0,4.0
Super built-up  Area,18-Dec,Kudlu Gate,2.0,2.0,99.745,1707.0,3.0
Super built-up  Area,Ready To Move,Hagadur,2.0,2.0,51.0,1110.0,2.0
Plot  Area,18-Apr,Popular Colony,2.0,0.0,54.0,1300.0,2.0
Plot  Area,Ready To Move,Vajarahalli,3.0,1.0,86.0,600.0,5.0
Super built-up  Area,18-Aug,Electronic City,2.0,1.0,65.35,1128.0,2.0
Super built-up  Area,22-May,Jakkur,2.0,1.0,100.0,1452.19,2.0
Plot  Area,Ready To Move,8th block Koramangala,3.0,2.0,290.0,2400.0,3.0
Super built-up  Area,18-Jul,Banashankari,4.0,1.0,135.0,2600.0,3.0
Super built-up  Area,Ready To Move,Sarakki Nagar,4.0,2.0,325.0,2500.0,3.0
Built-up  Area,Ready To Move,Sanjay nagar,1.0,1.0,35.0,630.0,2.0
Super built-up  Area,Ready To Move,Hosa Road,2.0,2.0,48.5,1243.0,2.0
Built-up  Area,Ready To Move,Soundarya Layout,2.0,2.0,32.0,960.0,2.0
Super built-up  Area,Ready To Move,"Banashankari 6th Stage ,Subramanyapura",3.0,2.0,100.0,1690.0,3.0
Built-up  Area,Ready To Move,Whitefield,2.0,1.0,35.0,735.0,2.0
Super built-up  Area,Ready To Move,Banaswadi,2.0,2.0,73.0,1365.0,2.0
Super built-up  Area,Ready To Move,Rajaji Nagar,5.0,0.0,300.0,2849.0,5.0
Super built-up  Area,Ready To Move,Hebbal,2.0,1.0,99.39,1420.0,2.0
Super built-up  Area,Ready To Move,Somasundara Palya,3.0,3.0,68.0,1570.0,3.0
Super built-up  Area,Ready To Move,Bisuvanahalli,1.0,1.0,32.0,850.0,2.0
Super built-up  Area,Ready To Move,7th Phase JP Nagar,2.0,2.0,110.0,1575.0,3.0
Super built-up  Area,Ready To Move,Thigalarapalya,2.0,2.0,104.0,1418.0,2.0
Super built-up  Area,Ready To Move,Uttarahalli,2.0,1.0,42.0,1050.0,2.0
Super built-up  Area,Ready To Move,Hennur Road,2.0,1.0,42.6,1065.0,2.0
Built-up  Area,Ready To Move,Ulsoor,3.0,0.0,90.0,1340.0,3.0
Super built-up  Area,Ready To Move,Yelahanka New Town,3.0,2.0,92.0,1610.0,3.0
Built-up  Area,18-Aug,Electronic City Phase II,2.0,1.0,33.5,1160.0,2.0
Super built-up  Area,Ready To Move,Kudlu,2.0,2.0,44.0,1092.0,2.0
Super built-up  Area,Ready To Move,Parappana Agrahara,2.0,2.0,47.0,1194.0,2.0
Super built-up  Area,Ready To Move,Yelahanka,3.0,1.0,61.5,1455.0,3.0
Super built-up  Area,18-Jun,Abbigere,1.0,0.0,19.82,734.0,1.0
Built-up  Area,Ready To Move,Samethanahalli,2.0,1.0,38.0,799.0,2.0
Built-up  Area,Ready To Move,Whitefield,3.0,1.0,75.0,1896.0,3.0
Super built-up  Area,Ready To Move,Ardendale,2.0,1.0,48.0,1100.0,2.0
Built-up  Area,Ready To Move,Bellandur,2.0,1.0,79.0,1350.0,2.0
Super built-up  Area,Ready To Move,Amarjyothi Colony,3.0,1.0,61.0,1355.0,3.0
Super built-up  Area,18-Apr,Electronic City,2.0,1.0,65.0,1128.0,2.0
Plot  Area,Ready To Move,Pattanagere,2.0,0.0,90.0,1350.0,2.0
Super built-up  Area,Ready To Move,Cunningham Road,3.0,2.0,864.0,3875.0,3.0
Super built-up  Area,Ready To Move,Kasavanhalli,3.0,2.0,82.0,1493.0,3.0
Super built-up  Area,Ready To Move,8th Phase JP Nagar,2.0,1.0,43.91,1098.0,2.0
Super built-up  Area,Ready To Move,Banashankari,2.0,1.0,170.0,1900.0,3.0
Super built-up  Area,Ready To Move,Dollars Layout,3.0,2.0,88.0,1460.0,3.0
Super built-up  Area,Ready To Move,Frazer Town,4.0,3.0,285.0,2350.0,3.0
Plot  Area,Ready To Move,Horamavu Banaswadi,5.0,3.0,140.0,1600.0,5.0
Super built-up  Area,Ready To Move,Varthur,2.0,1.0,32.0,1091.0,2.0
Super built-up  Area,Ready To Move,Yelahanka,2.0,3.0,42.0,1180.0,2.0
Super built-up  Area,19-Dec,Kanakpura Road,3.0,1.0,76.85,1366.0,2.0
Super built-up  Area,Ready To Move,RMV Extension,3.0,2.0,95.0,1685.0,3.0
Built-up  Area,Ready To Move,Koramangala,2.0,3.0,100.0,1260.0,2.0
Plot  Area,Ready To Move,Whitefield,3.0,2.0,200.0,3010.0,3.0
Plot  Area,Ready To Move,Ramamurthy Nagar,4.0,1.0,140.0,1330.0,3.0
Plot  Area,Ready To Move,Mallasandra,2.0,0.0,130.0,1200.0,2.0
Super built-up  Area,18-Apr,Whitefield,2.0,1.0,96.17,1346.0,2.0
Super built-up  Area,18-Aug,Chandapura,1.0,0.0,13.86,630.0,1.0
Super built-up  Area,19-May,Sarjapur  Road,2.0,2.0,98.94,1476.0,3.0
Super built-up  Area,Ready To Move,7th Phase JP Nagar,3.0,2.0,140.0,1850.0,3.0
Plot  Area,Ready To Move,Frazer Town,2.0,0.0,423.0,2350.0,5.0
Super built-up  Area,Ready To Move,Electronic City,1.0,1.0,34.0,755.0,2.0
Plot  Area,Ready To Move,Basaveshwara Nagar Yelahanka,5.0,2.0,98.0,800.0,5.0
Super built-up  Area,Ready To Move,Parappana Agrahara,2.0,2.0,46.0,1194.0,2.0
Super built-up  Area,18-Feb,Whitefield,5.0,2.0,316.0,3850.0,3.0
Super built-up  Area,18-Jul,Hebbal,4.0,2.0,365.0,4235.0,4.0
Plot  Area,18-Apr,Kurubarahalli,1.0,0.0,52.0,800.0,1.0
Super built-up  Area,Ready To Move,Rachenahalli,3.0,1.0,195.0,2250.0,3.0
Super built-up  Area,Ready To Move,Vijayanagar,2.0,2.0,68.0,1352.0,2.0
Super built-up  Area,Ready To Move,Thanisandra,3.0,2.0,112.0,2002.0,3.0
Plot  Area,Ready To Move,Bileshivale,5.0,1.0,280.0,4000.0,4.0
Built-up  Area,Ready To Move,Kaval Byrasandra,2.0,2.0,45.0,1060.0,2.0
Super built-up  Area,Ready To Move,Kanakpura Road,2.0,1.0,59.0,1419.59,3.0
Super built-up  Area,Ready To Move,Raja Rajeshwari Nagar,2.0,2.0,51.15,1196.0,2.0
Built-up  Area,18-Dec,Electronic City,2.0,2.0,35.24,1220.0,3.0
Super built-up  Area,18-Apr,Electronics City Phase 1,3.0,2.0,75.0,1595.0,3.0
Super built-up  Area,Ready To Move,Banashankari,2.0,3.0,75.0,1260.0,2.0
Super built-up  Area,Ready To Move,Hebbal,2.0,2.0,47.0,1100.0,2.0
Super built-up  Area,Ready To Move,Frazer Town,2.0,2.0,140.0,1550.0,2.0
Super built-up  Area,Ready To Move,ISRO Layout,2.0,3.0,52.0,1180.0,2.0
Plot  Area,18-Dec,Electronic City,5.0,1.0,150.0,4000.0,4.0
Built-up  Area,Ready To Move,Akshaya Nagar,3.0,2.0,85.0,1662.0,3.0
Super built-up  Area,Ready To Move,Hennur,2.0,1.0,60.0,1285.0,2.0
Plot  Area,Ready To Move,Akshaya Nagar,4.0,1.0,75.0,1080.0,4.0
Super built-up  Area,Ready To Move,Ambedkar Nagar,3.0,2.0,119.0,1862.0,3.0
Super built-up  Area,Ready To Move,Raja Rajeshwari Nagar,2.0,2.0,48.0,1419.0,2.0
Built-up  Area,14-Nov,Whitefield,3.0,2.0,43.71,1410.0,3.0
Super built-up  Area,Ready To Move,Raja Rajeshwari Nagar,2.0,2.0,62.4,1560.0,3.0
Plot  Area,Ready To Move,Chikkabettahalli,4.0,3.0,150.0,1100.0,5.0
Super built-up  Area,19-Nov,Thanisandra,3.0,3.0,78.0,1634.0,3.0
Plot  Area,Ready To Move,Ambedkar Nagar,5.0,3.0,627.0,5530.0,5.0
Built-up  Area,Ready To Move,Whitefield,2.0,3.0,44.0,1150.0,3.0
Super built-up  Area,18-May,Ashirvad Colony,2.0,2.0,53.0,1100.0,2.0
Super built-up  Area,19-Mar,Yelahanka,3.0,1.0,65.0,1616.0,3.0
Super built-up  Area,17-Dec,Nagavarapalya,2.0,1.0,99.0,1392.0,2.0
Super built-up  Area,19-Dec,Jakkur,3.0,1.0,120.0,1798.0,3.0
Super built-up  Area,Ready To Move,Babusapalaya,3.0,3.0,75.0,1675.0,3.0
Plot  Area,Ready To Move,Bhuvaneswari Nagar,2.0,1.0,70.0,792.0,2.0
Super built-up  Area,Ready To Move,Varanasi,4.0,1.0,103.0,2000.0,5.0
Built-up  Area,Ready To Move,Hongasandra,7.0,3.0,89.0,600.0,7.0
Super built-up  Area,19-Jun,Hebbal,3.0,2.0,124.0,1700.0,3.0
Super built-up  Area,Ready To Move,Hulimavu,2.0,1.0,69.0,1248.0,2.0
Built-up  Area,Ready To Move,Kalkere,2.0,1.0,54.0,1147.0,2.0
Super built-up  Area,Ready To Move,Sultan Palaya,2.0,2.0,40.0,1100.0,2.0
Super built-up  Area,Ready To Move,Vijayanagar,3.0,2.0,115.0,1527.0,3.0
Plot  Area,Ready To Move,Shantiniketan Layout,5.0,2.0,235.0,2400.0,5.0
Super built-up  Area,21-Dec,Kanakpura Road,1.0,1.0,25.0,525.0,1.0
Super built-up  Area,Ready To Move,Kaggadasapura,2.0,3.0,58.0,1100.0,2.0
Super built-up  Area,17-Dec,Seegehalli,2.0,2.0,37.5,1118.0,2.0
Super built-up  Area,20-Dec,Kanakapura,3.0,1.0,75.0,1476.0,3.0
Built-up  Area,Ready To Move,Gopal Reddy Layout,3.0,1.0,75.0,2100.0,3.0
Super built-up  Area,18-Apr,Roopena Agrahara,2.0,2.0,46.5,1215.0,3.0
Super built-up  Area,Ready To Move,Ambalipura,2.0,1.0,79.0,1332.0,2.0
Super built-up  Area,Ready To Move,Hennur Road,2.0,3.0,49.0,1350.0,2.0
Plot  Area,Ready To Move,Kothannur,4.0,1.0,81.0,600.0,4.0
Super built-up  Area,Ready To Move,Haralur Road,2.0,2.0,46.0,1243.0,2.0
Super built-up  Area,Ready To Move,NGR Layout,2.0,2.0,49.73,1105.0,2.0
Plot  Area,Ready To Move,Padmanabhanagar,2.0,1.0,200.0,1500.0,3.0
Super built-up  Area,Ready To Move,Kasavanhalli,2.0,2.0,50.0,1200.0,2.0
Super built-up  Area,18-Jun,Ramagondanahalli,2.0,1.0,47.4,1251.0,2.0
Super built-up  Area,Ready To Move,Kambipura,2.0,1.0,45.0,883.0,2.0
Super built-up  Area,Ready To Move,Pai Layout,2.0,3.0,67.0,1400.0,3.0
Super built-up  Area,Ready To Move,Rajaji Nagar,3.0,3.0,260.0,1800.0,3.0
Super built-up  Area,Ready To Move,Hegde Nagar,3.0,2.0,113.0,1703.0,3.0
Super built-up  Area,Ready To Move,NRI Layout,5.0,3.0,130.0,2500.0,5.0
Super built-up  Area,Ready To Move,Varthur,3.0,2.0,71.0,1250.0,3.0
Super built-up  Area,Ready To Move,Jigani,2.0,2.0,43.0,933.0,2.0
Plot  Area,Ready To Move,sankeswari,1.0,1.0,31.7,461.82,1.0
Super built-up  Area,Ready To Move,Brookefield,2.0,1.0,75.0,1262.0,2.0
Super built-up  Area,Ready To Move,Yelahanka,2.0,2.0,48.0,915.0,2.0
Super built-up  Area,Ready To Move,Panathur,2.0,2.0,61.5,1370.0,3.0
Super built-up  Area,Ready To Move,Malleshpalya,2.0,3.0,55.0,1210.0,2.0
Super built-up  Area,Ready To Move,Kodihalli,4.0,2.0,260.0,2392.0,3.0
Plot  Area,18-Feb,T c palya,2.0,0.0,85.0,1500.0,3.0
Super built-up  Area,Ready To Move,Govindraja Nagar,2.0,3.0,50.0,1065.0,2.0
Super built-up  Area,Ready To Move,Rajaji Nagar,4.0,2.0,570.0,3100.0,4.0
Super built-up  Area,Ready To Move,Ramamurthy Nagar,3.0,3.0,65.0,1515.0,3.0
Plot  Area,19-Dec,Sarjapura - Attibele Road,4.0,2.0,110.0,1800.0,4.0
Super built-up  Area,Ready To Move,Thanisandra,2.0,3.0,40.31,1445.0,3.0
Super built-up  Area,Ready To Move,Uttarahalli,2.0,1.0,55.0,1300.0,3.0
Built-up  Area,Ready To Move,Vijayanagar,2.0,0.0,60.0,989.0,2.0
Super built-up  Area,Ready To Move,Jakkur,2.0,1.0,85.0,1300.0,2.0
Super built-up  Area,18-Jul,Chandapura,2.0,2.0,30.22,1185.0,3.0
Plot  Area,Ready To Move,Battarahalli,3.0,1.0,110.0,1350.0,5.0
Super built-up  Area,Ready To Move,Marathahalli,2.0,3.0,60.0,1045.0,2.0
Super built-up  Area,18-Feb,Virat Nagar,2.0,2.0,42.18,1205.0,2.0
Super built-up  Area,Ready To Move,Chennammanakere Achukattu,2.0,1.0,75.0,1260.0,2.0
Plot  Area,Ready To Move,Devanahalli Road,5.0,2.0,199.0,1320.0,5.0
Super built-up  Area,Ready To Move,Ulsoor,2.0,2.0,125.0,1500.0,3.0
Super built-up  Area,18-May,Bommanahalli,2.0,2.0,42.5,1250.0,3.0
Built-up  Area,18-Jul,"Maragondana Halli, kr puram, old madras road",2.0,2.0,50.0,1199.0,2.0
Super built-up  Area,Ready To Move,Hennur Road,2.0,1.0,83.09,1385.0,2.0
Plot  Area,Ready To Move,Dhanalakshmi Layout,5.0,3.0,250.0,1222.0,6.0
Super built-up  Area,Ready To Move,Lakshminarayana Pura,2.0,1.0,75.0,1149.0,2.0
Super built-up  Area,Ready To Move,Sarjapur  Road,3.0,2.0,170.0,2180.0,3.0
Plot  Area,Ready To Move,TC Palaya,7.0,1.0,110.0,1200.0,8.0
Super built-up  Area,Ready To Move,Jp nagar 8th Phase .,12.0,2.0,525.0,12000.0,10.0
Plot  Area,Ready To Move,Thurahalli,5.0,0.0,195.0,1200.0,5.0
Super built-up  Area,Ready To Move,Hulimavu,3.0,1.0,135.0,1818.0,3.0
Super built-up  Area,Ready To Move,Volagerekallahalli,2.0,2.0,33.0,1070.0,2.0
Super built-up  Area,Ready To Move,Rajaji Nagar,3.0,2.0,241.0,1640.0,3.0
Built-up  Area,Ready To Move,Nagarbhavi,2.0,2.0,54.6,1350.0,3.0
Built-up  Area,Ready To Move,Chandapura,1.0,1.0,27.0,630.0,2.0
Super built-up  Area,22-Jun,Hoodi,2.0,2.0,113.0,1430.0,2.0
Super built-up  Area,Ready To Move,Nagavara,4.0,3.0,180.0,2430.0,3.0
Plot  Area,Ready To Move,Nobo Nagar,7.0,3.0,220.0,1500.0,6.0
Super built-up  Area,Ready To Move,Sarjapur  Road,2.0,3.0,55.0,1084.0,2.0
Super built-up  Area,Ready To Move,Hennur Road,2.0,1.0,56.0,1186.0,3.0
Built-up  Area,Ready To Move,Kengeri,2.0,2.0,50.0,1255.0,2.0
Super built-up  Area,Ready To Move,Haralur Road,5.0,3.0,240.0,3400.0,4.0
Super built-up  Area,18-Dec,Hosa Road,3.0,1.0,69.84,1541.0,3.0
Super built-up  Area,Ready To Move,Iblur Village,5.0,1.0,282.0,3596.0,4.0
Super built-up  Area,Ready To Move,Raja Rajeshwari Nagar,2.0,2.0,70.0,1295.0,2.0
Plot  Area,Ready To Move,Kasavanhalli,4.0,3.0,110.0,1000.0,3.0
Built-up  Area,Ready To Move,Sanjeevini Nagar,3.0,2.0,285.0,2820.0,3.0
Super built-up  Area,Ready To Move,7th Phase JP Nagar,2.0,2.0,54.79,1370.0,3.0
Super built-up  Area,Ready To Move,Electronic City,2.0,1.0,40.0,1100.0,2.0
Super built-up  Area,18-Apr,Hebbal,6.0,2.0,510.0,4772.0,4.0
Super built-up  Area,Ready To Move,Rajaji Nagar,2.0,1.0,170.0,1370.0,2.0
Super built-up  Area,Ready To Move,7th Phase JP Nagar,2.0,1.0,54.79,1370.0,3.0
Super built-up  Area,Ready To Move,JP Nagar,2.0,2.0,62.0,1200.0,2.0
Plot  Area,Ready To Move,Gunjur,3.0,0.0,95.0,2000.0,4.0
Built-up  Area,Ready To Move,9th Phase JP Nagar,4.0,2.0,300.0,3500.0,4.0
Plot  Area,Ready To Move,2nd Stage Nagarbhavi,4.0,3.0,240.0,1200.0,5.0
Plot  Area,Ready To Move,Kengeri,5.0,2.0,253.0,2400.0,4.0
Super built-up  Area,Ready To Move,Sarjapur  Road,3.0,2.0,62.0,1220.0,3.0
Built-up  Area,Ready To Move,Kanakapura Road,3.0,2.0,130.0,1950.0,3.0
Super built-up  Area,Ready To Move,Somasundara Palya,2.0,3.0,73.0,1178.0,2.0
Super built-up  Area,Ready To Move,Dasanapura,3.0,2.0,61.44,1286.0,3.0
Super built-up  Area,Ready To Move,Begur Road,2.0,2.0,42.0,1160.0,2.0
Super built-up  Area,Ready To Move,Jigani,2.0,2.0,55.0,918.0,2.0
Super built-up  Area,21-Dec,Electronic City,3.0,2.0,91.84,1563.0,3.0
Super built-up  Area,18-Nov,Govindpura,2.0,1.0,62.17,1326.0,2.0
Super built-up  Area,Ready To Move,3rd Block Jayanagar,2.0,2.0,140.0,1350.0,3.0
Super built-up  Area,17-Dec,Hebbal,5.0,3.0,386.0,3960.0,4.0
Super built-up  Area,Ready To Move,Begur Road,2.0,2.0,39.06,1240.0,2.0
Super built-up  Area,Ready To Move,Kaggadasapura,2.0,2.0,50.0,1325.0,2.0
Super built-up  Area,Ready To Move,Sonnenahalli,2.0,1.0,44.0,1100.0,2.0
Super built-up  Area,Ready To Move,Cunningham Road,3.0,2.0,800.0,3875.0,3.0
Super built-up  Area,Ready To Move,Gollarapalya Hosahalli,3.0,2.0,50.0,1605.0,3.0
Super built-up  Area,Ready To Move,Hennur Road,5.0,3.0,515.0,5600.0,5.0
Super built-up  Area,Ready To Move,Somasundara Palya,2.0,1.0,60.0,1260.0,2.0
Super built-up  Area,19-Dec,Hoodi,3.0,2.0,83.09,1553.0,3.0
Super built-up  Area,Ready To Move,Whitefield,2.0,2.0,52.0,1280.0,2.0
Super built-up  Area,Ready To Move,Hebbal,2.0,2.0,75.0,1550.0,3.0
Super built-up  Area,Ready To Move,Arekere,2.0,2.0,125.0,1445.0,3.0
Super built-up  Area,Ready To Move,Murugeshpalya,3.0,2.0,74.0,1550.0,3.0
Super built-up  Area,Ready To Move,Electronics City Phase 1,2.0,1.0,80.91,1515.0,3.0
Super built-up  Area,19-Mar,Hosa Road,2.0,1.0,86.12,1332.0,3.0
Super built-up  Area,Ready To Move,Electronic City,3.0,2.0,70.0,1652.0,3.0
Super built-up  Area,Ready To Move,Hegde Nagar,3.0,1.0,105.0,1570.0,3.0
Plot  Area,Ready To Move,Sarjapur  Road,4.0,3.0,725.0,5400.0,4.0
Super built-up  Area,Ready To Move,Sector 2 HSR Layout,1.0,1.0,60.0,794.0,1.0
Plot  Area,Ready To Move,Seegehalli,2.0,0.0,62.0,1200.0,3.0
Built-up  Area,Ready To Move,7th Phase JP Nagar,3.0,2.0,410.0,3600.0,4.0
Plot  Area,Ready To Move,Hosakerehalli,3.0,2.0,175.0,1200.0,3.0
Super built-up  Area,Ready To Move,JP Nagar,3.0,1.0,220.0,1650.0,4.0
Plot  Area,Ready To Move,Chandra Layout,2.0,1.0,85.0,600.0,4.0
Super built-up  Area,Ready To Move,HRBR Layout,3.0,2.0,250.0,2800.0,3.0
Super built-up  Area,Ready To Move,Sarjapur  Road,3.0,2.0,110.0,1750.0,3.0
Built-up  Area,Ready To Move,Hebbal,2.0,1.0,48.0,1053.0,2.0
Super built-up  Area,21-Dec,Kanakpura Road,3.0,2.0,53.0,1100.0,3.0
Super built-up  Area,Ready To Move,Kadubeesanahalli,3.0,3.0,70.0,1665.0,3.0
Plot  Area,Ready To Move,Outer Ring Road East,4.0,3.0,345.0,4051.0,4.0
Plot  Area,Ready To Move,Malleshwaram,5.0,1.0,1500.0,5500.0,4.0
Built-up  Area,Ready To Move,Bommasandra,3.0,2.0,80.0,1447.0,3.0
Built-up  Area,Ready To Move,Balagere,2.0,1.0,75.0,1012.0,2.0
Super built-up  Area,Ready To Move,Malleshpalya,3.0,2.0,60.0,1900.0,3.0
Super built-up  Area,Ready To Move,Narayanapura,2.0,2.0,92.66,1308.0,2.0
Super built-up  Area,Ready To Move,Green Glen Layout,4.0,2.0,230.0,3250.0,4.0
Super built-up  Area,Ready To Move,Hormavu,2.0,1.0,53.0,1351.0,1.0
Super built-up  Area,Ready To Move,Electronic City,2.0,2.0,22.0,1000.0,2.0
Plot  Area,Ready To Move,J P Nagar 7th Phase Ramayya City,4.0,2.0,350.0,1200.0,4.0
Super built-up  Area,18-Aug,Gunjur,2.0,2.0,49.11,1140.0,2.0
Super built-up  Area,22-May,Jakkur,4.0,0.0,260.5,3181.0,4.0
Built-up  Area,Ready To Move,Uttarahalli,2.0,1.0,55.0,1250.0,3.0
Super built-up  Area,Ready To Move,Kanakapura,3.0,3.0,45.15,1290.0,3.0
Super built-up  Area,Ready To Move,Ambedkar Nagar,2.0,2.0,90.0,1424.0,2.0
Super built-up  Area,Ready To Move,Garudachar Palya,2.0,2.0,60.6,1320.0,3.0
Built-up  Area,Ready To Move,Akshaya Nagar,3.0,2.0,85.5,1662.0,3.0
Super built-up  Area,Ready To Move,Shanthala Nagar,5.0,3.0,2700.0,8321.0,5.0
Super built-up  Area,Ready To Move,Begur Road,2.0,2.0,45.0,1200.0,2.0
Built-up  Area,Ready To Move,Koramangala,3.0,2.0,210.0,1975.0,3.0
Super built-up  Area,Ready To Move,Garudachar Palya,2.0,2.0,59.5,1295.0,3.0
Super built-up  Area,Ready To Move,Battarahalli,3.0,2.0,100.0,1777.0,3.0
Super built-up  Area,18-Apr,Kadugodi,3.0,2.0,108.0,1900.0,3.0
Super built-up  Area,17-Jul,Anandapura,3.0,2.0,59.1,1576.0,3.0
Super built-up  Area,Ready To Move,Sompura,2.0,3.0,41.0,1020.0,2.0
Super built-up  Area,Ready To Move,Green Domain Layout,3.0,3.0,170.0,2100.0,3.0
Super built-up  Area,18-Aug,Raja Rajeshwari Nagar,1.0,1.0,31.75,648.0,1.0
Super built-up  Area,Ready To Move,Neeladri Nagar,2.0,1.0,38.0,1167.0,3.0
Plot  Area,Ready To Move,Vyalikaval,7.0,3.0,160.0,1000.0,7.0
Super built-up  Area,Ready To Move,Hoodi,2.0,2.0,50.89,1220.0,2.0
Super built-up  Area,Ready To Move,Kogilu,5.0,1.0,327.0,2350.0,3.0
Super built-up  Area,Ready To Move,Vittasandra,2.0,1.0,67.4,1259.0,2.0
Built-up  Area,Ready To Move,Gottigere,4.0,2.0,82.0,2000.0,4.0
Super built-up  Area,Ready To Move,8th Phase JP Nagar,3.0,1.0,80.0,1800.0,3.0
Built-up  Area,Ready To Move,Cleveland Town,3.0,2.0,160.0,1991.0,3.0
Super built-up  Area,Ready To Move,Bannerghatta,3.0,3.0,110.0,1665.0,3.0
Built-up  Area,20-Dec,"Hoodi Circle, ",2.0,1.0,61.0,1234.0,2.0
Super built-up  Area,Ready To Move,Mysore Road,2.0,2.0,64.31,1340.0,3.0
Super built-up  Area,Ready To Move,Banashankari,2.0,2.0,46.79,1170.0,2.0
Built-up  Area,Ready To Move,Electronics City Phase 1,2.0,0.0,46.0,995.0,2.0
Super built-up  Area,Ready To Move,Old Airport Road,2.0,2.0,60.0,1075.0,2.0
Super built-up  Area,18-Apr,Electronic City,2.0,1.0,54.5,1025.0,2.0
Super built-up  Area,Ready To Move,Rachenahalli,3.0,2.0,113.0,2721.0,3.0
Super built-up  Area,Ready To Move,Thanisandra,3.0,2.0,99.0,2000.0,3.0
Super built-up  Area,Ready To Move,Whitefield,4.0,3.0,155.0,2500.0,4.0
Super built-up  Area,Ready To Move,Mallasandra,2.0,2.0,70.0,1325.0,2.0
Super built-up  Area,18-Apr,Kadugodi,2.0,3.0,68.2,1314.0,2.0
Super built-up  Area,21-Feb,Kanakpura Road,3.0,2.0,136.0,2265.0,3.0
Built-up  Area,Ready To Move,7th Phase JP Nagar,7.0,0.0,170.0,4800.0,7.0
Super built-up  Area,21-Dec,Yelahanka,2.0,1.0,41.0,1026.0,2.0
Built-up  Area,Ready To Move,Syndicate Bank Colony,3.0,2.0,66.0,1200.0,3.0
Built-up  Area,Ready To Move,Kada Agrahara,4.0,2.0,65.0,2220.0,3.0
Super built-up  Area,18-Sep,KR Puram,2.0,0.0,51.22,1192.5,2.0
Super built-up  Area,18-Dec,Hebbal,2.0,1.0,99.39,1420.0,2.0
Super built-up  Area,Ready To Move,Sarjapur  Road,4.0,1.0,95.0,1888.0,3.0
Super built-up  Area,18-May,JP Nagar,2.0,1.0,90.87,1300.0,2.0
Super built-up  Area,18-May,Rajaji Nagar,2.0,0.0,97.16,1216.0,2.0
Plot  Area,19-Dec,"Off Sarjapur road, ",4.0,3.0,342.0,3000.0,4.0
Built-up  Area,Ready To Move,Begur,3.0,2.0,63.0,1559.0,3.0
Super built-up  Area,Ready To Move,Harlur,2.0,1.0,87.0,1290.0,2.0
Plot  Area,Ready To Move,M C Layout,6.0,2.0,245.0,2400.0,6.0
Built-up  Area,18-Jun,Whitefield,1.0,1.0,55.0,905.0,1.0
Built-up  Area,Ready To Move,Nanjappa Layout,2.0,2.0,55.0,1069.0,2.0
Super built-up  Area,19-Aug,Sarjapura - Attibele Road,2.0,1.0,22.8,829.0,2.0
Built-up  Area,Ready To Move,Koramangala,2.0,1.0,200.0,1900.0,2.0
Built-up  Area,Ready To Move,Dodda Banaswadi,5.0,1.0,140.0,32722.255999999998,5.0
Built-up  Area,Ready To Move,Sarjapur  Road,3.0,2.0,60.0,1300.0,3.0
Super built-up  Area,Ready To Move,Channasandra,2.0,1.0,33.45,1115.0,2.0
Super built-up  Area,Ready To Move,Rajaji Nagar,3.0,2.0,360.0,2409.0,3.0
Super built-up  Area,Ready To Move,Ambedkar Nagar,4.0,2.0,125.0,2150.0,3.0
Super built-up  Area,19-Mar,Marathahalli,2.0,1.0,69.0,1305.0,3.0
Super built-up  Area,20-Dec,Kanakpura Road,2.0,1.0,56.32,1252.0,2.0
Plot  Area,Ready To Move,Hosakerehalli,5.0,2.0,250.0,2400.0,5.0
Plot  Area,18-Sep,Whitefield,2.0,1.0,46.13,1200.0,2.0
Built-up  Area,Ready To Move,Koramangala,3.0,1.0,130.0,1750.0,3.0
Super built-up  Area,Ready To Move,Electronic City Phase II,1.0,1.0,35.0,545.0,2.0
Plot  Area,Ready To Move,BEL Layout,2.0,1.0,105.0,1375.0,2.0
Super built-up  Area,Ready To Move,Subramanyapura,2.0,2.0,66.5,1313.0,2.0
Plot  Area,Ready To Move,Attibele,4.0,1.0,275.0,3640.0,4.0
Super built-up  Area,20-Dec,Akshayanagara East,3.0,2.0,108.0,1693.0,3.0
Super built-up  Area,Ready To Move,JCR Layout,2.0,1.0,41.75,1160.0,2.0
Plot  Area,Ready To Move,Sri Kanteshwara Nagar,3.0,0.0,200.0,1200.0,3.0
Super built-up  Area,Ready To Move,Subramanyapura,2.0,2.0,79.0,1255.0,3.0
Plot  Area,Ready To Move,KR Puram,4.0,1.0,75.0,1000.0,4.0
Built-up  Area,Ready To Move,Bellari Road,2.0,1.0,45.0,900.0,2.0
Super built-up  Area,Ready To Move,Yelahanka New Town,3.0,2.0,90.0,1700.0,3.0
Carpet  Area,Ready To Move,Indira Nagar,3.0,1.0,180.0,1875.0,3.0
Carpet  Area,Ready To Move,Uttarahalli,3.0,2.0,88.0,1700.0,3.0
Super built-up  Area,Ready To Move,Harlur,3.0,2.0,115.0,1749.0,3.0
Plot  Area,Ready To Move,Dasanapura,3.0,1.0,65.0,1500.0,2.0
Super built-up  Area,Ready To Move,Varanasi,2.0,1.0,48.0,1175.0,2.0
Built-up  Area,Ready To Move,Akshaya Nagar,2.0,1.0,60.0,1280.0,2.0
Built-up  Area,Ready To Move,Abbaiah Reddy Layout,2.0,2.0,50.0,1200.0,2.0
Super built-up  Area,Ready To Move,Ramagondanahalli,2.0,2.0,115.0,1610.0,3.0
Super built-up  Area,Ready To Move,Electronic City,2.0,1.0,46.0,1070.0,2.0
Plot  Area,Ready To Move,TC Palaya,2.0,0.0,66.0,1200.0,2.0
Super built-up  Area,19-Dec,9th Phase JP Nagar,2.0,1.0,50.0,1127.0,2.0
Built-up  Area,Ready To Move,Indira Nagar,2.0,1.0,102.0,1210.0,2.0
Built-up  Area,Ready To Move,Jyothi Nagar,2.0,1.0,23.0,600.0,2.0
Super built-up  Area,Ready To Move,Thigalarapalya,4.0,3.0,380.0,4190.0,4.0
Super built-up  Area,Ready To Move,Tata Nagar,2.0,2.0,70.0,1364.0,2.0
Super built-up  Area,Ready To Move,Whitefield,3.0,0.0,146.0,2268.0,4.0
Super built-up  Area,Ready To Move,RK Layout 2nd Stage,2.0,2.0,77.5,1150.0,3.0
Super built-up  Area,Ready To Move,Tirumanahalli,2.0,1.0,39.5,1146.0,2.0
Built-up  Area,Ready To Move,Magadi Road,2.0,2.0,55.0,1345.0,2.0
Super built-up  Area,Ready To Move,Mylasandra,2.0,2.0,41.0,1110.0,2.0
Built-up  Area,Ready To Move,Kengeri,2.0,1.0,36.0,750.0,2.0
Built-up  Area,Ready To Move,Motappa Layout,2.0,2.0,49.5,1156.0,2.0
Super built-up  Area,Ready To Move,Pattandur Agrahara,2.0,1.0,59.8,1247.0,2.0
Super built-up  Area,Ready To Move,Mangammanapalya,2.0,2.0,60.0,1058.0,2.0
Super built-up  Area,Ready To Move,Kaggalipura,2.0,1.0,48.0,950.0,2.0
Super built-up  Area,Ready To Move,Vasanthapura,2.0,0.0,35.0,420.0,2.0
Plot  Area,Ready To Move,BTM 1st Stage,2.0,2.0,90.0,600.0,4.0
Super built-up  Area,21-Jun,Vijayanagar,2.0,1.0,103.0,1520.0,3.0
Super built-up  Area,Ready To Move,Marathahalli,2.0,2.0,58.86,1215.0,2.0
Built-up  Area,Ready To Move,Raghuvanahalli,1.0,1.0,30.0,900.0,1.0
Super built-up  Area,Ready To Move,Hennur Road,3.0,2.0,174.0,2350.0,3.0
Super built-up  Area,Ready To Move,Thanisandra,2.0,2.0,46.0,1050.0,2.0
Super built-up  Area,Ready To Move, Devarabeesana Halli,3.0,2.0,150.0,1672.0,3.0
Plot  Area,Ready To Move,Laggere,5.0,2.0,125.0,2800.0,5.0
Super built-up  Area,Ready To Move,MCECHS  layout,2.0,2.0,65.0,1500.0,3.0
Super built-up  Area,Ready To Move,Geddalahalli,2.0,2.0,65.0,1400.0,2.0
Plot  Area,18-May,Whitefield,4.0,2.0,378.0,4500.0,4.0
Built-up  Area,Ready To Move,8th Phase JP Nagar,4.0,2.0,130.0,2700.0,4.0
Super built-up  Area,18-May,Bommasandra,2.0,1.0,37.46,920.0,2.0
Plot  Area,18-Feb,Sarjapur  Road,3.0,2.0,70.0,1200.0,3.0
Built-up  Area,Ready To Move,Brindavan Nagar,3.0,2.0,139.0,1250.0,3.0
Super built-up  Area,18-Mar,Hosakerehalli,4.0,2.0,153.0,1817.0,3.0
Plot  Area,Ready To Move,Cooke Town,6.0,2.0,375.0,2043.0,5.0
Super built-up  Area,Ready To Move,HSR Layout,2.0,2.0,46.0,1140.0,2.0
Built-up  Area,Ready To Move,Yelahanka,4.0,1.0,450.0,4346.0,4.0
Super built-up  Area,Ready To Move,Haralur Road,2.0,2.0,56.0,1464.0,2.0
Super built-up  Area,Ready To Move,Ambedkar Colony,3.0,2.0,130.0,1468.0,2.0
Super built-up  Area,Ready To Move,Electronics City Phase 1,2.0,1.0,82.0,1555.0,3.0
Plot  Area,Ready To Move,Munnekollal,4.0,2.0,110.0,1200.0,6.0
Built-up  Area,Ready To Move,Whitefield,2.0,0.0,55.0,1150.0,2.0
Super built-up  Area,19-Oct,Kadubeesanahalli,2.0,1.0,35.0,970.0,2.0
Super built-up  Area,18-May,Banashankari,4.0,3.0,95.0,2500.0,4.0
Super built-up  Area,Ready To Move,Seetharampalya,2.0,1.0,53.0,1166.0,2.0
Plot  Area,Ready To Move,Konanakunte,3.0,1.0,317.0,2779.0,3.0
Super built-up  Area,Ready To Move,Electronic City,3.0,2.0,58.0,1350.0,3.0
Built-up  Area,Ready To Move,Mariyannapalya,2.0,3.0,46.0,900.0,2.0
Super built-up  Area,Ready To Move,7th Phase JP Nagar,2.0,2.0,52.0,1300.0,3.0
Built-up  Area,Ready To Move,Kanaka Nagar,3.0,1.0,55.0,1190.0,3.0
Super built-up  Area,Ready To Move,Kodichikkanahalli,2.0,2.0,75.0,1495.0,3.0
Built-up  Area,Ready To Move,Indira Nagar,2.0,2.0,105.0,1224.0,2.0
Super built-up  Area,Ready To Move,Banashankari Stage III,2.0,2.0,68.0,1350.0,3.0
Built-up  Area,Ready To Move,Green Glen Layout,2.0,1.0,56.8,940.0,2.0
Super built-up  Area,Ready To Move,Raja Rajeshwari Nagar,2.0,1.0,55.0,1100.0,2.0
Super built-up  Area,Ready To Move,Kaikondrahalli,2.0,2.0,61.0,1300.0,2.0
Built-up  Area,Ready To Move,Palace Road,2.0,0.0,145.0,1480.0,3.0
Super built-up  Area,Ready To Move,Hoodi,2.0,2.0,46.37,1105.0,2.0
Plot  Area,17-Jun,Sarjapur  Road,3.0,2.0,200.0,2600.0,3.0
Super built-up  Area,21-Mar,Yelahanka,3.0,2.0,76.3,1517.0,3.0
Built-up  Area,Ready To Move,Horamavu Banaswadi,8.0,0.0,200.0,3800.0,6.0
Super built-up  Area,Ready To Move,Jalahalli,3.0,2.0,89.75,1615.0,3.0
Super built-up  Area,Ready To Move,MCECHS  layout,3.0,2.0,65.0,1500.0,3.0
Super built-up  Area,Ready To Move,Mysore Road,3.0,1.0,50.5,1082.0,3.0
Super built-up  Area,Ready To Move,Marathahalli,2.0,2.0,73.0,1365.0,2.0
Super built-up  Area,Ready To Move,Electronic City,2.0,3.0,25.0,1000.0,2.0
Super built-up  Area,Ready To Move,CV Raman Nagar,2.0,1.0,98.0,1392.0,2.0
Super built-up  Area,18-Apr,Kodigehalli,2.0,1.0,33.66,1086.0,2.0
Super built-up  Area,Ready To Move,Hennur Road,3.0,3.0,93.94,1586.0,3.0
Built-up  Area,Ready To Move,Hennur,2.0,1.0,60.0,1100.0,2.0
Super built-up  Area,18-May,Electronic City Phase II,2.0,1.0,30.75,1065.0,2.0
Plot  Area,Ready To Move,TC Palaya,2.0,1.0,120.0,1500.0,3.0
Built-up  Area,Ready To Move,7th Phase JP Nagar,2.0,2.0,120.0,1575.0,3.0
Super built-up  Area,Ready To Move,Hennur Road,3.0,3.0,123.0,1975.0,3.0
Super built-up  Area,Ready To Move,Nelamangala,2.0,2.0,24.0,820.0,2.0
Super built-up  Area,Ready To Move,Gubbalala,3.0,2.0,110.0,1745.0,3.0
Super built-up  Area,Ready To Move,Nagarbhavi,2.0,1.0,60.0,1223.0,2.0
Super built-up  Area,Ready To Move,Ananth Nagar,2.0,1.0,65.0,1200.0,3.0
Super built-up  Area,Ready To Move,Basaveshwara Nagar,2.0,0.0,90.0,1200.0,2.0
Super built-up  Area,19-Dec,Binny Pete,1.0,1.0,46.08,665.0,1.0
Super built-up  Area,Ready To Move,Bharathi Nagar,2.0,2.0,70.0,1351.0,2.0
Super built-up  Area,18-Dec,Hebbal,3.0,1.0,83.87,1355.0,3.0
Built-up  Area,Ready To Move,Sector 7 HSR Layout,3.0,2.0,300.0,3900.0,3.0
Super built-up  Area,18-Nov,Thanisandra,3.0,1.0,75.55,1588.0,3.0
Carpet  Area,Ready To Move,Amruthahalli,2.0,1.0,60.0,900.0,2.0
Plot  Area,Ready To Move,Bhuvaneshwari Nagar,3.0,0.0,50.0,440.0,3.0
Built-up  Area,18-Feb,Harlur,4.0,2.0,260.0,3385.0,4.0
Super built-up  Area,Ready To Move,Panathur,2.0,2.0,75.0,1370.0,3.0
Plot  Area,18-Dec,Whitefield,3.0,1.0,71.8,1500.0,3.0
Super built-up  Area,Ready To Move,Pulikeshi Nagar,3.0,2.0,285.0,2280.0,3.0
Super built-up  Area,21-Dec,Kanakpura Road,3.0,2.0,53.0,1100.0,3.0
Built-up  Area,Ready To Move,Hoodi,2.0,0.0,53.0,1247.0,2.0
Super built-up  Area,19-Dec,Domlur Layout,3.0,2.0,200.0,2000.0,3.0
Super built-up  Area,18-Jul,Balagere,2.0,1.0,68.38,1020.07,2.0
Super built-up  Area,19-Dec,Gunjur Palya,2.0,2.0,32.0,1033.0,3.0
Built-up  Area,Ready To Move,B Narayanapura,2.0,3.0,73.0,1460.0,3.0
Super built-up  Area,Ready To Move,Garudachar Palya,2.0,2.0,52.8,1150.0,2.0
Super built-up  Area,Ready To Move,Sarjapur  Road,5.0,2.0,385.0,5965.0,5.0
Super built-up  Area,Ready To Move,Babusapalaya,2.0,1.0,46.0,1141.0,2.0
Super built-up  Area,Ready To Move,Yelahanka,6.0,0.0,125.5,2912.5,4.0
Plot  Area,Ready To Move,Doddaballapur,4.0,3.0,325.0,4200.0,4.0
Super built-up  Area,18-Jul,Hosa Road,2.0,3.0,125.0,1665.0,3.0
Super built-up  Area,18-Dec,Kanakapura,2.0,2.0,64.0,1295.0,2.0
Super built-up  Area,18-Aug,Haralur Road,2.0,1.0,78.0,1230.0,2.0
Super built-up  Area,Ready To Move,Anand Nagar,2.0,2.0,75.0,1080.0,3.0
Super built-up  Area,Ready To Move,Kaggalipura,2.0,1.0,60.0,1000.0,2.0
Super built-up  Area,Ready To Move,Kaval Byrasandra,2.0,0.0,50.0,2400.0,3.0
Super built-up  Area,19-Dec,Whitefield,1.0,0.0,32.79,630.5,1.0
Super built-up  Area,18-May,Rayasandra,3.0,2.0,75.0,1708.0,3.0
Super built-up  Area,Ready To Move,Thanisandra,3.0,2.0,115.0,1697.0,3.0
Super built-up  Area,Ready To Move,Whitefield,5.0,3.0,210.0,3537.0,4.0
Super built-up  Area,19-Mar,Hosa Road,1.0,1.0,28.29,615.0,1.0
Built-up  Area,Ready To Move,Banashankari,2.0,0.0,83.0,1350.0,3.0
Super built-up  Area,Ready To Move,Kanakpura Road,2.0,2.0,66.4,1530.0,3.0
Super built-up  Area,19-Dec,Jalahalli,2.0,1.0,32.49,1083.0,2.0
Super built-up  Area,Ready To Move,Gottigere,2.0,2.0,65.0,1460.0,3.0
Super built-up  Area,Ready To Move,Babusapalaya,2.0,1.0,58.0,1084.0,2.0
Super built-up  Area,18-May,Bommasandra,2.0,1.0,41.43,1035.0,2.0
Super built-up  Area,Ready To Move,Vijaya Bank Layout,2.0,1.0,150.0,2400.0,3.0
Super built-up  Area,Ready To Move,Hosur Road,1.0,1.0,21.0,460.0,1.0
Super built-up  Area,Ready To Move,Narayanappa Layout,5.0,2.0,90.0,950.0,5.0
Super built-up  Area,Ready To Move,Whitefield,2.0,2.0,55.9,1285.0,2.0
Super built-up  Area,Ready To Move,1Hanuman Nagar,16.0,2.0,490.0,2000.0,19.0
Plot  Area,Ready To Move,Sarjapur,3.0,2.0,78.0,1200.0,3.0
Built-up  Area,Ready To Move,Raghuvanahalli,2.0,1.0,35.0,1070.0,2.0
Super built-up  Area,Ready To Move,Hegde Nagar,3.0,2.0,140.0,1801.0,3.0
Super built-up  Area,18-Dec,Whitefield,3.0,2.0,115.0,1697.0,3.0
Super built-up  Area,Ready To Move,AECS Layout,2.0,2.0,65.0,1199.0,2.0
Super built-up  Area,Ready To Move,Iblur Village,3.0,1.0,220.0,2300.0,3.0
Super built-up  Area,Ready To Move,Mysore Road,2.0,3.0,64.31,1340.0,3.0
Super built-up  Area,Ready To Move,Marathahalli,4.0,3.0,205.0,3800.0,4.0
Plot  Area,Ready To Move,Jigani,5.0,2.0,50.0,600.0,5.0
Super built-up  Area,Ready To Move,Wilson Garden,2.0,1.0,75.0,1125.0,2.0
Plot  Area,Ready To Move,Anandapura,2.0,1.0,67.0,1200.0,2.0
Built-up  Area,Ready To Move,Subramanyapura,2.0,3.0,41.0,1050.0,2.0
Built-up  Area,Ready To Move,Nagarbhavi,2.0,1.0,49.0,956.0,2.0
Super built-up  Area,Ready To Move,Sarjapur,2.0,2.0,30.0,1000.0,2.0
Built-up  Area,Ready To Move,Dooravani Nagar,3.0,0.0,95.0,1596.0,3.0
Plot  Area,Ready To Move,Kumbhena Agrahara,5.0,1.0,150.0,1200.0,6.0
Super built-up  Area,19-Jul,Kanakpura Road,2.0,3.0,89.06,1296.0,2.0
Plot  Area,Ready To Move,NS Palya,7.0,2.0,170.0,1200.0,6.0
Built-up  Area,Ready To Move,Challaghatta,3.0,3.0,123.0,1639.0,3.0
Super built-up  Area,Ready To Move,Electronic City Phase II,2.0,1.0,61.25,1219.0,2.0
Built-up  Area,Ready To Move,Uttarahalli,3.0,1.0,50.0,1200.0,3.0
Super built-up  Area,Ready To Move,Bannerghatta Road,2.0,1.0,73.0,1218.0,2.0
Super built-up  Area,Ready To Move,Nyanappana Halli,2.0,3.0,37.0,920.0,2.0
Super built-up  Area,Ready To Move,Yeshwanthpur,3.0,2.0,141.0,2559.0,3.0
Super built-up  Area,22-Dec,2nd Phase Judicial Layout,1.0,1.0,26.0,525.0,1.0
Super built-up  Area,18-Feb,Bannerghatta Road,2.0,2.0,48.51,1427.0,3.0
Super built-up  Area,18-Apr,Kothannur,3.0,2.0,45.0,1270.0,3.0
Built-up  Area,Ready To Move,Ramagondanahalli,2.0,3.0,65.0,920.0,2.0
Built-up  Area,Ready To Move,Dommasandra,3.0,2.0,68.0,2700.0,4.0
Super built-up  Area,Ready To Move,Indira Nagar 3rd Stage,3.0,2.0,199.0,1740.0,3.0
Built-up  Area,Ready To Move,Ramamurthy Nagar,2.0,2.0,40.0,1355.0,3.0
Super built-up  Area,Ready To Move,Lingadheeranahalli,2.0,2.0,90.0,1530.0,3.0
Carpet  Area,Ready To Move,Gokula Extension,2.0,1.0,90.0,1372.0,3.0
Super built-up  Area,Ready To Move,Nehru Nagar,5.0,2.0,120.0,2363.0,4.0
Super built-up  Area,Ready To Move,Marathahalli,4.0,3.0,220.0,3895.0,4.0
Super built-up  Area,20-Jun,Jakkur,3.0,2.0,131.0,1950.0,3.0
Built-up  Area,Ready To Move,Hoysalanagar,2.0,3.0,40.0,885.0,2.0
Built-up  Area,Ready To Move,Yelahanka,2.0,2.0,27.0,600.0,2.0
Plot  Area,Ready To Move,Kumaraswami Layout,4.0,1.0,128.0,1270.0,5.0
Plot  Area,Ready To Move,Vijayanagar,2.0,0.0,225.0,1380.0,2.0
Super built-up  Area,Ready To Move,Kanakpura Road,2.0,2.0,62.0,1339.0,2.0
Super built-up  Area,Ready To Move,Whitefield,2.0,1.0,36.0,1130.0,2.0
Built-up  Area,Ready To Move,Uttarahalli,2.0,2.0,43.0,1085.0,2.0
Built-up  Area,Ready To Move,Yeshwanthpur,3.0,2.0,72.0,1430.0,3.0
Carpet  Area,18-Dec,Bhoganhalli,4.0,1.0,121.0,1451.5,4.0
Super built-up  Area,Ready To Move,Ramakrishnappa Layout,5.0,2.0,720.0,6200.0,5.0
Super built-up  Area,Ready To Move,AGS Layout,2.0,1.0,59.6,1490.0,3.0
Built-up  Area,Ready To Move,Vishwanatha Nagenahalli,4.0,0.0,99.0,1650.0,4.0
Super built-up  Area,Ready To Move,Bellandur,2.0,2.0,57.0,1286.0,2.0
Built-up  Area,Ready To Move,KR Garden,2.0,2.0,63.0,925.0,2.0
Super built-up  Area,Ready To Move,Bellandur,4.0,3.0,230.0,3016.0,4.0
Built-up  Area,Ready To Move,Haralur Road,2.0,2.0,44.0,1000.0,2.0
Super built-up  Area,Ready To Move,Whitefield,2.0,2.0,39.0,1215.0,2.0
Plot  Area,Ready To Move,Kanakadasa Layout,3.0,1.0,95.0,1200.0,4.0
Super built-up  Area,Ready To Move,Lakshminarayana Pura,2.0,2.0,100.0,1336.0,2.0
Super built-up  Area,Ready To Move,Yeshwanthpur,1.0,1.0,36.85,673.0,1.0
Plot  Area,Ready To Move,Anandapura,2.0,1.0,58.0,1200.0,2.0
Plot  Area,Ready To Move,Lingarajapuram,7.0,2.0,63.0,600.0,6.0
Super built-up  Area,Ready To Move,Malleshwaram,3.0,3.0,160.0,1600.0,3.0
Plot  Area,Ready To Move,Mallathahalli,2.0,0.0,79.0,1200.0,2.0
Plot  Area,Ready To Move,Indira Nagar,4.0,1.0,750.0,2480.0,6.0
Super built-up  Area,18-Apr,Jayamahal Extension,3.0,2.0,270.0,2500.0,3.0
Plot  Area,Ready To Move,Devanahalli,5.0,3.0,100.0,2400.0,5.0
Super built-up  Area,Ready To Move,Sector 2 HSR Layout,2.0,2.0,65.0,1143.0,2.0
Super built-up  Area,Ready To Move,Kanakpura Road,2.0,2.0,61.74,1470.0,2.0
Plot  Area,Ready To Move,Laxminarayana Layout,3.0,2.0,145.0,1584.0,4.0
Super built-up  Area,Ready To Move,Marathahalli,3.0,2.0,94.0,1785.0,3.0
Super built-up  Area,Ready To Move,Koramangala,3.0,2.0,286.0,2292.0,3.0
Super built-up  Area,Ready To Move,Kothanur,3.0,3.0,71.0,1460.0,3.0
Super built-up  Area,Ready To Move,Kasturi Nagar,2.0,3.0,80.0,1500.0,3.0
Plot  Area,Ready To Move,Yelahanka,4.0,1.0,140.0,1200.0,5.0
Built-up  Area,Ready To Move,Sanjay nagar,3.0,2.0,250.0,3300.0,5.0
Super built-up  Area,Ready To Move,Chikkalasandra,2.0,2.0,48.0,1230.0,2.0
Super built-up  Area,Ready To Move,Yelahanka New Town,1.0,1.0,20.0,650.0,1.0
Super built-up  Area,Ready To Move,Benson Town,2.0,2.0,120.0,1480.0,2.0
Super built-up  Area,Ready To Move,Thanisandra,2.0,1.0,43.92,1220.0,2.0
Super built-up  Area,Ready To Move,Dooravani Nagar,3.0,1.0,115.0,1570.0,3.0
Built-up  Area,Ready To Move,Sadashiva Nagar,3.0,3.0,400.0,3000.0,3.0
Super built-up  Area,Ready To Move,Mallasandra,3.0,2.0,86.91,1665.0,3.0
Plot  Area,Ready To Move,Banagiri Nagar,3.0,1.0,380.0,1350.0,3.0
Plot  Area,Ready To Move,Sarjapur  Road,5.0,2.0,600.0,4000.0,4.0
Plot  Area,Ready To Move,Ramamurthy Nagar,2.0,0.0,68.0,1100.0,2.0
Super built-up  Area,Ready To Move,Kathriguppe,2.0,1.0,87.01,1350.0,3.0
Built-up  Area,Ready To Move,Kasavanhalli,3.0,2.0,116.0,1719.0,3.0
Super built-up  Area,Ready To Move,Budigere,1.0,1.0,35.0,664.0,1.0
Super built-up  Area,18-Dec,Sonnenahalli,2.0,1.0,50.53,1011.0,2.0
Built-up  Area,Ready To Move,Akshya Nagar,6.0,0.0,130.0,2400.0,6.0
Super built-up  Area,Ready To Move,Basaveshwara Nagar Yelahanka,3.0,2.0,85.0,1680.0,3.0
Super built-up  Area,Ready To Move,Yeshwanthpur,2.0,0.0,49.475,717.0,2.0
Plot  Area,Ready To Move,Thyagaraja Nagar,4.0,2.0,110.0,700.0,4.0
Super built-up  Area,Ready To Move,Whitefield,2.0,2.0,150.0,1520.0,3.0
Carpet  Area,Ready To Move,Uttarahalli,2.0,2.0,53.0,1350.0,3.0
Super built-up  Area,15-Nov,Kothanur,3.0,2.0,150.0,1760.0,3.0
Super built-up  Area,Ready To Move,Pattandur Agrahara,2.0,1.0,33.0,875.0,2.0
Super built-up  Area,Ready To Move,Hennur,2.0,2.0,48.0,1231.0,2.0
Super built-up  Area,Ready To Move,Somasundara Palya,2.0,3.0,74.0,1174.0,2.0
Built-up  Area,Ready To Move,Munnekollal,3.0,3.0,75.0,1560.0,3.0
Super built-up  Area,Ready To Move,HOSUR MAIN ROAD,2.0,2.0,56.0,1464.0,2.0
Plot  Area,Ready To Move,Kanakpura Road,3.0,2.0,130.0,2200.0,3.0
Built-up  Area,Ready To Move,Shivaji Nagar,2.0,2.0,55.0,850.0,2.0
Built-up  Area,Ready To Move,Sahyadri Layout,3.0,1.0,180.0,1750.0,3.0
Super built-up  Area,Ready To Move,1st Phase JP Nagar,3.0,2.0,157.0,2024.0,3.0
Plot  Area,Ready To Move,Mathikere SBM colony,1.0,0.0,160.0,1500.0,2.0
Plot  Area,Ready To Move,"white field,kadugodi",6.0,2.0,275.0,2100.0,6.0
Super built-up  Area,Ready To Move,Kodihalli,4.0,2.0,260.0,2408.0,3.0
Super built-up  Area,Ready To Move,Devanahalli,2.0,1.0,44.0,1080.0,2.0
Super built-up  Area,Ready To Move,Indira Nagar,3.0,2.0,225.0,2070.0,3.0
Built-up  Area,18-Dec,Electronic City,2.0,1.0,29.46,1020.0,2.0
Super built-up  Area,Ready To Move,Begur Road,2.0,3.0,55.0,1500.0,3.0
Plot  Area,Ready To Move,Mahalakshmi Layout,5.0,1.0,158.0,1575.0,4.0
Plot  Area,Ready To Move,Kodichikkanahalli,4.0,1.0,180.0,3250.0,4.0
Super built-up  Area,Ready To Move,Uttarahalli,2.0,1.0,47.0,1175.0,2.0
Super built-up  Area,Ready To Move,Channasandra,2.0,1.0,34.5,1030.0,2.0
Super built-up  Area,18-Jul,Hebbal,2.0,1.0,115.0,1440.0,2.0
Built-up  Area,Ready To Move,Hoodi,2.0,1.0,84.0,1500.0,2.0
Plot  Area,Ready To Move,Thanisandra,1.0,1.0,62.1,1380.0,1.0
Built-up  Area,Ready To Move,Bagalur,2.0,3.0,50.0,1200.0,2.0
Built-up  Area,Ready To Move,Vinayak Nagar,1.0,2.0,36.5,705.0,1.0
Super built-up  Area,Ready To Move,Harlur,5.0,2.0,155.0,2240.0,3.0
Super built-up  Area,Ready To Move,Hegde Nagar,3.0,1.0,103.0,1584.01,3.0
Super built-up  Area,Ready To Move,P Krishnappa Layout,3.0,3.0,77.0,1340.0,3.0
Super built-up  Area,Ready To Move,Green Garden Layout,3.0,2.0,70.0,1800.0,3.0
Super built-up  Area,Ready To Move,R.T. Nagar,2.0,3.0,45.0,1200.0,2.0
Super built-up  Area,18-Nov,Sarjapur  Road,1.0,1.0,40.0,685.0,1.0
Super built-up  Area,Ready To Move,Kalkere,2.0,3.0,42.0,925.0,2.0
Super built-up  Area,Ready To Move,Crimson Layout,2.0,2.0,57.0,1230.0,2.0
Plot  Area,Ready To Move,Manjunath Nagar,5.0,1.0,185.0,1200.0,5.0
Super built-up  Area,Ready To Move,Kodichikkanahalli,2.0,1.0,52.0,1125.0,2.0
Super built-up  Area,Ready To Move,Hebbal,2.0,1.0,54.0,1100.0,2.0
Plot  Area,18-Aug,Jigani,3.0,2.0,149.0,2400.0,3.0
Super built-up  Area,18-Jul,Electronic City Phase II,2.0,2.0,41.58,1400.0,3.0
Plot  Area,Ready To Move,Uttarahalli,7.0,2.0,225.0,1200.0,7.0
Super built-up  Area,Ready To Move,Jakkur,3.0,1.0,98.3,1858.0,3.0
Plot  Area,Ready To Move,Adityanagar,1.0,1.0,41.0,1260.0,1.0
Built-up  Area,Ready To Move,Ambedkar Nagar,4.0,2.0,290.0,3530.0,4.0
Super built-up  Area,Ready To Move,HSR Layout,2.0,2.0,60.0,1185.0,2.0
Plot  Area,Ready To Move,RMV 2nd Stage,2.0,1.0,216.0,1200.0,2.0
Super built-up  Area,Ready To Move,Hennur,2.0,1.0,58.0,1255.0,2.0
Super built-up  Area,Ready To Move,Rajaji Nagar,6.0,3.0,475.0,3436.0,4.0
Built-up  Area,Ready To Move,Kudlu Gate,3.0,2.0,89.0,1335.0,3.0
Super built-up  Area,Ready To Move,Dodda Nekkundi,3.0,2.0,132.0,1999.0,3.0
Plot  Area,Ready To Move,Kanaka Nagar,2.0,1.0,125.0,1200.0,2.0
Super built-up  Area,Ready To Move,Kundalahalli,3.0,2.0,110.0,1397.0,3.0
Plot  Area,Ready To Move,Jigani,10.0,2.0,105.0,1200.0,10.0
Super built-up  Area,Ready To Move,Cooke Town,4.0,2.0,450.0,3950.0,4.0
Plot  Area,Ready To Move,Yelahanka New Town,2.0,1.0,130.0,1200.0,2.0
Plot  Area,Ready To Move,Chikka Tirupathi,3.0,0.0,95.0,1616.0,3.0
Plot  Area,Ready To Move,Banashankari Stage III,7.0,2.0,350.0,1200.0,8.0
Built-up  Area,Ready To Move,Hanumantha Nagar,2.0,1.0,175.0,1270.0,4.0
Super built-up  Area,Ready To Move,Raja Rajeshwari Nagar,2.0,2.0,38.55,1140.0,2.0
Super built-up  Area,21-Jan,Kanakpura Road,1.0,1.0,30.0,525.0,1.0
Plot  Area,Ready To Move,Varthur,2.0,1.0,98.0,1200.0,3.0
Built-up  Area,Ready To Move,Bagalakunte,1.0,1.0,162.0,700.0,1.0
Super built-up  Area,18-Jul,Balagere,2.0,1.0,81.0,1205.47,2.0
Plot  Area,Ready To Move,T Dasarahalli,3.0,2.0,130.0,1200.0,3.0
Super built-up  Area,Ready To Move,Electronic City,3.0,2.0,75.0,1700.0,3.0
Plot  Area,Ready To Move,Thanisandra,4.0,0.0,62.0,750.0,5.0
Super built-up  Area,21-May,Kanakpura Road,2.0,1.0,54.54,1090.0,2.0
Super built-up  Area,Ready To Move,Yeshwanthpur,5.0,2.0,220.0,3600.0,4.0
Built-up  Area,Ready To Move,Kundalahalli,1.0,0.0,650.0,2400.0,1.0
Super built-up  Area,19-Mar,Thanisandra,1.0,1.0,60.84,923.0,1.0
Super built-up  Area,18-May,Muthurayya Swamy Layout,6.0,2.0,360.0,3595.0,4.0
Super built-up  Area,Ready To Move,Green Glen Layout,2.0,2.0,48.0,1050.0,2.0
Super built-up  Area,Ready To Move,Whitefield,2.0,2.0,79.5,1495.0,2.0
Super built-up  Area,19-Mar,Hennur Road,2.0,2.0,93.865,1664.0,3.0
Built-up  Area,Ready To Move,Narayanapura,3.0,2.0,85.0,1485.0,3.0
Super built-up  Area,19-Dec,Dommasandra,2.0,2.0,31.5,1033.0,3.0
Super built-up  Area,Ready To Move,Electronic City,2.0,1.0,48.0,1400.0,3.0
Built-up  Area,Ready To Move,Indira Nagar,1.0,0.0,70.0,500.0,1.0
Super built-up  Area,Ready To Move,Sarjapur  Road,2.0,1.0,35.0,944.0,2.0
Built-up  Area,Ready To Move,Whitefield,5.0,0.0,290.0,3250.0,5.0
Super built-up  Area,19-Mar,Whitefield,2.0,1.0,66.48,1216.0,2.0
Super built-up  Area,Ready To Move,Thirumenahalli,2.0,1.0,39.5,1100.0,2.0
Super built-up  Area,Ready To Move,Thanisandra,3.0,2.0,93.25,1743.0,3.0
Super built-up  Area,Ready To Move,Yelahanka,2.0,2.0,48.42,1274.0,2.0
Super built-up  Area,Ready To Move,Lavelle Road,3.0,2.0,425.0,2500.0,3.0
Super built-up  Area,Ready To Move,Mysore Road,2.0,2.0,110.0,1512.0,3.0
Super built-up  Area,Ready To Move,Dollars Colony,5.0,1.0,385.0,3100.0,4.0
Super built-up  Area,Ready To Move,Cox Town,3.0,3.0,100.0,1650.0,3.0
Built-up  Area,Ready To Move,Doddathoguru,3.0,1.0,55.0,1875.0,3.0
Built-up  Area,Ready To Move,Whitefield,3.0,2.0,54.0,1350.0,3.0
Super built-up  Area,Ready To Move,Rajiv Gandhi Nagar,2.0,2.0,40.0,1219.0,2.0
Plot  Area,Ready To Move,Goraguntepalya,4.0,1.0,150.0,1200.0,4.0
Plot  Area,Ready To Move,Sarjapura - Attibele Road,3.0,3.0,85.0,2400.0,3.0
Super built-up  Area,Ready To Move,Hormavu,2.0,1.0,44.4,1141.0,2.0
Super built-up  Area,Ready To Move,Anandapura,2.0,1.0,43.1,1151.0,2.0
Plot  Area,Ready To Move,Bommenahalli,3.0,1.0,77.0,832.0,3.0
Super built-up  Area,Ready To Move,Sarjapur  Road,2.0,1.0,38.0,915.0,2.0
Plot  Area,Ready To Move,Rajankunte,3.0,0.0,270.0,3259.0,3.0
Super built-up  Area,22-Dec,Bannerghatta Road,2.0,1.0,65.12,1115.0,2.0
Super built-up  Area,Ready To Move,Thigalarapalya,4.0,2.0,139.0,2072.0,3.0
Super built-up  Area,Ready To Move,Kaggadasapura,2.0,2.0,53.0,1200.0,2.0
Super built-up  Area,Ready To Move,Singasandra,2.0,2.0,65.0,1300.0,2.0
Super built-up  Area,Ready To Move,Bellandur,2.0,2.0,85.0,1457.0,2.0
Super built-up  Area,Ready To Move,Kannamangala,2.0,2.0,55.0,1262.0,2.0
Plot  Area,Ready To Move,BEML Layout,3.0,1.0,150.0,1196.0,4.0
Super built-up  Area,18-Aug,Ananth Nagar,2.0,2.0,22.5,900.0,2.0
Built-up  Area,Ready To Move,Attibele,1.0,1.0,17.0,420.0,1.0
Super built-up  Area,Ready To Move,Kanakapura,2.0,1.0,46.39,1160.0,2.0
Super built-up  Area,Ready To Move,Kasavanhalli,2.0,2.0,50.0,1115.0,2.0
Built-up  Area,Ready To Move,JP Nagar,2.0,1.0,85.4,1315.0,3.0
Built-up  Area,Ready To Move,Babusapalaya,2.0,2.0,57.0,1500.0,2.0
Super built-up  Area,Ready To Move,HSR Layout,2.0,1.0,68.0,1127.0,2.0
Super built-up  Area,18-Feb,Kundalahalli,3.0,2.0,104.0,1397.0,3.0
Built-up  Area,20-Dec,Whitefield,2.0,1.0,60.0,1173.0,2.0
Super built-up  Area,Ready To Move,Sompura,2.0,2.0,28.0,1090.0,2.0
Super built-up  Area,Ready To Move,Sarjapur  Road,5.0,2.0,210.0,2720.0,3.0
Super built-up  Area,18-May,Jakkur,2.0,1.0,76.0,1230.0,2.0
Super built-up  Area,Ready To Move,6th Block Rajaji Nagar,3.0,3.0,190.0,3200.0,4.0
Super built-up  Area,19-Dec,Sarjapur  Road,2.0,1.0,31.57,858.0,2.0
Super built-up  Area,21-Mar,Talaghattapura,3.0,1.0,121.0,1868.0,3.0
Super built-up  Area,Ready To Move,Uttarahalli,3.0,2.0,91.2,1689.28,3.0
Built-up  Area,Ready To Move,Vishwapriya Layout,3.0,2.0,73.0,600.0,4.0
Super built-up  Area,Ready To Move,Banashankari,3.0,3.0,49.88,1425.0,3.0
Plot  Area,Ready To Move,Subramanyapura,6.0,2.0,170.0,1200.0,6.0
Plot  Area,Ready To Move,Tindlu,2.0,1.0,100.0,1350.0,2.0
Built-up  Area,Ready To Move,Channasandra,6.0,0.0,180.0,4200.0,6.0
Super built-up  Area,Ready To Move,Uttarahalli,2.0,1.0,85.0,1310.0,3.0
Super built-up  Area,18-Jun,Haralur Road,2.0,2.0,175.0,3185.0,4.0
Super built-up  Area,Ready To Move,MLA Layout,2.0,1.0,40.0,970.0,2.0
Super built-up  Area,18-May,Kundalahalli,3.0,3.0,108.0,1397.0,3.0
Super built-up  Area,18-Jul,Sarjapur,2.0,1.0,40.0,1157.0,2.0
Super built-up  Area,Ready To Move,Kasavanhalli,2.0,1.0,61.2,1125.0,2.0
Super built-up  Area,Ready To Move,Sonnenahalli,2.0,1.0,42.0,1157.0,2.0
Super built-up  Area,Ready To Move,Sarjapur  Road,2.0,1.0,82.0,1241.0,2.0
Super built-up  Area,19-Dec,Binny Pete,1.0,1.0,62.0,660.0,1.0
Built-up  Area,Ready To Move,Marathahalli,4.0,3.0,220.0,4000.0,4.0
Super built-up  Area,Ready To Move,Rajiv Nagar,4.0,1.0,148.0,2340.0,4.0
Built-up  Area,Ready To Move,Venkatadri Layout,1.0,1.0,42.0,596.0,1.0
Super built-up  Area,Ready To Move,Koramangala Industrial Layout,16.0,2.0,550.0,10000.0,16.0
Plot  Area,Ready To Move,Kyalasanahalli,4.0,3.0,110.0,1200.0,4.0
Super built-up  Area,Ready To Move,Ambedkar Colony,3.0,1.0,190.0,1910.0,3.0
Super built-up  Area,Ready To Move,Brookefield,2.0,2.0,80.0,1139.0,2.0
Super built-up  Area,Ready To Move,Thigalarapalya,5.0,2.0,225.0,3122.0,4.0
Super built-up  Area,19-Aug,Sarjapura - Attibele Road,2.0,2.0,28.41,1033.0,2.0
Super built-up  Area,Ready To Move,Yeshwanthpur,2.0,2.0,64.08,1168.0,2.0
Super built-up  Area,Ready To Move,Chandapura,2.0,3.0,42.0,877.0,2.0
Built-up  Area,18-Jul,Electronics City Phase 1,2.0,2.0,75.0,1340.0,2.0
Built-up  Area,Ready To Move,B Narayanapura,2.0,2.0,70.0,1405.0,3.0
Super built-up  Area,Ready To Move,Siddapura,3.0,3.0,65.0,1800.0,3.0
Built-up  Area,Ready To Move, Devarabeesana Halli,3.0,3.0,149.0,1750.0,3.0
Super built-up  Area,Ready To Move,Motappa Layout,2.0,1.0,65.0,1360.0,3.0
Plot  Area,Ready To Move,Malleshwaram,2.0,0.0,148.0,675.0,3.0
Super built-up  Area,19-Jun,Byrasandra,2.0,1.0,63.0,985.0,2.0
Super built-up  Area,16-Jul,Victoria Layout,2.0,1.0,129.0,1300.0,2.0
Super built-up  Area,Ready To Move,7th Phase JP Nagar,3.0,2.0,150.0,1850.0,3.0
Super built-up  Area,Ready To Move,Rustam Bagh Layout,2.0,3.0,88.0,1490.0,3.0
Super built-up  Area,Ready To Move,Byagadadhenahalli,1.0,1.0,25.0,620.0,2.0
Super built-up  Area,19-Aug,Hormavu,2.0,1.0,42.3,1130.0,2.0
Super built-up  Area,Ready To Move,Yelachenahalli,2.0,2.0,55.0,1080.0,2.0
Built-up  Area,Ready To Move,Singasandra,4.0,2.0,120.0,3126.0,4.0
Super built-up  Area,Ready To Move,Begur Road,2.0,3.0,52.17,1410.0,3.0
Super built-up  Area,Ready To Move,Bommanahalli,3.0,2.0,59.0,1375.0,3.0
Super built-up  Area,Ready To Move,Hennur Road,2.0,1.0,94.5,1290.0,3.0
Super built-up  Area,19-Mar,Hosa Road,2.0,1.0,85.28,1318.0,3.0
Super built-up  Area,Ready To Move,Electronic City,2.0,1.0,68.0,1128.0,2.0
Plot  Area,Ready To Move,Meenakunte,4.0,2.0,255.0,4428.0,4.0
Super built-up  Area,21-Mar,Kanakpura Road,2.0,2.0,56.74,1051.0,2.0
Plot  Area,Ready To Move,Kengeri,5.0,0.0,275.0,3500.0,3.0
Plot  Area,Ready To Move,Kannamangala,4.0,1.0,130.0,2400.0,4.0
Super built-up  Area,Ready To Move,Yelahanka,2.0,3.0,85.0,1327.0,2.0
Super built-up  Area,Ready To Move,Thigalarapalya,6.0,2.0,210.0,2912.0,4.0
Super built-up  Area,Ready To Move,Basapura,2.0,2.0,55.0,1301.0,2.0
Super built-up  Area,Ready To Move,Thippasandra,1.0,0.0,30.0,650.0,1.0
Plot  Area,18-Jul,Varthur,3.0,1.0,67.75,1200.0,3.0
Super built-up  Area,Ready To Move,Banagiri Nagar,2.0,2.0,89.99,1500.0,3.0
Plot  Area,Ready To Move,Kumara Park,6.0,2.0,675.0,2700.0,4.0
Plot  Area,Ready To Move,Nagadevanahalli,4.0,2.0,145.0,1350.0,4.0
Built-up  Area,18-Aug,Electronic City Phase II,2.0,1.0,28.88,1000.0,2.0
Super built-up  Area,19-Nov,Sarjapur  Road,2.0,1.0,45.91,984.0,2.0
Super built-up  Area,22-May,Jakkur,3.0,1.0,160.0,1819.18,3.0
Built-up  Area,Ready To Move,Nagarbhavi,1.0,0.0,175.0,900.0,1.0
Super built-up  Area,18-Apr,Hebbal,3.0,1.0,83.87,1355.0,3.0
Super built-up  Area,Ready To Move,Sarakki Nagar,4.0,1.0,270.0,2145.0,3.0
Super built-up  Area,Ready To Move,Malleshwaram,4.0,3.0,300.0,2475.0,3.0
Super built-up  Area,18-Aug,Kaggadasapura,2.0,0.0,30.0,1118.0,2.0
Super built-up  Area,Ready To Move,Roopena Agrahara,1.0,1.0,42.0,910.0,1.0
Super built-up  Area,18-May,Madiwala,3.0,2.0,39.0,1250.0,3.0
Super built-up  Area,18-Mar,Hosakerehalli,2.0,3.0,100.0,1304.0,2.0
Super built-up  Area,Ready To Move,Begur Road,3.0,2.0,58.0,1615.0,3.0
Super built-up  Area,Ready To Move,Sarjapur  Road,2.0,2.0,68.0,1400.0,2.0
Super built-up  Area,Ready To Move,CV Raman Nagar,2.0,2.0,47.5,1070.0,2.0
Super built-up  Area,17-Nov,Hebbal,3.0,3.0,395.0,3500.0,3.0
Super built-up  Area,22-Jun,Hoodi,2.0,1.0,89.37,1132.0,2.0
Super built-up  Area,Ready To Move,Rajarajeshwari Nagara,3.0,2.0,85.0,2000.0,3.0
Plot  Area,Ready To Move,Hebbal,5.0,1.0,550.0,2400.0,7.0
Super built-up  Area,Ready To Move,Sector 2 HSR Layout,1.0,2.0,65.0,794.0,1.0
Super built-up  Area,Ready To Move,Raja Rajeshwari Nagar,2.0,2.0,43.59,1090.0,2.0
Super built-up  Area,Ready To Move,Gottigere,3.0,2.0,70.0,1500.0,3.0
Super built-up  Area,Ready To Move,1st Phase JP Nagar,3.0,2.0,225.0,2059.0,3.0
Super built-up  Area,21-Jan,Kanakpura Road,1.0,1.0,30.0,525.0,1.0
Super built-up  Area,18-May,Bhoganhalli,2.0,1.0,75.97,1447.0,2.0
Super built-up  Area,20-Dec,Whitefield,2.0,1.0,75.0,1269.0,2.0
Plot  Area,18-Apr,KR Layout,4.0,0.0,700.0,4800.0,4.0
Super built-up  Area,Ready To Move,Kanakpura Road,2.0,2.0,37.45,1070.0,2.0
Super built-up  Area,Ready To Move,Talaghattapura,2.0,0.0,28.0,1150.0,2.0
Super built-up  Area,Ready To Move,Marathahalli,2.0,2.0,70.0,1208.0,2.0
Super built-up  Area,Ready To Move,Ramamurthy Nagar,2.0,1.0,45.5,1185.0,2.0
Plot  Area,Ready To Move,Laggere,3.0,1.0,130.0,1200.0,3.0
Super built-up  Area,Ready To Move,Anekal,2.0,1.0,34.0,888.0,2.0
Super built-up  Area,18-Aug,Chandapura,2.0,2.0,25.88,1015.0,2.0
Built-up  Area,Ready To Move,Celebrity Paradise Layout,1.0,1.0,22.49,532.0,1.0
Super built-up  Area,Ready To Move,St Thomas Town,3.0,1.0,62.0,1060.0,3.0
Built-up  Area,Ready To Move,Electronic City,1.0,1.0,35.0,700.0,1.0
Super built-up  Area,Ready To Move,Ckikkakammana Halli,2.0,2.0,42.0,902.0,2.0
Plot  Area,Ready To Move,Banashankari 2nd Stage,3.0,3.0,95.0,600.0,6.0
Super built-up  Area,Ready To Move,Uttarahalli,2.0,1.0,47.0,1175.0,2.0
Super built-up  Area,19-Dec,Binny Pete,2.0,1.0,122.0,1365.0,2.0
Super built-up  Area,Ready To Move,Doddathoguru,2.0,1.0,51.0,984.0,2.0
Plot  Area,Ready To Move,Hebbal,2.0,2.0,100.0,2700.0,4.0
Super built-up  Area,Ready To Move,Jalahalli East,3.0,2.0,96.0,1475.0,3.0
Super built-up  Area,Ready To Move,Haralur Road,2.0,2.0,79.0,1300.0,2.0
Plot  Area,Ready To Move,5th Block Hbr Layout,6.0,1.0,220.0,1200.0,5.0
Built-up  Area,Ready To Move,Babusapalaya,2.0,2.0,43.59,1453.0,3.0
Super built-up  Area,Ready To Move,Munivenkatppa Layout,2.0,3.0,160.0,1550.0,2.0
Built-up  Area,Ready To Move,Akshaya Nagar,3.0,2.0,95.0,1666.0,3.0
Plot  Area,Ready To Move,Akshaya Nagar,4.0,2.0,160.0,1410.0,4.0
Plot  Area,18-Mar,Yelahanka,5.0,3.0,800.0,4025.0,4.0
Super built-up  Area,Ready To Move,Murugeshpalya,3.0,3.0,91.0,1845.0,3.0
Super built-up  Area,Ready To Move,Sarjapura - Attibele Road,3.0,3.0,52.0,1676.0,3.0
Super built-up  Area,20-Dec,Uttarahalli,2.0,1.0,63.0,1137.0,2.0
Super built-up  Area,Ready To Move,Electronic City,2.0,1.0,70.5,1360.0,3.0
Super built-up  Area,Ready To Move,Vijaya Bank Layout,2.0,2.0,70.0,1374.0,3.0
Built-up  Area,Ready To Move,Judicial Layout,3.0,2.0,155.0,1700.0,3.0
Plot  Area,Ready To Move,Whitefield,5.0,0.0,250.0,3227.0,5.0
Super built-up  Area,Ready To Move,Ferrar Nagar,4.0,2.0,125.0,2145.0,4.0
Plot  Area,Ready To Move,Koramangala,6.0,3.0,600.0,2400.0,4.0
Super built-up  Area,18-May,Kasavanhalli,3.0,2.0,151.0,2170.0,3.0
Built-up  Area,Ready To Move,Bank Of Baroda Colony,2.0,1.0,55.0,1080.0,2.0
Built-up  Area,Ready To Move,Electronic City Phase II,3.0,3.0,100.0,1790.0,3.0
Super built-up  Area,Ready To Move,Doddathoguru,1.0,1.0,17.0,550.0,1.0
Super built-up  Area,Ready To Move,Poorna Pragna Layout,2.0,2.0,50.79,1270.0,3.0
Built-up  Area,Ready To Move,Somasundara Palya,2.0,2.0,48.0,1033.0,2.0
Built-up  Area,Ready To Move,Kamala Nagar,2.0,1.0,80.0,1000.0,2.0
Super built-up  Area,19-Dec,Binny Pete,6.0,2.0,280.0,2940.0,4.0
Super built-up  Area,Ready To Move,Kumarapalli,2.0,2.0,52.6,1240.0,2.0
Plot  Area,Ready To Move,Kasturi Nagar,5.0,1.0,450.0,1650.0,5.0
Super built-up  Area,Ready To Move,Kambipura,2.0,1.0,39.0,883.0,2.0
Built-up  Area,15-Jun,Outer Ring Road East,2.0,0.0,97.0,1500.0,3.0
Super built-up  Area,Ready To Move,Marathahalli,3.0,3.0,139.0,1730.0,3.0
Super built-up  Area,Ready To Move,Kasavanhalli,3.0,3.0,80.0,1915.0,3.0
Super built-up  Area,Ready To Move,Whitefield,3.0,2.0,79.0,1545.0,3.0
Super built-up  Area,19-Mar,Marenahalli,4.0,2.0,140.0,1865.0,3.0
Super built-up  Area,Ready To Move,Hebbal Kempapura,2.0,2.0,40.0,1150.0,2.0
Super built-up  Area,18-Aug,HAL 3rd Stage,2.0,2.0,49.0,1200.0,2.0
Built-up  Area,Ready To Move,Kengeri,2.0,2.0,40.0,963.0,2.0
Plot  Area,Ready To Move,Marsur,3.0,1.0,120.0,1200.0,3.0
Super built-up  Area,Ready To Move,Basavangudi,4.0,3.0,260.0,2600.0,4.0
Built-up  Area,Ready To Move,Kaikondrahalli,4.0,2.0,108.0,1700.0,4.0
Super built-up  Area,Ready To Move,Lingadheeranahalli,3.0,1.0,120.0,1682.0,3.0
Built-up  Area,Ready To Move,Yelahanka,2.0,2.0,65.0,1371.0,3.0
Super built-up  Area,21-Mar,Hennur Road,2.0,1.0,49.5,901.0,2.0
Plot  Area,Ready To Move,Vishwapriya Layout,7.0,0.0,73.0,600.0,7.0
Super built-up  Area,Ready To Move,Ambalipura,3.0,1.0,120.0,1730.0,3.0
Plot  Area,Ready To Move,Konanakunte,4.0,0.0,125.0,1200.0,4.0
Super built-up  Area,Ready To Move,EPIP Zone,3.0,3.0,102.0,1500.0,3.0
Super built-up  Area,Ready To Move,Sarjapur  Road,6.0,2.0,280.0,3785.0,4.0
Built-up  Area,Ready To Move,Nagawara Junction,4.0,2.0,245.0,3500.0,4.0
Carpet  Area,Ready To Move,Lingarajapuram,2.0,1.0,59.86,1203.0,2.0
Super built-up  Area,Ready To Move,Horamavu Banaswadi,2.0,2.0,54.0,1357.0,2.0
Super built-up  Area,Ready To Move,Vasantha Vallabha Nagar,3.0,2.0,76.0,1600.0,3.0
Built-up  Area,Ready To Move,Yelahanka New Town,1.0,1.0,13.5,350.0,1.0
Super built-up  Area,Ready To Move,Varthur,3.0,1.0,53.0,1665.0,3.0
Plot  Area,Ready To Move,Ramamurthy Nagar,3.0,3.0,200.0,1400.0,3.0
Super built-up  Area,Ready To Move,Sarjapur  Road,1.0,1.0,46.95,835.0,1.0
Plot  Area,Ready To Move,Chandra Layout,3.0,2.0,160.0,815.0,2.0
Super built-up  Area,Ready To Move,Haralur Road,2.0,1.0,80.0,1444.0,3.0
Super built-up  Area,Ready To Move,Kanakapura,2.0,2.0,55.0,1277.0,2.0
Super built-up  Area,Ready To Move,Lingadheeranahalli,3.0,1.0,94.71,1521.0,3.0
Super built-up  Area,Ready To Move,Maithri Layout,2.0,1.0,40.0,1134.0,2.0
Super built-up  Area,Ready To Move,Vasanthapura,2.0,1.0,34.82,995.0,2.0
Super built-up  Area,Ready To Move,Old Madras Road,5.0,2.0,157.0,2760.0,3.0
Built-up  Area,Ready To Move,Marathahalli,1.0,1.0,92.0,1325.0,2.0
Built-up  Area,Ready To Move,Kothanur,6.0,2.0,150.0,4000.0,6.0
Built-up  Area,Ready To Move,Marathahalli,3.0,2.0,90.0,1525.0,3.0
Super built-up  Area,18-Dec,Raja Rajeshwari Nagar 5th Stage,2.0,2.0,73.0,1320.0,3.0
Super built-up  Area,Ready To Move,Electronics City Phase 1,1.0,1.0,23.0,650.0,1.0
Built-up  Area,Ready To Move,Old Airport Road,2.0,1.0,167.0,1858.0,3.0
Super built-up  Area,21-Aug,Electronic City,2.0,1.0,38.0,1150.0,2.0
Super built-up  Area,Ready To Move,Electronic City Phase II,2.0,1.0,40.0,769.0,2.0
Super built-up  Area,Ready To Move,Electronic City,3.0,2.0,105.0,1571.0,3.0
Super built-up  Area,Ready To Move,Hennur Road,3.0,1.0,86.56,1445.0,3.0
Super built-up  Area,Ready To Move,Hosur Road,2.0,2.0,135.0,1590.0,3.0
Super built-up  Area,Ready To Move,Bommasandra,2.0,2.0,49.0,902.0,2.0
Plot  Area,18-Mar,Sarjapur,3.0,1.0,140.0,2238.0,3.0
Built-up  Area,18-Dec,Electronic City,2.0,1.0,31.49,1090.0,2.0
Built-up  Area,Ready To Move,Yelahanka,3.0,3.0,82.0,1712.0,3.0
Built-up  Area,Ready To Move,Haralur Road,2.0,1.0,68.0,1088.0,2.0
Super built-up  Area,Ready To Move,Somasundara Palya,3.0,3.0,63.1,1575.0,3.0
Plot  Area,Ready To Move,Nanjappa Garden,6.0,3.0,205.0,2150.0,6.0
Super built-up  Area,Ready To Move,Kundalahalli,3.0,2.0,150.0,1920.0,3.0
Plot  Area,Ready To Move,Margondanahalli,2.0,0.0,57.0,1000.0,2.0
Super built-up  Area,18-Oct,Chennammana Kere,2.0,2.0,56.1,1100.0,2.0
Super built-up  Area,Ready To Move,Electronic City,2.0,2.0,45.0,1089.0,2.0
Built-up  Area,Ready To Move,Horamavu Agara,2.0,1.0,43.09,1106.0,2.0
Super built-up  Area,18-Dec,Kengeri,2.0,2.0,37.0,927.0,2.0
Super built-up  Area,Ready To Move,Kanakpura Road,2.0,2.0,58.0,1339.0,2.0
Built-up  Area,21-Dec,Thanisandra,1.0,1.0,45.69,923.0,1.0
Plot  Area,18-Aug,Sarjapur  Road,3.0,2.0,285.0,2900.0,3.0
Super built-up  Area,Ready To Move,Lakshminarayana Pura,2.0,2.0,75.0,1175.0,2.0
Built-up  Area,Ready To Move,Thubarahalli,2.0,1.0,55.0,975.0,2.0
Super built-up  Area,Ready To Move,Hebbal,4.0,1.0,180.0,2400.0,3.0
Super built-up  Area,Ready To Move,Subramanyapura,3.0,2.0,72.0,1330.0,3.0
Super built-up  Area,20-Dec,Thanisandra,2.0,1.0,59.74,1183.0,2.0
Super built-up  Area,Ready To Move,Harlur,3.0,2.0,133.0,1758.0,3.0
Plot  Area,Ready To Move,Nagarbhavi,3.0,2.0,265.0,1200.0,3.0
Super built-up  Area,19-Dec,Hebbal,2.0,1.0,77.68,1255.0,3.0
Plot  Area,Ready To Move,Nagadevanahalli,4.0,2.0,110.0,600.0,3.0
Built-up  Area,Ready To Move,Pai Layout,2.0,2.0,50.0,1100.0,2.0
Super built-up  Area,18-Dec,Ramamurthy Nagar,2.0,2.0,46.8,1170.0,2.0
Built-up  Area,Ready To Move,Vayunandana Layout,5.0,2.0,120.0,2400.0,5.0
Super built-up  Area,Ready To Move,Raja Rajeshwari Nagar,3.0,3.0,51.77,1530.0,3.0
Built-up  Area,17-Dec,Hebbal,2.0,2.0,107.0,1420.0,2.0
Plot  Area,Ready To Move,Geetanjali Layout,4.0,2.0,300.0,1200.0,4.0
Plot  Area,Ready To Move,7th Phase JP Nagar,6.0,3.0,160.0,1045.0,6.0
Super built-up  Area,19-Jan,Kanakpura Road,3.0,1.0,115.0,1591.0,3.0
Super built-up  Area,Ready To Move,7th Phase JP Nagar,3.0,2.0,120.0,1680.0,3.0
Plot  Area,Ready To Move,Kenchenhalli,3.0,1.0,52.0,675.0,2.0
Super built-up  Area,19-Dec,Hoodi,2.0,1.0,57.63,1055.0,2.0
Super built-up  Area,Ready To Move,Iblur Village,3.0,2.0,129.0,1918.0,3.0
Super built-up  Area,18-Jan,Sarjapur  Road,2.0,1.0,76.0,1280.0,2.0
Super built-up  Area,Ready To Move,Nagarbhavi,3.0,3.0,66.0,1560.0,3.0
Super built-up  Area,Ready To Move,Sarjapur  Road,2.0,2.0,49.5,1145.0,2.0
Super built-up  Area,Ready To Move,Talaghattapura,3.0,2.0,126.0,2106.0,3.0
Super built-up  Area,Ready To Move,"EPIP AREA, WHITEFIELD",3.0,2.0,139.0,1801.0,3.0
Plot  Area,Ready To Move,Seegehalli,5.0,3.0,120.0,1200.0,5.0
Super built-up  Area,Ready To Move,Rajaji Nagar,3.0,2.0,288.0,1718.0,2.0
Super built-up  Area,20-Jun,Whitefield,3.0,2.0,54.65,1306.0,3.0
Super built-up  Area,19-Jun,Hebbal,2.0,1.0,92.0,1320.0,2.0
Built-up  Area,Ready To Move,1st Stage Domlur,2.0,2.0,65.0,1350.0,3.0
Built-up  Area,Ready To Move,"RMV extension stage 2, rmv extension",4.0,2.0,324.0,2990.0,4.0
Built-up  Area,Ready To Move,Kalyan nagar,5.0,3.0,300.0,3800.0,4.0
Super built-up  Area,Ready To Move,Bannerghatta Road,2.0,1.0,42.0,1344.0,3.0
Super built-up  Area,Ready To Move,Bannerghatta Road,3.0,2.0,100.0,1893.0,3.0
Super built-up  Area,Ready To Move,Chandapura,2.0,1.0,43.0,1107.0,3.0
Plot  Area,Ready To Move,R.T. Nagar,10.0,2.0,180.0,1200.0,9.0
Super built-up  Area,Ready To Move,Lakshminarayana Pura,2.0,1.0,75.0,1190.0,2.0
Built-up  Area,Ready To Move,Whitefield,2.0,1.0,35.0,1000.0,2.0
Plot  Area,Ready To Move,Kalhalli,2.0,1.0,160.0,2400.0,2.0
Super built-up  Area,Ready To Move,Kumaraswami Layout,2.0,1.0,48.5,1000.0,2.0
Super built-up  Area,Ready To Move,Jalahalli,3.0,2.0,155.0,2113.0,3.0
Built-up  Area,Ready To Move,KR Puram,2.0,1.0,46.0,1100.0,2.0
Plot  Area,Ready To Move,Sector 2 HSR Layout,4.0,1.0,160.0,1200.0,5.0
Super built-up  Area,Ready To Move,Harlur,4.0,2.0,120.0,1884.0,4.0
Super built-up  Area,Ready To Move,Electronic City,2.0,1.0,40.0,1110.0,2.0
Super built-up  Area,Ready To Move,Kudlu,2.0,2.0,43.0,1027.0,2.0
Super built-up  Area,18-May,Tavarekere,3.0,2.0,40.0,1250.0,3.0
Built-up  Area,Ready To Move,Sarjapur  Road,3.0,0.0,62.0,1470.0,3.0
Built-up  Area,18-May,Kamakshipalya,2.0,1.0,75.0,1150.0,2.0
Plot  Area,Ready To Move,Hadosiddapura,3.0,2.0,165.0,1200.0,3.0
Super built-up  Area,18-Aug,Kudlu Gate,1.0,1.0,52.0,703.0,1.0
Super built-up  Area,Ready To Move,Vijaya Bank Colony,2.0,2.0,62.0,1400.0,3.0
Super built-up  Area,Ready To Move,Bellandur,2.0,2.0,51.0,1195.0,2.0
Super built-up  Area,Ready To Move,Narayanapura,2.0,1.0,69.1,1302.0,2.0
Super built-up  Area,19-Aug,Begur Road,3.0,1.0,74.4,1583.0,3.0
Super built-up  Area,Ready To Move,Kumarapalli,2.0,3.0,60.0,1488.0,3.0
Plot  Area,Ready To Move,Lakshmi Layout,5.0,2.0,85.0,600.0,4.0
Super built-up  Area,18-Aug,Kammasandra,2.0,2.0,34.63,1385.0,3.0
Super built-up  Area,Ready To Move,Whitefield,4.0,2.0,260.0,3262.0,4.0
Built-up  Area,18-Jan,Electronic City,3.0,2.0,104.0,1600.0,3.0
Super built-up  Area,Ready To Move,Old Airport Road,2.0,1.0,90.0,1150.0,2.0
Plot  Area,Ready To Move,Lakkasandra,9.0,2.0,166.0,4500.0,9.0
Super built-up  Area,Ready To Move,Sarjapur  Road,2.0,1.0,78.0,1263.0,2.0
Plot  Area,Ready To Move,KR Puram,8.0,2.0,110.0,1200.0,7.0
Super built-up  Area,20-May,Kanakpura Road,2.0,2.0,85.0,1299.0,2.0
Super built-up  Area,Ready To Move,Banashankari,2.0,1.0,78.0,1330.0,2.0
Super built-up  Area,18-Apr,Devanahalli,2.0,2.0,52.43,1282.0,3.0
Built-up  Area,Ready To Move,"JP Nagar 8th Phase, ",3.0,2.0,82.0,1853.0,3.0
Super built-up  Area,Ready To Move,Kachanayakanahalli,2.0,1.0,35.0,861.0,2.0
Built-up  Area,Ready To Move,Bannerghatta Road,3.0,2.0,95.0,1600.0,3.0
Built-up  Area,Ready To Move,Nagaraja Garden,2.0,1.0,62.8,1256.0,2.0
Super built-up  Area,Ready To Move,Tejaswini Nagar,2.0,2.0,80.0,1390.0,3.0
Super built-up  Area,Ready To Move,Ashwath Nagar,2.0,2.0,90.0,1550.0,3.0
Plot  Area,Ready To Move,1 Annasandrapalya,6.0,3.0,150.0,1200.0,11.0
Built-up  Area,Ready To Move,Hebbal,2.0,1.0,49.0,919.0,2.0
Plot  Area,18-May,Margondanahalli,3.0,0.0,80.0,1625.0,3.0
Super built-up  Area,Ready To Move,Gunjur,2.0,2.0,44.0,1195.0,2.0
Super built-up  Area,Ready To Move,Domlur,4.0,1.0,600.0,2400.0,6.0
Super built-up  Area,Ready To Move,Yelenahalli,2.0,1.0,60.0,1159.0,2.0
Super built-up  Area,20-Jun,Whitefield,3.0,1.0,57.46,1386.0,3.0
Super built-up  Area,Ready To Move,Harlur,2.0,1.0,79.0,1197.0,2.0
Super built-up  Area,18-Dec,Old Airport Road,4.0,3.0,191.0,2690.0,4.0
Super built-up  Area,Ready To Move,Jigani,2.0,2.0,226.0,4303.5,4.0
Super built-up  Area,18-May,Bommasandra,2.0,1.0,50.28,1295.0,3.0
Built-up  Area,18-Jul,Huskur,2.0,1.0,37.83,1310.0,3.0
Super built-up  Area,21-Dec,Whitefield,2.0,1.0,79.28,1132.0,2.0
Built-up  Area,Ready To Move,6th block Koramangala,3.0,2.0,400.0,2350.0,3.0
Plot  Area,Ready To Move,4th Block Koramangala,4.0,2.0,500.0,2400.0,4.0
Super built-up  Area,19-Dec,Hebbal,3.0,2.0,135.0,1645.0,3.0
Super built-up  Area,18-Nov,Whitefield,2.0,1.0,45.84,1200.0,2.0
Plot  Area,Ready To Move,Whitefield,4.0,0.0,330.0,3000.0,4.0
Super built-up  Area,Ready To Move,Marathahalli,3.0,2.0,140.0,1937.0,3.0
Super built-up  Area,Ready To Move,Doddathoguru,2.0,2.0,33.5,1015.0,2.0
Super built-up  Area,Ready To Move,Nagadevanahalli,2.0,2.0,39.0,1080.0,2.0
Super built-up  Area,Ready To Move,Kathriguppe,2.0,2.0,80.99,1350.0,3.0
Super built-up  Area,18-Aug,Kengeri Satellite Town,2.0,2.0,29.0,1149.0,3.0
Super built-up  Area,Ready To Move,Kothanur,2.0,2.0,59.0,1185.0,2.0
Super built-up  Area,Ready To Move,Domlur,3.0,1.0,135.0,1720.0,3.0
Super built-up  Area,Ready To Move,Hebbal,3.0,3.0,175.0,2080.0,3.0
Plot  Area,Ready To Move,Tindlu,3.0,1.0,87.0,1500.0,3.0
Super built-up  Area,Ready To Move,Yelahanka,3.0,2.0,97.0,1566.0,3.0
Super built-up  Area,Ready To Move,Rajaji Nagar,3.0,2.0,334.0,2386.0,3.0
Plot  Area,Ready To Move,KSRTC Layout,4.0,0.0,110.0,1500.0,4.0
Super built-up  Area,Ready To Move,KR Puram,2.0,1.0,49.02,1290.0,2.0
Built-up  Area,20-Dec,"JP nagar 9th Phase, ",3.0,2.0,72.0,1531.0,3.0
Super built-up  Area,Ready To Move,Keshava Nagar,3.0,3.0,165.0,1839.0,3.0
Plot  Area,Ready To Move,Dollars Layout,4.0,1.0,760.0,4200.0,4.0
Super built-up  Area,18-May,Electronic City Phase II,2.0,2.0,40.43,1400.0,3.0
Super built-up  Area,Ready To Move,Electronic City,1.0,1.0,15.0,550.0,2.0
Super built-up  Area,Ready To Move,Whitefield,2.0,2.0,39.0,1140.0,2.0
Super built-up  Area,21-Jun,Tumkur Road,3.0,0.0,57.76,1343.5,3.0
Built-up  Area,Ready To Move,Banashankari Stage III,4.0,0.0,100.0,2000.0,4.0
Built-up  Area,Ready To Move,Kaval Byrasandra,2.0,1.0,46.0,1100.0,2.0
Built-up  Area,Ready To Move,Vignana Nagar,2.0,2.0,55.0,1200.0,2.0
Super built-up  Area,18-Apr,Bannerghatta,3.0,1.0,68.0,1618.0,3.0
Super built-up  Area,18-Oct,Whitefield,5.0,2.0,160.0,2830.0,4.0
Super built-up  Area,Ready To Move,Uttarahalli,2.0,2.0,74.0,1315.0,3.0
Super built-up  Area,Ready To Move,Anandapura,2.0,1.0,42.75,1141.0,2.0
Super built-up  Area,Ready To Move,AECS Layout,2.0,2.0,55.0,1080.0,2.0
Super built-up  Area,Ready To Move,HBR Layout,2.0,2.0,60.0,1200.0,2.0
Super built-up  Area,Ready To Move,Varthur,2.0,2.0,41.88,1111.0,2.0
Super built-up  Area,Ready To Move,NGR Layout,2.0,1.0,45.9,1022.0,2.0
Super built-up  Area,Ready To Move,Bannerghatta Road,2.0,2.0,65.0,1275.0,2.0
Super built-up  Area,Ready To Move,4th Block Jayanagar,2.0,1.0,70.0,900.0,2.0
Super built-up  Area,Ready To Move,Rachenahalli,2.0,3.0,39.2,1224.0,2.0
Super built-up  Area,Ready To Move,Battarahalli,2.0,3.0,43.0,1135.0,2.0
Super built-up  Area,Ready To Move,Rachenahalli,2.0,2.0,52.1,1050.0,2.0
Super built-up  Area,Ready To Move,Kudlu Gate,3.0,2.0,86.0,1535.0,3.0
Super built-up  Area,17-Nov,Nagavarapalya,2.0,1.0,130.0,1392.0,2.0
Super built-up  Area,Ready To Move,Bellandur,2.0,2.0,72.0,1050.0,2.0
Super built-up  Area,19-Jun,Hosa Road,3.0,1.0,103.0,1513.0,3.0
Super built-up  Area,Ready To Move,Gottigere,3.0,3.0,72.0,1621.0,3.0
Super built-up  Area,Ready To Move,Bannerghatta Road,2.0,1.0,39.0,892.0,2.0
Super built-up  Area,Ready To Move,Whitefield,2.0,1.0,40.0,1205.0,2.0
Super built-up  Area,18-Dec,Hebbal,3.0,2.0,83.87,1355.0,3.0
Plot  Area,Ready To Move,2nd Block Hrbr Layout,5.0,2.0,300.0,1250.0,5.0
Plot  Area,Ready To Move,Kuvempu Nagar,9.0,2.0,345.0,1650.0,7.0
Super built-up  Area,Ready To Move,Karnataka Shabarimala,6.0,3.0,70.0,1200.0,4.0
Super built-up  Area,Ready To Move,Indira Nagar,2.0,2.0,168.0,1400.0,2.0
Super built-up  Area,18-Nov,Kengeri,2.0,1.0,35.0,726.0,2.0
Plot  Area,Ready To Move,Singena Agrahara,3.0,2.0,149.0,1500.0,3.0
Super built-up  Area,Ready To Move,Hebbal,4.0,2.0,405.0,3895.0,4.0
Super built-up  Area,18-Dec,Horamavu Agara,2.0,2.0,41.0,1079.0,2.0
Super built-up  Area,Ready To Move,Begur Road,2.0,2.0,46.0,1170.0,2.0
Super built-up  Area,Ready To Move,Doddathoguru,2.0,2.0,39.0,1104.0,2.0
Super built-up  Area,Ready To Move,Kanakpura Road,2.0,1.0,45.0,950.0,2.0
Built-up  Area,Ready To Move,Hormavu,4.0,3.0,390.0,4818.0,4.0
Built-up  Area,Ready To Move,Canara Bank Colony,2.0,1.0,52.0,1650.0,3.0
Super built-up  Area,21-May,Kogilu,3.0,2.0,127.0,1559.0,3.0
Built-up  Area,Ready To Move,Hanumagiri,2.0,1.0,38.0,1100.0,2.0
Super built-up  Area,Ready To Move,Benson Town,3.0,3.0,150.0,1750.0,3.0
Super built-up  Area,18-Jul,Ramagondanahalli,2.0,1.0,45.5,1215.0,2.0
Super built-up  Area,21-Feb,Talaghattapura,3.0,1.0,135.0,1868.0,3.0
Built-up  Area,18-Dec,Electronic City,2.0,1.0,32.63,1130.0,2.0
Super built-up  Area,Ready To Move,Kanakpura Road,3.0,3.0,64.5,1570.0,3.0
Super built-up  Area,Ready To Move,Sarjapur  Road,3.0,1.0,98.0,1691.0,3.0
Built-up  Area,Ready To Move,Ardendale,3.0,1.0,350.0,4355.0,5.0
Super built-up  Area,17-Oct,Hulimavu,2.0,2.0,55.0,1225.0,2.0
Super built-up  Area,Ready To Move,JP Nagar,3.0,2.0,112.0,1690.0,3.0
Super built-up  Area,Ready To Move,Thigalarapalya,2.0,2.0,103.0,1418.0,2.0
Super built-up  Area,Ready To Move,Kasturi Nagar,3.0,1.0,125.0,1896.0,4.0
Super built-up  Area,17-Sep,Sonnenahalli,1.0,1.0,40.0,605.0,1.0
Plot  Area,Ready To Move,Begur Road,5.0,2.0,95.0,800.0,5.0
Super built-up  Area,Ready To Move,Electronic City Phase II,2.0,2.0,32.5,900.0,2.0
Plot  Area,Ready To Move,Cholanayakanahalli,2.0,0.0,50.0,750.0,1.0
Plot  Area,Ready To Move,Hoodi,3.0,1.0,62.0,780.0,3.0
Super built-up  Area,Ready To Move,Ananth Nagar,2.0,1.0,26.0,908.0,2.0
Built-up  Area,18-May,Sarjapur  Road,6.0,0.0,143.0,3416.5,4.0
Super built-up  Area,Ready To Move,Thanisandra,4.0,1.0,226.0,3216.0,4.0
Plot  Area,Ready To Move,BEML Layout,4.0,1.0,225.0,2400.0,5.0
Built-up  Area,Ready To Move,Iblur Village,2.0,2.0,68.0,1400.0,2.0
Super built-up  Area,Ready To Move,Kudlu,2.0,2.0,44.0,1092.0,2.0
Super built-up  Area,Ready To Move,Hulimavu,2.0,2.0,74.0,1255.0,2.0
Built-up  Area,Ready To Move,Electronic City,2.0,1.0,100.0,1500.0,3.0
Super built-up  Area,18-Feb,Thanisandra,2.0,2.0,72.0,1296.0,2.0
Super built-up  Area,Ready To Move,Horamavu Banaswadi,2.0,3.0,38.0,925.0,2.0
Built-up  Area,Ready To Move,Raja Rajeshwari Nagar,2.0,2.0,42.0,1023.0,2.0
Built-up  Area,Ready To Move,Seshadripuram,3.0,2.0,75.0,600.0,2.0
Super built-up  Area,18-May,Thanisandra,2.0,1.0,44.5,1020.0,2.0
Super built-up  Area,17-Jul,Choodasandra,3.0,2.0,77.0,1530.0,3.0
Super built-up  Area,Ready To Move,Gubbalala,3.0,2.0,71.0,1650.0,3.0
Built-up  Area,Ready To Move,Vijaya Bank Layout,2.0,3.0,85.0,1605.0,3.0
Super built-up  Area,Ready To Move,Hosakerehalli,2.0,1.0,50.0,1925.0,2.0
Super built-up  Area,Ready To Move,Kogilu,2.0,2.0,50.66,1190.0,2.0
Super built-up  Area,Ready To Move,Jakkur,3.0,2.0,68.0,1374.0,3.0
Built-up  Area,Ready To Move,6th Phase JP Nagar,2.0,2.0,65.0,1140.0,2.0
Super built-up  Area,Ready To Move,Green Glen Layout,3.0,2.0,130.0,1725.0,3.0
Super built-up  Area,Ready To Move,Bisuvanahalli,2.0,1.0,50.0,1075.0,3.0
Super built-up  Area,Ready To Move,Kannamangala,3.0,1.0,93.34,1574.0,3.0
Built-up  Area,Ready To Move,Sanjay nagar,1.0,1.0,32.0,965.0,1.0
Super built-up  Area,Ready To Move,Marathahalli,3.0,2.0,83.0,1550.0,3.0
Super built-up  Area,Ready To Move,Akshayanagara West,2.0,2.0,60.0,1205.0,2.0
Super built-up  Area,Ready To Move,Kambipura,2.0,1.0,55.0,1082.0,3.0
Super built-up  Area,Ready To Move,Uttarahalli,2.0,2.0,52.85,1215.0,3.0
Super built-up  Area,Ready To Move,Hebbal,5.0,2.0,230.0,2483.0,4.0
Plot  Area,18-Jul,Prasanth Extension,3.0,1.0,46.14,1200.0,2.0
Super built-up  Area,Ready To Move,Chikkathoguru,1.0,1.0,19.5,1500.0,1.0
Plot  Area,18-May,1st Block Koramangala,4.0,2.0,600.0,2360.0,4.0
Super built-up  Area,Ready To Move,Ardendale,4.0,2.0,250.0,3198.0,4.0
Super built-up  Area,Ready To Move,Kanakpura Road,3.0,3.0,60.98,1452.0,3.0
Super built-up  Area,18-Apr,Electronic City Phase II,2.0,2.0,41.0,1329.0,3.0
Super built-up  Area,Ready To Move,Doctors Layout,2.0,1.0,44.0,1125.0,2.0
Plot  Area,Ready To Move,Anand nagar,2.0,0.0,70.0,1200.0,2.0
Built-up  Area,Ready To Move,Sarjapur  Road,3.0,3.0,39.97,1350.0,3.0
Super built-up  Area,Ready To Move,Uttarahalli,3.0,0.0,51.19,1312.5,3.0
Super built-up  Area,19-Oct,Hebbal,3.0,2.0,195.0,2600.0,3.0
Plot  Area,Ready To Move,West of Chord Road,2.0,1.0,160.0,1200.0,2.0
Built-up  Area,18-Dec,Electronic City Phase II,3.0,1.0,35.23,1220.0,3.0
Super built-up  Area,Ready To Move,Pai Layout,2.0,1.0,80.0,1255.0,2.0
Super built-up  Area,Ready To Move,Keshava Nagar,3.0,3.0,155.0,1904.0,3.0
Super built-up  Area,Ready To Move,Somasundara Palya,2.0,2.0,70.0,1329.0,2.0
Plot  Area,Ready To Move,Chandapura,2.0,1.0,60.0,1200.0,2.0
Super built-up  Area,Ready To Move,Murugeshpalya,3.0,2.0,160.0,2135.0,3.0
Super built-up  Area,Ready To Move,Ramakrishnappa Layout,4.0,3.0,315.0,2770.0,3.0
Built-up  Area,19-Dec,"Hoodi Circle, ",1.0,1.0,39.0,813.0,1.0
Plot  Area,Ready To Move,Junnasandra,4.0,3.0,240.0,3884.0,4.0
Plot  Area,Ready To Move,Doddaballapur,3.0,1.0,300.0,3876.0,3.0
Super built-up  Area,Ready To Move,Kalena Agrahara,2.0,2.0,30.0,800.0,2.0
Plot  Area,Ready To Move,Handenahalli,2.0,1.0,120.0,4750.0,4.0
Super built-up  Area,Ready To Move,Hormavu,3.0,3.0,70.0,1500.0,3.0
Super built-up  Area,Ready To Move,Bannerghatta Road,3.0,2.0,95.0,1880.0,3.0
Super built-up  Area,Ready To Move,Electronic City,2.0,2.0,55.0,1440.0,3.0
Super built-up  Area,Ready To Move,Akshaya Nagar,3.0,2.0,90.0,1575.0,3.0
Super built-up  Area,Ready To Move,Banagiri Nagar,2.0,2.0,97.78,1630.0,3.0
Super built-up  Area,Ready To Move,Yelahanka,3.0,1.0,55.0,1180.0,3.0
Built-up  Area,Ready To Move,Nagadevanahalli,2.0,1.0,36.0,1090.0,2.0
Super built-up  Area,Ready To Move,NGR Layout,2.0,2.0,48.45,1020.0,2.0
Built-up  Area,Ready To Move,"Sarjapur Road, ",4.0,3.0,173.0,2425.0,4.0
Super built-up  Area,18-Mar,Varthur,2.0,1.0,33.82,1097.0,2.0
Super built-up  Area,Ready To Move,Raja Rajeshwari Nagar,2.0,1.0,50.0,1070.0,2.0
Super built-up  Area,Ready To Move,Kumaraswami Layout,2.0,1.0,58.0,1000.0,2.0
Plot  Area,Ready To Move,Hoodi,8.0,2.0,150.0,1120.0,8.0
Super built-up  Area,18-Apr,manyata tech park,2.0,1.0,56.0,1150.0,2.0
Built-up  Area,Ready To Move,Frazer Town,4.0,2.0,145.0,1900.0,3.0
Super built-up  Area,Ready To Move,Divya Unnathi Layout,2.0,2.0,49.0,1141.0,2.0
Built-up  Area,Ready To Move,Jigani,2.0,1.0,44.0,937.0,2.0
Built-up  Area,Ready To Move,Green Glen Layout,2.0,1.0,60.0,1075.0,2.0
Super built-up  Area,18-Feb,Panathur,2.0,1.0,65.3,1000.0,2.0
Super built-up  Area,Ready To Move,Kasavanhalli,3.0,2.0,77.41,1450.0,3.0
Plot  Area,Ready To Move,Yelachenahalli,2.0,1.0,85.0,897.0,5.0
Super built-up  Area,Ready To Move,Ashwathnagar,2.0,2.0,43.0,936.0,2.0
Built-up  Area,Ready To Move,Gopalkrishna Nagar,2.0,1.0,75.0,1280.0,2.0
Super built-up  Area,Ready To Move,Babusapalaya,2.0,3.0,45.0,1050.0,2.0
Super built-up  Area,Ready To Move,Marathahalli,2.0,1.0,86.0,1350.0,2.0
Super built-up  Area,Ready To Move,Mallasandra,2.0,1.0,70.0,1325.0,2.0
Super built-up  Area,18-Apr,Devanahalli,2.0,1.0,59.0,1174.0,2.0
Super built-up  Area,Ready To Move,Hosur Road,3.0,2.0,162.0,1890.0,3.0
Super built-up  Area,Ready To Move,Wilson Garden,1.0,1.0,75.0,735.0,1.0
Built-up  Area,Ready To Move,Sarvabhouma Nagar,1.0,0.0,24.0,500.0,1.0
Super built-up  Area,Ready To Move,Gottigere,3.0,3.0,80.0,1304.0,3.0
Built-up  Area,Ready To Move,Yelahanka,3.0,2.0,120.0,1653.0,3.0
Super built-up  Area,Ready To Move,Bisuvanahalli,2.0,1.0,52.0,1075.0,3.0
Super built-up  Area,Ready To Move,7th Phase JP Nagar,3.0,1.0,42.0,1212.0,2.0
Built-up  Area,Ready To Move,Hoysalanagar,2.0,1.0,50.0,1100.0,2.0
Super built-up  Area,Ready To Move,Rajaji Nagar,6.0,3.0,500.0,3436.0,4.0
Plot  Area,Ready To Move,SMV layout,4.0,0.0,145.0,1200.0,3.0
Super built-up  Area,Ready To Move,Billekahalli,2.0,2.0,50.0,1140.0,2.0
Plot  Area,Ready To Move,Roopena Agrahara,2.0,1.0,100.0,1200.0,2.0
Super built-up  Area,Ready To Move,Kudlu Gate,3.0,2.0,83.0,1532.0,3.0
Plot  Area,Ready To Move,Doddaballapur,4.0,2.0,195.0,2776.0,3.0
Super built-up  Area,Ready To Move,Padmanabhanagar,2.0,0.0,75.0,1531.0,3.0
Super built-up  Area,Ready To Move,Poorna Pragna Layout,2.0,2.0,50.79,1270.0,3.0
Super built-up  Area,18-Dec,Uttarahalli,2.0,1.0,53.0,1325.0,2.0
Plot  Area,Ready To Move,CQAL LAYOUT C BLOCK,3.0,1.0,160.0,1200.0,3.0
Super built-up  Area,17-Apr,Electronic City,2.0,2.0,44.0,1156.0,3.0
Plot  Area,Ready To Move,R.T. Nagar,4.0,2.0,320.0,2000.0,4.0
Super built-up  Area,Ready To Move,Bannerghatta Road,2.0,2.0,70.0,1260.0,2.0
Super built-up  Area,Ready To Move,Vittasandra,2.0,0.0,90.0,1934.0,2.0
Super built-up  Area,Ready To Move,Malleshpalya,2.0,1.0,40.0,1060.0,2.0
Super built-up  Area,Ready To Move,Kasavanhalli,3.0,1.0,95.0,1476.0,3.0
Super built-up  Area,Ready To Move,Murugeshpalya,2.0,1.0,85.0,1185.0,2.0
Super built-up  Area,Ready To Move,Channasandra Layout,2.0,1.0,82.0,1265.0,3.0
Built-up  Area,18-May,"Near Electronic City, ",5.0,1.0,150.0,3200.0,4.0
Super built-up  Area,Ready To Move,Virat Nagar,2.0,2.0,56.81,1196.0,2.0
Built-up  Area,Ready To Move,EPIP Zone,2.0,1.0,69.0,1280.0,2.0
Plot  Area,Ready To Move,Marathahalli,4.0,2.0,86.0,800.0,4.0
Built-up  Area,Ready To Move,Hulimavu,2.0,2.0,45.0,1175.0,2.0
Built-up  Area,Ready To Move,Kacharakanahalli,3.0,3.0,98.0,1850.0,3.0
Plot  Area,Ready To Move,Indira Nagar,4.0,2.0,525.0,2400.0,4.0
Super built-up  Area,Ready To Move,Whitefield,2.0,1.0,70.0,1195.0,2.0
Super built-up  Area,Ready To Move,Ulsoor,3.0,3.0,185.0,2000.0,3.0
Carpet  Area,Ready To Move,Veerannapalya,4.0,0.0,100.0,600.0,7.0
Plot  Area,18-Feb,Hebbal Kempapura,5.0,3.0,155.0,800.0,4.0
Super built-up  Area,Ready To Move,Hosur Road,2.0,2.0,36.5,1180.0,2.0
Super built-up  Area,Ready To Move,Jakkur,2.0,1.0,49.87,1050.0,2.0
Built-up  Area,18-Dec,Electronic City,2.0,1.0,40.44,1400.0,3.0
Plot  Area,17-Dec,Bagalakunte,4.0,2.0,150.0,2360.0,4.0
Super built-up  Area,Ready To Move,Banashankari stage 2,2.0,1.0,77.25,1030.0,2.0
Super built-up  Area,Ready To Move,Doddanakundi Industrial Area 2,1.0,2.0,65.01,1512.0,2.0
Built-up  Area,Ready To Move,Subramanyapura,2.0,1.0,48.0,929.0,2.0
Super built-up  Area,Ready To Move,Jigani,3.0,3.0,61.0,1252.0,3.0
Built-up  Area,Ready To Move,Green Glen Layout,3.0,2.0,115.0,1485.0,3.0
Super built-up  Area,Ready To Move,Electronics City Phase 1,2.0,2.0,55.0,1124.0,3.0
Plot  Area,Ready To Move,TC Palaya,6.0,3.0,370.0,2400.0,6.0
Built-up  Area,Ready To Move,Indira Nagar,3.0,1.0,120.0,1407.0,3.0
Super built-up  Area,19-Mar,Hennur Road,2.0,3.0,97.0,1482.0,3.0
Super built-up  Area,Ready To Move,Sector 7 HSR Layout,2.0,1.0,98.86,1163.0,2.0
Super built-up  Area,Ready To Move,Jalahalli,3.0,2.0,140.0,1570.0,3.0
Super built-up  Area,18-Feb,Whitefield,4.0,2.0,284.0,3480.0,3.0
Super built-up  Area,19-Sep,Chandapura,1.0,1.0,14.04,520.0,1.0
Super built-up  Area,Ready To Move,OLd Gurappanapalya,3.0,2.0,160.0,2000.0,3.0
Super built-up  Area,Ready To Move,Prithvi Layout,2.0,2.0,75.0,1352.0,2.0
Super built-up  Area,18-Apr,Electronic City,2.0,1.0,65.0,1152.0,2.0
Built-up  Area,20-Dec,"ECC Road, Whitefield, ",3.0,2.0,93.0,1575.0,3.0
Super built-up  Area,Ready To Move,Hegde Nagar,4.0,2.0,125.0,1965.0,3.0
Built-up  Area,Ready To Move,Ramanjaneyanagar,2.0,2.0,70.0,1300.0,3.0
Plot  Area,Ready To Move,Sarjapur  Road,4.0,2.0,120.0,1.0,4.0
Super built-up  Area,18-Apr,Marathahalli,2.0,1.0,47.0,957.0,2.0
Super built-up  Area,Ready To Move,Hoskote,3.0,3.0,60.0,1740.0,3.0
Plot  Area,Ready To Move,Kanakpura Road,6.0,3.0,65.0,1080.0,5.0
Super built-up  Area,Ready To Move,Neeladri Nagar,2.0,0.0,35.0,1060.0,2.0
Carpet  Area,Ready To Move,Chikkadunnasandra,2.0,2.0,50.0,975.0,2.0
Super built-up  Area,18-May,Ramamurthy Nagar,2.0,2.0,51.0,1150.0,2.0
Super built-up  Area,Ready To Move,Whitefield,2.0,3.0,79.0,1738.0,3.0
Super built-up  Area,18-May,Bommanahalli,3.0,2.0,55.0,1250.0,3.0
Built-up  Area,Ready To Move,Bannerghatta Road,3.0,2.0,90.0,1788.0,3.0
Super built-up  Area,19-Dec,Kanakapura,2.0,1.0,59.0,1151.0,2.0
Super built-up  Area,Ready To Move,Uttarahalli,2.0,2.0,60.0,1300.0,3.0
Super built-up  Area,Ready To Move,Garudachar Palya,2.0,1.0,52.8,1150.0,2.0
Super built-up  Area,Ready To Move,Akshya Nagar,2.0,1.0,75.0,1380.0,2.0
Super built-up  Area,19-Jun,Hebbal,3.0,2.0,117.0,1645.0,3.0
Super built-up  Area,Ready To Move,Babusapalaya,2.0,1.0,45.9,1141.0,2.0
Super built-up  Area,Ready To Move,7th Phase JP Nagar,2.0,2.0,82.5,1175.0,2.0
Super built-up  Area,Ready To Move,Banashankari Stage V,2.0,1.0,61.0,1355.0,3.0
Built-up  Area,Ready To Move,Dasarahalli,2.0,0.0,70.0,1150.0,2.0
Super built-up  Area,18-May,Indranagar  100ft road defence colony,5.0,2.0,80.0,5800.0,5.0
Built-up  Area,Ready To Move,Canara Bank Colony,2.0,2.0,45.0,1000.0,2.0
Super built-up  Area,20-Jan,Balagere,2.0,1.0,65.0,1007.0,2.0
Super built-up  Area,Ready To Move,Wajid layout thanisandra,5.0,2.0,100.0,3000.0,4.0
Super built-up  Area,Ready To Move,Kothanur,3.0,3.0,70.0,1436.0,3.0
Super built-up  Area,Ready To Move,Marathahalli,4.0,3.0,220.0,4000.0,4.0
Built-up  Area,Ready To Move,Somasundara Palya,3.0,2.0,140.0,2372.0,3.0
Plot  Area,Ready To Move,R.T. Nagar,6.0,2.0,240.0,1500.0,6.0
Super built-up  Area,18-Jan,BTM Layout,3.0,2.0,10.0,1797.5712999999998,3.0
Plot  Area,Ready To Move,Rajaji Nagar,2.0,0.0,150.0,1200.0,2.0
Super built-up  Area,18-Mar,Rayasandra,2.0,1.0,58.0,1016.0,2.0
Super built-up  Area,Ready To Move,Dodda Nekkundi,2.0,2.0,48.0,1100.0,2.0
Super built-up  Area,Ready To Move,B Channasandra,2.0,1.0,45.0,1080.0,2.0
Super built-up  Area,Ready To Move,Electronic City,2.0,1.0,60.0,1070.0,2.0
Super built-up  Area,Ready To Move,Kadubeesanahalli,3.0,1.0,115.0,1532.0,3.0
Super built-up  Area,Ready To Move,Hennur,2.0,2.0,42.12,1040.0,2.0
Plot  Area,Ready To Move,Laxmi Sagar Layout,3.0,3.0,250.0,3100.0,3.0
Super built-up  Area,21-Jun,Tumkur Road,2.0,0.0,48.905,1137.5,2.0
Super built-up  Area,Ready To Move,Thanisandra,2.0,2.0,51.6,1430.0,3.0
Plot  Area,Ready To Move,Rajaji Nagar,1.0,0.0,163.0,1160.0,2.0
Super built-up  Area,Ready To Move,ITPL,5.0,2.0,205.0,3262.0,4.0
Plot  Area,Ready To Move,Achins Road,7.0,0.0,410.0,2100.0,7.0
Built-up  Area,Ready To Move,Uvce Layout,2.0,2.0,100.0,1190.0,2.0
Super built-up  Area,Ready To Move,Panduranga Nagar,3.0,3.0,100.0,1827.0,3.0
Super built-up  Area,Ready To Move,HRBR Layout,2.0,1.0,75.0,1210.0,2.0
Super built-up  Area,Ready To Move,New Thippasandra,3.0,3.0,95.0,1500.0,3.0
Super built-up  Area,Ready To Move,Rachenahalli,2.0,2.0,53.5,1050.0,2.0
Super built-up  Area,21-Mar,Hebbal,2.0,1.0,88.73,1251.0,2.0
Super built-up  Area,Ready To Move,HSR Layout,2.0,2.0,115.0,1600.0,3.0
Super built-up  Area,18-Apr,Electronic City,2.0,1.0,65.5,1128.0,2.0
Super built-up  Area,Ready To Move,Budigere,3.0,2.0,93.0,1820.0,3.0
Super built-up  Area,Ready To Move,Thigalarapalya,4.0,2.0,159.0,2072.0,3.0
Super built-up  Area,Ready To Move,Raja Rajeshwari Nagar,2.0,3.0,59.0,1510.0,3.0
Super built-up  Area,Ready To Move,Hoodi,2.0,3.0,114.0,1925.0,3.0
Plot  Area,Ready To Move,Hennur Road,2.0,2.0,225.0,2651.0,3.0
Super built-up  Area,Ready To Move,Thigalarapalya,4.0,2.0,147.0,2072.0,3.0
Super built-up  Area,Ready To Move,Kumaraswami Layout,2.0,2.0,36.0,1000.0,2.0
Plot  Area,Ready To Move,KR Puram,3.0,2.0,145.0,1752.0,3.0
Super built-up  Area,Ready To Move,Sahakara Nagar,2.0,3.0,56.0,960.0,2.0
Super built-up  Area,Ready To Move,Gattigere,2.0,2.0,63.0,1180.0,2.0
Built-up  Area,Ready To Move,Benson Town,3.0,1.0,180.0,2270.0,3.0
Built-up  Area,Ready To Move,NRI Layout,2.0,0.0,59.0,650.0,2.0
Super built-up  Area,Ready To Move,Lakshminarayana Pura,2.0,1.0,75.0,1200.0,2.0
Super built-up  Area,Ready To Move,Bisuvanahalli,2.0,1.0,46.0,1180.0,3.0
Super built-up  Area,18-Jan,Roopena Agrahara,3.0,2.0,47.0,1300.0,3.0
Built-up  Area,Ready To Move,Bannerghatta Road,2.0,0.0,40.0,1157.0,2.0
Super built-up  Area,21-Jan,Kanakpura Road,3.0,2.0,69.0,1300.0,3.0
Super built-up  Area,Ready To Move,Banashankari Stage III,2.0,1.0,59.0,1305.0,3.0
Super built-up  Area,Ready To Move,Hegde Nagar,4.0,2.0,196.0,2006.0,3.0
Super built-up  Area,Ready To Move,Jakkur,2.0,1.0,80.0,1290.0,2.0
Super built-up  Area,Ready To Move,Hoskote,2.0,3.0,45.0,1170.0,2.0
Plot  Area,Ready To Move,Cottonpet,2.0,2.0,135.0,971.0,4.0
Super built-up  Area,Ready To Move,Yelachenahalli,2.0,3.0,78.0,1400.0,2.0
Super built-up  Area,Ready To Move,Lakshminarayana Pura,2.0,2.0,75.0,1200.0,2.0
Built-up  Area,Ready To Move,Kamakshipalya,2.0,0.0,60.0,1155.0,3.0
Built-up  Area,Ready To Move,Hormavu,3.0,2.0,85.0,1725.0,3.0
Super built-up  Area,21-Oct,Kanakpura Road,2.0,1.0,40.0,700.0,2.0
Built-up  Area,Ready To Move,Yemlur,5.0,2.0,2050.0,7000.0,4.0
Super built-up  Area,22-Jun,Hoodi,2.0,1.0,88.0,1112.0,2.0
Super built-up  Area,Ready To Move,Somasundara Palya,2.0,2.0,78.0,1178.0,2.0
Super built-up  Area,20-Jan,Badavala Nagar,2.0,1.0,81.0,1274.0,2.0
Super built-up  Area,Ready To Move,Doddathoguru,2.0,1.0,32.0,915.0,2.0
Plot  Area,Ready To Move,6th Phase JP Nagar,6.0,2.0,135.0,1650.0,8.0
Super built-up  Area,Ready To Move,Hosur Road,1.0,2.0,21.28,760.0,1.0
Built-up  Area,Ready To Move,Maragondanahalli,3.0,2.0,68.0,1540.0,3.0
Super built-up  Area,Ready To Move,P&T Layout,2.0,3.0,38.5,1206.0,2.0
Super built-up  Area,Ready To Move,Basavanna Nagar,3.0,2.0,95.0,1645.0,3.0
Plot  Area,Ready To Move,Canara Bank Layout,4.0,2.0,170.0,1200.0,4.0
Plot  Area,Ready To Move,singapura paradise,4.0,1.0,140.0,1200.0,4.0
Super built-up  Area,Ready To Move,Nehru Nagar,3.0,2.0,115.0,2342.0,4.0
Super built-up  Area,Ready To Move,Kannur,2.0,1.0,55.0,1200.0,3.0
Super built-up  Area,Ready To Move,Yelenahalli,2.0,2.0,33.0,1056.0,2.0
Plot  Area,Ready To Move,Raja Rajeshwari Nagar,8.0,2.0,225.0,4800.0,8.0
Super built-up  Area,Ready To Move,Kanakpura Road,3.0,3.0,54.3,1450.0,3.0
Super built-up  Area,18-Apr,Thirumenahalli,2.0,2.0,36.69,1161.0,2.0
Super built-up  Area,Ready To Move,Dollars Colony,2.0,3.0,65.0,1097.0,2.0
Built-up  Area,Ready To Move,Uttarahalli,2.0,2.0,35.0,850.0,2.0
Super built-up  Area,Ready To Move,Green Glen Layout,3.0,2.0,115.0,1715.0,3.0
Super built-up  Area,Ready To Move,Basavangudi,3.0,2.0,317.0,2300.0,3.0
Super built-up  Area,Ready To Move,Electronic City,2.0,1.0,59.0,1200.0,2.0
Super built-up  Area,18-Oct,8th Phase JP Nagar,2.0,2.0,38.0,1080.0,2.0
Super built-up  Area,Ready To Move,Kasavanhalli,2.0,1.0,50.3,1200.0,2.0
Plot  Area,Ready To Move,4th Block Koramangala,4.0,0.0,550.0,2400.0,4.0
Super built-up  Area,Ready To Move,Banashankari,2.0,1.0,78.0,1400.0,3.0
Plot  Area,Ready To Move,Whitefield,4.0,3.0,200.0,1500.0,4.0
Carpet  Area,20-Dec,Kanakpura Road,1.0,0.0,19.695,458.0,1.0
Super built-up  Area,Ready To Move,Marathahalli,2.0,1.0,57.0,1230.0,2.0
Built-up  Area,Ready To Move,Kalyan nagar,3.0,3.0,88.0,1640.0,3.0
Super built-up  Area,Ready To Move,Banashankari,3.0,2.0,125.0,1700.0,3.0
Super built-up  Area,Ready To Move,Bommasandra,2.0,2.0,44.0,1478.0,3.0
Super built-up  Area,Ready To Move,Defence Colony,4.0,2.0,986.0,6600.0,4.0
Super built-up  Area,Ready To Move,Banashankari,2.0,2.0,40.79,1020.0,2.0
Plot  Area,Ready To Move,Nagarbhavi,2.0,1.0,150.0,1200.0,2.0
Built-up  Area,Ready To Move,Yelahanka,2.0,2.0,95.0,1275.0,3.0
Built-up  Area,Ready To Move,Cambridge Layout,3.0,1.0,165.0,1600.0,4.0
Super built-up  Area,Ready To Move,Kanakapura,2.0,2.0,38.85,1110.0,2.0
Super built-up  Area,Ready To Move,Uttarahalli,3.0,2.0,88.0,1627.86,3.0
Built-up  Area,Ready To Move,Byagadadhenahalli,2.0,1.0,22.0,620.0,2.0
Plot  Area,Ready To Move,Whitefield,4.0,2.0,285.0,3004.0,4.0
Super built-up  Area,18-May,Hosa Road,2.0,1.0,52.0,1133.0,2.0
Super built-up  Area,Ready To Move,Hennur Road,2.0,2.0,82.5,1182.0,2.0
Super built-up  Area,Ready To Move,Tumkur Road,3.0,3.0,100.0,1500.0,3.0
Super built-up  Area,Ready To Move,Hebbal Kempapura,5.0,2.0,360.0,3900.0,4.0
Super built-up  Area,Ready To Move,Marathahalli,2.0,2.0,58.0,1200.0,2.0
Super built-up  Area,Ready To Move,Raja Rajeshwari Nagar,2.0,1.0,48.79,1128.0,2.0
Super built-up  Area,Ready To Move,Malleshwaram,2.0,2.0,293.0,2345.0,3.0
Built-up  Area,Ready To Move,Jayanagar,2.0,2.0,110.0,900.0,2.0
Built-up  Area,Ready To Move,Amruthahalli,2.0,1.0,45.0,1100.0,2.0
Super built-up  Area,Ready To Move,Kengeri Satellite Town,1.0,1.0,22.0,635.0,2.0
Super built-up  Area,Ready To Move,Ardendale,3.0,2.0,140.0,2062.0,4.0
Built-up  Area,Ready To Move,Thanisandra,4.0,1.0,130.0,1874.0,3.0
Plot  Area,18-Apr,Vidyaranyapura,3.0,2.0,78.0,600.0,4.0
Super built-up  Area,18-Jun,Old Madras Road,2.0,2.0,75.0,1171.0,2.0
Super built-up  Area,Ready To Move,Sarjapur,3.0,3.0,85.0,2020.0,3.0
Super built-up  Area,18-Jan,8th Phase JP Nagar,2.0,2.0,34.5,1059.0,2.0
Super built-up  Area,Ready To Move,Panathur,2.0,1.0,59.1,1315.0,3.0
Super built-up  Area,Ready To Move,Jakkur,3.0,2.0,110.0,1760.0,3.0
Built-up  Area,Ready To Move,Sampangi Rama Nagar,2.0,1.0,125.0,1200.0,2.0
Super built-up  Area,Ready To Move,Hennur Road,2.0,1.0,62.0,1192.0,3.0
Super built-up  Area,19-Jun,Hebbal,3.0,2.0,121.0,1645.0,3.0
Super built-up  Area,Ready To Move,Whitefield,2.0,2.0,72.0,1250.0,2.0
Super built-up  Area,19-Dec,Whitefield,1.0,0.0,34.385,709.0,1.0
Super built-up  Area,Ready To Move,Whitefield,2.0,1.0,77.0,1340.0,2.0
Built-up  Area,Ready To Move,Cooke Town,4.0,3.0,239.0,2388.0,3.0
Super built-up  Area,18-Jun,Hosa Road,2.0,1.0,104.0,1369.1,2.0
Super built-up  Area,Ready To Move,Jalahalli West,2.0,3.0,75.0,1355.0,2.0
Built-up  Area,Ready To Move,Bannerghatta Road,2.0,2.0,65.0,1150.0,2.0
Super built-up  Area,19-Dec,Kanakapura,3.0,3.0,113.0,1938.0,3.0
Super built-up  Area,19-Jun,Begur Road,4.0,3.0,124.0,2462.0,4.0
Super built-up  Area,Ready To Move,Budigere,3.0,2.0,85.0,1636.0,3.0
Super built-up  Area,Ready To Move,Akshaya Nagar,2.0,2.0,75.0,1430.0,3.0
Super built-up  Area,Ready To Move,BEML Layout 5th stage,3.0,2.0,85.0,2000.0,3.0
Carpet  Area,18-May,Electronic City Phase II,2.0,2.0,50.0,993.0,3.0
Plot  Area,Ready To Move,Laggere,4.0,1.0,150.0,1260.0,4.0
Super built-up  Area,Ready To Move,Kanakpura Road,3.0,3.0,88.0,1700.0,3.0
Super built-up  Area,Ready To Move,Yelahanka,2.0,2.0,78.0,1270.0,2.0
Plot  Area,18-Apr,Anjanapura,3.0,1.0,121.0,1500.0,3.0
Built-up  Area,Ready To Move,Koramangala,3.0,3.0,290.0,2300.0,3.0
Plot  Area,18-Mar,Hunasamaranahalli,4.0,2.0,900.0,7500.0,4.0
Super built-up  Area,Ready To Move,Marathahalli,3.0,3.0,86.45,1650.0,3.0
Super built-up  Area,Ready To Move,Panathur,2.0,1.0,63.0,1109.0,2.0
Super built-up  Area,Ready To Move,Pragathi Nagar,2.0,1.0,49.75,1280.0,2.0
Built-up  Area,Ready To Move,Sarjapur,3.0,1.0,185.0,2885.0,4.0
Plot  Area,Ready To Move,Banashankari,9.0,1.0,145.0,1200.0,9.0
Plot  Area,Ready To Move,Devanahalli,3.0,2.0,180.0,1600.0,3.0
Super built-up  Area,Ready To Move,Kothanur,3.0,3.0,71.0,1462.0,3.0
Super built-up  Area,19-Mar,Marathahalli,1.0,1.0,35.0,607.0,1.0
Super built-up  Area,Ready To Move,Kammasandra,2.0,0.0,25.0,930.0,2.0
Plot  Area,17-Nov,Varthur,5.0,2.0,300.0,4500.0,4.0
Plot  Area,Ready To Move,Sahakara Nagar,5.0,2.0,160.0,1200.0,5.0
Super built-up  Area,Ready To Move,Malleshwaram,3.0,1.0,237.0,2600.0,3.0
Super built-up  Area,Ready To Move,JP Nagar,4.0,2.0,140.0,3000.0,4.0
Super built-up  Area,18-May,Electronic City Phase II,3.0,2.0,52.47,1418.0,3.0
Built-up  Area,Ready To Move,Ramesh Nagar,1.0,2.0,160.0,4200.0,2.0
Built-up  Area,Ready To Move,EPIP Zone,2.0,1.0,65.0,1125.0,2.0
Super built-up  Area,Ready To Move,CV Raman Nagar,3.0,2.0,126.0,1825.0,3.0
Super built-up  Area,Ready To Move,Whitefield,2.0,3.0,79.5,1320.0,2.0
Built-up  Area,Ready To Move,JP Nagar,4.0,2.0,140.0,3000.0,4.0
Super built-up  Area,Ready To Move,HAL 2nd Stage,2.0,2.0,300.0,1490.0,3.0
Plot  Area,Ready To Move,8th block Koramangala,3.0,1.0,300.0,1650.0,4.0
Super built-up  Area,20-Dec,Whitefield,2.0,1.0,52.7,750.0,2.0
Super built-up  Area,19-Dec,Yelahanka,2.0,2.0,80.54,1400.0,3.0
Super built-up  Area,Ready To Move,Sathya Sai Layout,4.0,3.0,360.0,4104.0,4.0
Built-up  Area,Ready To Move,Rajaji Nagar,4.0,0.0,375.0,5000.0,4.0
Plot  Area,Ready To Move,Mahadevpura,4.0,2.0,260.0,3295.0,5.0
Plot  Area,Ready To Move,A Narayanapura,3.0,1.0,110.0,1150.0,4.0
Plot  Area,18-Jul,Whitefield,3.0,1.0,61.96,1200.0,3.0
Built-up  Area,Ready To Move,Poorna Pragna Layout,2.0,2.0,48.0,965.0,2.0
Plot  Area,Ready To Move,Gottigere,1.0,1.0,26.0,812.0,1.0
Super built-up  Area,Ready To Move,KR Puram,2.0,2.0,43.0,1100.0,2.0
Super built-up  Area,Ready To Move,Whitefield,2.0,2.0,41.0,1180.0,2.0
Super built-up  Area,Ready To Move,HSR Layout,2.0,2.0,48.0,1145.0,2.0
Super built-up  Area,Ready To Move,Haralur Road,2.0,1.0,44.0,1027.0,2.0
Super built-up  Area,18-Apr,Silk Board,2.0,2.0,49.85,1215.0,2.0
Plot  Area,Ready To Move,Hegde Nagar,2.0,0.0,75.0,1200.0,2.0
Super built-up  Area,Ready To Move,Kenchenahalli,2.0,2.0,58.0,1015.0,2.0
Plot  Area,18-May,Kaggalipura,3.0,1.0,165.0,2400.0,3.0
Plot  Area,Ready To Move,Whitefield,4.0,3.0,306.0,3000.0,4.0
Built-up  Area,Ready To Move,7th Phase JP Nagar,4.0,3.0,160.0,3300.0,3.0
Super built-up  Area,Ready To Move,Puttanahalli,2.0,2.0,52.0,1076.0,2.0
Super built-up  Area,18-Dec,JP Nagar,2.0,1.0,109.0,1300.0,2.0
Built-up  Area,Ready To Move,Hebbal Kempapura,2.0,2.0,102.0,1300.0,2.0
Super built-up  Area,19-Jun,Hosa Road,3.0,1.0,123.0,1512.0,3.0
Carpet  Area,18-Dec,Bhoganhalli,3.0,1.0,88.91,1053.4,3.0
Super built-up  Area,Ready To Move,Yeshwanthpur,1.0,0.0,41.745,605.0,1.0
Super built-up  Area,Ready To Move,Hormavu,2.0,1.0,65.0,1153.0,2.0
Plot  Area,Ready To Move,Virat Nagar,2.0,1.0,150.0,2080.0,2.0
Super built-up  Area,Ready To Move,Hulimavu,2.0,2.0,69.0,1255.0,2.0
Built-up  Area,Ready To Move,Bannerghatta Road,5.0,2.0,260.0,2835.0,4.0
Super built-up  Area,Ready To Move,Marathahalli,3.0,3.0,109.0,1583.0,3.0
Super built-up  Area,Ready To Move,Kundalahalli Colony,2.0,2.0,90.0,1505.0,2.0
Super built-up  Area,Ready To Move,Kathriguppe,2.0,2.0,75.08,1365.0,3.0
Plot  Area,Ready To Move,Dwarka Nagar,3.0,3.0,95.75,1200.0,3.0
Super built-up  Area,Ready To Move,Amblipura,4.0,3.0,148.0,1810.0,3.0
Built-up  Area,Ready To Move,Magadi Road,1.0,0.0,35.0,440.0,1.0
Super built-up  Area,Ready To Move,Subramanyapura,2.0,1.0,63.0,975.0,2.0
Super built-up  Area,Ready To Move,Doddagubbi,2.0,3.0,39.0,1250.0,2.0
Super built-up  Area,Ready To Move,Gopalkrishna Nagar,2.0,1.0,97.0,1530.0,3.0
Super built-up  Area,Ready To Move,Kereguddadahalli,2.0,2.0,39.0,1300.0,3.0
Super built-up  Area,Ready To Move,Channasandra,2.0,1.0,40.0,1115.0,2.0
Super built-up  Area,Ready To Move,Sarjapur  Road,2.0,1.0,83.0,1308.0,2.0
Super built-up  Area,Ready To Move,Parappana Agrahara,2.0,2.0,47.0,1194.0,2.0
Super built-up  Area,Ready To Move,Uttarahalli,2.0,2.0,59.6,1490.0,3.0
Plot  Area,Ready To Move,Bannerghatta Road,4.0,0.0,450.0,10000.0,4.0
Super built-up  Area,19-Apr,Sarjapur  Road,3.0,1.0,91.0,1592.0,3.0
Super built-up  Area,18-Jun,Rajaji Nagar,2.0,0.0,112.0,1222.0,2.0
Super built-up  Area,Ready To Move,Raja Rajeshwari Nagar,2.0,2.0,42.85,1267.0,2.0
Super built-up  Area,Ready To Move,Balagere,1.0,1.0,53.0,656.0,1.0
Plot  Area,Ready To Move,Dodda Nekkundi,4.0,3.0,530.0,3400.0,4.0
Built-up  Area,Ready To Move,Garudachar Palya,5.0,2.0,400.0,4500.0,4.0
Plot  Area,18-Nov,Chandapura,1.0,1.0,36.0,1200.0,2.0
Super built-up  Area,Ready To Move,Thanisandra,3.0,2.0,102.0,1698.0,3.0
Built-up  Area,Ready To Move,Tata Nagar,3.0,2.0,70.0,1500.0,3.0
Plot  Area,Ready To Move,Sunkadakatte,5.0,0.0,80.0,2000.0,4.0
Super built-up  Area,18-Mar,Electronic City,2.0,1.0,65.75,1152.0,2.0
Super built-up  Area,Ready To Move,Raja Rajeshwari Nagar,1.0,0.0,21.0,550.0,1.0
Super built-up  Area,Ready To Move,Pattandur Agrahara,2.0,2.0,42.0,900.0,2.0
Super built-up  Area,18-Mar,Rajarajeshwari nagar,2.0,2.0,45.12,1410.0,3.0
Built-up  Area,Ready To Move,Akshaya Nagar,2.0,3.0,73.0,1419.0,3.0
Super built-up  Area,Ready To Move,Amruthahalli,2.0,1.0,55.0,1200.0,2.0
Super built-up  Area,Ready To Move,AECS Layout,3.0,3.0,65.0,1800.0,3.0
Super built-up  Area,Ready To Move,Gottigere,2.0,1.0,40.0,990.0,2.0
Super built-up  Area,Ready To Move,Sarjapur  Road,2.0,1.0,45.0,1016.0,2.0
Super built-up  Area,Ready To Move,Bannerghatta Road,2.0,0.0,39.0,1100.0,2.0
Built-up  Area,Ready To Move,Ramamurthy Nagar,2.0,1.0,65.0,850.0,4.0
Super built-up  Area,Ready To Move,Whitefield,2.0,1.0,35.0,1095.0,2.0
Super built-up  Area,Ready To Move,Rajarajeshwarinagar,3.0,2.0,85.0,2000.0,3.0
Super built-up  Area,Ready To Move,Budigere,2.0,2.0,70.0,1444.0,2.0
Super built-up  Area,Ready To Move,Whitefield,2.0,3.0,67.0,1415.0,2.0
Plot  Area,Ready To Move,Jinkethimmanahalli,2.0,1.0,130.0,1500.0,3.0
Super built-up  Area,Ready To Move,Daadys Gaarden Layout,3.0,3.0,72.0,1600.0,3.0
Super built-up  Area,Ready To Move,Whitefield,2.0,1.0,41.36,1105.0,2.0
Super built-up  Area,18-Dec,Electronic City,3.0,0.0,45.03,1225.0,3.0
Super built-up  Area,Ready To Move,Frazer Town,3.0,2.0,265.0,2560.0,3.0
Super built-up  Area,Ready To Move,Kanakpura Road,2.0,1.0,37.8,1080.0,2.0
Plot  Area,Ready To Move,Dasarahalli,3.0,3.0,150.0,2400.0,7.0
Super built-up  Area,18-Aug,Talaghattapura,3.0,2.0,135.0,1856.0,3.0
Super built-up  Area,Ready To Move,Haralur Road,3.0,2.0,56.0,1464.0,3.0
Plot  Area,Ready To Move,Vishwapriya Nagar,6.0,2.0,71.0,2100.0,6.0
Super built-up  Area,Ready To Move,Sarjapur  Road,2.0,2.0,77.0,1150.0,2.0
Plot  Area,Ready To Move,Abbigere,4.0,1.0,98.0,1200.0,5.0
Super built-up  Area,18-Dec,Whitefield,2.0,2.0,113.19,2094.0,3.0
Super built-up  Area,Ready To Move,5th Phase JP Nagar,2.0,2.0,67.0,1485.0,3.0
Super built-up  Area,Ready To Move,Vimanapura,3.0,3.0,75.0,2500.0,3.0
Plot  Area,18-Aug,Whitefield,2.0,1.0,45.0,1200.0,2.0
Super built-up  Area,18-May,Hennur Road,2.0,1.0,59.46,1036.0,2.0
Plot  Area,Ready To Move,Whitefield,5.0,3.0,270.0,3445.0,4.0
Super built-up  Area,Ready To Move,Dodsworth Layout,2.0,2.0,80.0,1400.0,2.0
Super built-up  Area,18-Jul,Bommanahalli,2.0,2.0,33.0,1110.0,2.0
Built-up  Area,Ready To Move,Kodichikkanahalli,2.0,3.0,48.0,1150.0,2.0
Super built-up  Area,Ready To Move,Kenchenahalli,1.0,1.0,45.0,715.0,1.0
Plot  Area,Ready To Move,Magadi Road,4.0,0.0,130.0,1200.0,4.0
Plot  Area,Ready To Move,Rajaji Nagar,3.0,1.0,260.0,1200.0,5.0
Super built-up  Area,Ready To Move,Jakkur,4.0,2.0,130.0,2283.0,4.0
Plot  Area,Ready To Move,1st Stage Radha Krishna Layout,5.0,1.0,250.0,1790.0,6.0
Super built-up  Area,18-Apr,Hormavu,2.0,2.0,43.58,1453.0,3.0
Built-up  Area,Ready To Move,Nagarbhavi,2.0,1.0,85.0,1400.0,3.0
Super built-up  Area,Ready To Move,Padmanabhanagar,3.0,0.0,65.0,1400.0,3.0
Super built-up  Area,Ready To Move,Whitefield,3.0,1.0,140.0,1700.0,3.0
Super built-up  Area,18-Dec,Kanakpura Road,3.0,1.0,120.0,1591.0,3.0
Super built-up  Area,Ready To Move,Nagarbhavi,2.0,1.0,79.0,1515.0,3.0
Built-up  Area,Ready To Move,Marathahalli,3.0,3.0,200.0,2500.0,5.0
Super built-up  Area,18-Aug,Chandapura,2.0,1.0,24.86,975.0,2.0
Super built-up  Area,Ready To Move,Yeshwanthpur,2.0,2.0,76.18,1382.0,3.0
Plot  Area,Ready To Move,Nagasandra,5.0,2.0,350.0,1750.0,7.0
Super built-up  Area,Ready To Move,Sector 1 HSR Layout,3.0,2.0,150.0,1533.0,3.0
Super built-up  Area,18-Feb,Cunningham Road,3.0,1.0,763.0,3815.0,3.0
Super built-up  Area,Ready To Move,Amarjyothi Colony,2.0,2.0,38.0,1100.0,2.0
Super built-up  Area,Ready To Move,Dairy Circle,6.0,2.0,450.0,3730.0,4.0
Super built-up  Area,Ready To Move,Banashankari Stage II,2.0,1.0,120.0,1500.0,3.0
Super built-up  Area,Ready To Move,Yelahanka,2.0,2.0,64.5,1391.0,3.0
Super built-up  Area,Ready To Move,Begur Road,2.0,2.0,42.92,1160.0,2.0
Built-up  Area,Ready To Move,Chandapura,1.0,1.0,27.0,620.0,1.0
Plot  Area,Ready To Move,MS Pallya,9.0,3.0,350.0,2400.0,8.0
Plot  Area,Ready To Move,Vidyaranyapura,7.0,3.0,130.0,1200.0,8.0
Built-up  Area,18-Jun,Whitefield,4.0,3.0,400.0,4827.0,4.0
Super built-up  Area,Ready To Move,Kanakpura Road,3.0,3.0,60.98,1482.0,3.0
Super built-up  Area,Ready To Move,Whitefield,2.0,2.0,84.5,1405.0,2.0
Built-up  Area,Ready To Move,Gunjur,2.0,2.0,40.0,1190.0,2.0
Super built-up  Area,Ready To Move,Harlur,2.0,1.0,78.0,1174.0,2.0
Plot  Area,Ready To Move,Seegehalli,2.0,0.0,72.0,1155.0,2.0
Super built-up  Area,19-Mar,Thanisandra,3.0,1.0,93.04,1411.0,3.0
Super built-up  Area,Ready To Move,Jalahalli West,2.0,0.0,50.0,745.0,2.0
Super built-up  Area,Ready To Move,Kereguddadahalli,2.0,2.0,30.0,1000.0,2.0
Super built-up  Area,Ready To Move,Jigani,2.0,1.0,50.0,923.0,2.0
Built-up  Area,Ready To Move,Yeshwanthpur,2.0,2.0,32.0,1000.0,2.0
Super built-up  Area,Ready To Move,Battarahalli,2.0,2.0,45.0,1276.0,2.0
Built-up  Area,Ready To Move,Devasthanagalu,3.0,2.0,70.0,1460.0,3.0
Super built-up  Area,19-Jul,Yemlur,2.0,1.0,95.0,1355.0,2.0
Super built-up  Area,Ready To Move,Avalahalli,1.0,1.0,49.0,833.0,1.0
Built-up  Area,Ready To Move,Bapuji Layout,8.0,2.0,275.0,1200.0,8.0
Plot  Area,Ready To Move,Cambridge Layout,5.0,1.0,450.0,1750.0,5.0
Super built-up  Area,18-Dec,Ramamurthy Nagar,2.0,1.0,48.0,1200.0,2.0
Super built-up  Area,Ready To Move,Yeshwanthpur,1.0,1.0,36.85,669.0,1.0
Plot  Area,Ready To Move,7th Phase JP Nagar,4.0,2.0,105.0,2200.0,3.0
Super built-up  Area,18-May,Koramangala,3.0,2.0,125.0,1594.0,3.0
Super built-up  Area,Ready To Move,Kothanur,3.0,2.0,105.0,1790.0,3.0
Super built-up  Area,Ready To Move,NGR Layout,2.0,1.0,45.0,1020.0,2.0
Plot  Area,Ready To Move,Doddanekundi,5.0,1.0,850.0,3250.0,4.0
Super built-up  Area,Ready To Move,Vasantapura main road,2.0,1.0,36.28,1037.0,2.0
Super built-up  Area,Ready To Move,Whitefield,2.0,2.0,57.0,1345.0,3.0
Super built-up  Area,Ready To Move,Kodichikkanahalli,2.0,3.0,43.0,1070.0,2.0
Super built-up  Area,Ready To Move,Sector 6 HSR Layout,5.0,2.0,270.0,3000.0,4.0
Super built-up  Area,Ready To Move,Yeshwanthpur,2.0,2.0,76.18,1385.0,3.0
Super built-up  Area,Ready To Move,Kanakpura Road,2.0,2.0,79.9,1207.0,2.0
Super built-up  Area,Ready To Move,Varthur,2.0,3.0,55.5,1140.0,2.0
Built-up  Area,Ready To Move,Basavanapura,2.0,2.0,68.0,1220.0,2.0
Plot  Area,Ready To Move,CQAL Layout,3.0,2.0,475.0,3811.0,4.0
Super built-up  Area,Ready To Move,Iblur Village,5.0,0.0,252.0,3596.0,4.0
Built-up  Area,Ready To Move,Sarjapur  Road,3.0,3.0,120.0,1965.0,3.0
Built-up  Area,Ready To Move,Koramangala,2.0,0.0,115.0,1760.0,3.0
Super built-up  Area,18-Mar,Haralur Road,2.0,1.0,70.0,1225.0,2.0
Super built-up  Area,Ready To Move,Marathahalli,2.0,2.0,52.43,1075.0,2.0
Built-up  Area,Ready To Move,Panathur,2.0,1.0,68.0,1000.0,2.0
Super built-up  Area,Ready To Move,Hennur Road,3.0,1.0,109.0,1891.0,3.0
Super built-up  Area,Ready To Move,Yelahanka,2.0,2.0,86.0,1322.0,2.0
Plot  Area,Ready To Move,Mathikere,3.0,0.0,215.0,1095.0,3.0
Built-up  Area,Ready To Move,Bellandur,4.0,0.0,260.0,3600.0,4.0
Super built-up  Area,Ready To Move,AECS Layout,2.0,1.0,36.58,1045.0,2.0
Super built-up  Area,Ready To Move,Venugopal Reddy Layout,3.0,3.0,85.0,1545.0,3.0
Super built-up  Area,Ready To Move,Thanisandra,3.0,2.0,135.0,1996.0,3.0
Super built-up  Area,Ready To Move,Brookefield,2.0,2.0,70.0,1125.0,2.0
Super built-up  Area,18-Apr,Mysore Road,3.0,1.0,115.0,1560.0,3.0
Super built-up  Area,Ready To Move,BEML Layout,2.0,2.0,85.0,2000.0,3.0
Built-up  Area,Ready To Move,Murugeshpalya,4.0,2.0,310.0,3100.0,4.0
Built-up  Area,Ready To Move,Lake City,2.0,1.0,35.0,780.0,2.0
Plot  Area,Ready To Move,Lakshmipura,2.0,1.0,110.0,1350.0,2.0
Super built-up  Area,Ready To Move,Sarjapur  Road,4.0,2.0,180.0,2275.0,3.0
Super built-up  Area,Ready To Move,Pragathi Nagar,2.0,2.0,41.0,1350.0,2.0
Super built-up  Area,Ready To Move,Haralur Road,3.0,3.0,56.0,1464.0,3.0
Super built-up  Area,Ready To Move,Kanakpura Road,3.0,3.0,64.5,1570.0,3.0
Super built-up  Area,Ready To Move,Dasanapura,1.0,0.0,28.32,708.0,1.0
Super built-up  Area,Ready To Move,Sarjapur  Road,3.0,1.0,160.0,1680.0,3.0
Super built-up  Area,Ready To Move,Hoodi,2.0,1.0,82.0,1400.0,2.0
Super built-up  Area,Ready To Move,Bellandur,2.0,2.0,72.0,1310.0,2.0
Built-up  Area,Ready To Move,BTM Layout,6.0,3.0,165.0,3300.0,6.0
Super built-up  Area,18-May,Electronics City Phase 1,2.0,1.0,57.0,1175.0,2.0
Built-up  Area,Ready To Move,Chikkalasandra,2.0,1.0,80.0,1428.0,3.0
Plot  Area,Ready To Move,Akshaya Nagar,4.0,2.0,62.0,750.0,4.0
Super built-up  Area,Ready To Move,Whitefield,4.0,3.0,280.0,3252.0,4.0
Super built-up  Area,Ready To Move,Haralur Road,2.0,2.0,46.0,1194.0,2.0
Plot  Area,Ready To Move,Old Town,8.0,2.0,200.0,750.0,8.0
Super built-up  Area,18-Jun,8th Phase JP Nagar,2.0,2.0,35.0,1080.0,2.0
Super built-up  Area,Ready To Move,Vijaya Bank Layout,2.0,1.0,68.0,1200.0,3.0
Plot  Area,17-Dec,Whitefield,2.0,1.0,45.0,1200.0,2.0
Plot  Area,Ready To Move,Okalipura,4.0,3.0,120.0,1200.0,5.0
Built-up  Area,18-Dec,Bommasandra Industrial Area,2.0,1.0,38.13,1320.0,3.0
Super built-up  Area,20-Jan,Badavala Nagar,3.0,2.0,115.0,1842.0,3.0
Super built-up  Area,Ready To Move,Sector 2 HSR Layout,2.0,3.0,55.0,1146.0,2.0
Super built-up  Area,20-Aug,Rachenahalli,1.0,1.0,28.0,440.0,1.0
Super built-up  Area,Ready To Move,Sahakara Nagar,2.0,3.0,50.0,1048.0,2.0
Super built-up  Area,Ready To Move,Thanisandra,3.0,1.0,115.0,1801.0,3.0
Super built-up  Area,19-Mar,Hennur Road,2.0,1.0,69.61,1232.0,2.0
Super built-up  Area,Ready To Move,Whitefield,2.0,2.0,90.0,1150.0,2.0
Super built-up  Area,21-Mar,Talaghattapura,3.0,1.0,120.0,1868.0,3.0
Super built-up  Area,18-Apr,Begur,2.0,2.0,47.1,1445.0,3.0
Super built-up  Area,Ready To Move,Hebbal Kempapura,2.0,3.0,140.0,1466.0,3.0
Built-up  Area,Ready To Move,Harlur,3.0,2.0,100.0,1730.0,3.0
Super built-up  Area,18-Dec,JP Nagar,3.0,2.0,402.0,3860.0,3.0
Super built-up  Area,Ready To Move,Somasundara Palya,2.0,3.0,70.0,1185.0,2.0
Built-up  Area,Ready To Move,Yeshwanthpur,4.0,3.0,260.0,3027.0,3.0
Built-up  Area,20-Dec,Whitefield,4.0,3.0,147.0,2400.0,4.0
Built-up  Area,Ready To Move,Kaval Byrasandra,2.0,1.0,49.0,1185.0,2.0
Super built-up  Area,18-Aug,Hongasandra,2.0,2.0,49.0,1150.0,2.0
Plot  Area,Ready To Move,Maruthi Extension,4.0,2.0,180.0,2000.0,5.0
Plot  Area,Ready To Move,Vidyapeeta,3.0,1.0,98.0,875.0,6.0
Super built-up  Area,Ready To Move,Pai Layout,2.0,2.0,35.0,1075.0,2.0
Super built-up  Area,Ready To Move,Hebbal,3.0,2.0,123.0,1760.0,3.0
Super built-up  Area,Ready To Move,Banashankari,2.0,1.0,63.98,1600.0,2.0
Plot  Area,Ready To Move,Madiwala,4.0,1.0,140.0,910.0,4.0
Super built-up  Area,Ready To Move,Haralur Road,2.0,1.0,78.0,1000.0,2.0
Super built-up  Area,Ready To Move,7th Phase JP Nagar,2.0,2.0,90.0,1215.0,2.0
Super built-up  Area,Ready To Move,EPIP Zone,3.0,3.0,125.0,1734.0,3.0
Super built-up  Area,Ready To Move,Akshaya Nagar,2.0,1.0,60.0,1280.0,2.0
Super built-up  Area,Ready To Move,Rachenahalli,2.0,1.0,55.0,1113.0,2.0
Super built-up  Area,Ready To Move,Horamavu Banaswadi,2.0,2.0,48.0,1272.0,2.0
Built-up  Area,Ready To Move,Kereguddadahalli,3.0,2.0,41.0,1240.0,3.0
Built-up  Area,Ready To Move,Varthur,8.0,3.0,92.0,704.0,8.0
Super built-up  Area,Ready To Move,Yelahanka,2.0,1.0,70.0,1100.0,2.0
Super built-up  Area,19-Apr,Ambalipura,2.0,1.0,30.13,896.0,2.0
Super built-up  Area,Ready To Move,Rachenahalli,5.0,2.0,220.0,3657.0,4.0
Super built-up  Area,Ready To Move,BTM 2nd Stage,2.0,0.0,35.0,1200.0,2.0
Built-up  Area,Ready To Move,Ramagondanahalli,4.0,3.0,155.0,2800.0,4.0
Super built-up  Area,19-Jun,Hebbal,4.0,3.0,198.0,2790.0,4.0
Built-up  Area,Ready To Move,Ambalipura,3.0,2.0,198.0,3500.0,3.0
Built-up  Area,Ready To Move,Ramamurthy Nagar,3.0,2.0,150.0,3600.0,3.0
Built-up  Area,Ready To Move,Sarjapur,2.0,2.0,30.0,1500.0,2.0
Plot  Area,Ready To Move,Meenakshi Layout,7.0,0.0,220.0,1200.0,8.0
Super built-up  Area,Ready To Move,S R Layout,2.0,2.0,48.0,1096.0,2.0
Built-up  Area,Ready To Move,Cholanayakanahalli,2.0,0.0,95.0,580.0,2.0
Super built-up  Area,Ready To Move,GD Layout,2.0,1.0,44.0,1094.0,2.0
Super built-up  Area,Ready To Move,Vittal Nagar,2.0,2.0,49.0,1100.0,2.0
Super built-up  Area,Ready To Move,Iblur Village,5.0,0.0,191.0,2987.5,4.0
Super built-up  Area,19-Sep,Koramangala,6.0,2.0,325.0,2503.0,4.0
Super built-up  Area,Ready To Move,Nagarbhavi,2.0,2.0,40.0,1145.0,2.0
Super built-up  Area,Ready To Move,Rachenahalli,3.0,2.0,74.5,1550.0,3.0
Super built-up  Area,Ready To Move,Seegehalli,4.0,2.0,82.0,1830.0,3.0
Super built-up  Area,19-Dec,Hoodi,3.0,3.0,84.95,1746.0,3.0
Built-up  Area,Ready To Move,Maruthi Sevanagar,4.0,1.0,115.0,1280.0,4.0
Super built-up  Area,20-Aug,Kengeri,2.0,1.0,27.54,918.0,2.0
Super built-up  Area,18-Jul,Chandapura,1.0,1.0,16.45,645.0,1.0
Super built-up  Area,Ready To Move,Banashankari Stage III,2.0,1.0,60.0,1305.0,3.0
Super built-up  Area,Ready To Move,Thigalarapalya,2.0,2.0,62.0,1207.0,2.0
Built-up  Area,Ready To Move,Thanisandra,3.0,2.0,125.0,1678.0,3.0
Super built-up  Area,Ready To Move,Kaggalipura,2.0,1.0,50.0,950.0,2.0
Plot  Area,Ready To Move,Munnekollal,7.0,2.0,240.0,1200.0,10.0
Super built-up  Area,18-Feb,Electronic City,2.0,1.0,55.0,1070.0,2.0
Super built-up  Area,Ready To Move,Ardendale,3.0,2.0,92.0,1732.46,3.0
Super built-up  Area,Ready To Move,Attibele,2.0,1.0,40.98,1639.0,3.0
Super built-up  Area,Ready To Move,Marathahalli,2.0,1.0,103.0,1360.0,2.0
Plot  Area,Ready To Move,Malleshpalya,4.0,2.0,250.0,2592.0,4.0
Plot  Area,Ready To Move,RMV 2nd Stage,3.0,2.0,700.0,4470.0,3.0
Plot  Area,Ready To Move,Kithaganur,4.0,3.0,62.0,720.0,5.0
Super built-up  Area,Ready To Move,Lakshminarayana Pura,3.0,2.0,150.0,1656.0,3.0
Super built-up  Area,Ready To Move,Sarjapur  Road,2.0,1.0,49.0,985.0,2.0
Super built-up  Area,Ready To Move,Dodda Nekkundi,3.0,2.0,135.0,1999.0,3.0
Super built-up  Area,Ready To Move,7th Phase JP Nagar,2.0,1.0,75.0,1050.0,2.0
Super built-up  Area,Ready To Move,Whitefield,2.0,2.0,64.0,1440.0,3.0
Super built-up  Area,Ready To Move,Basavangudi,2.0,2.0,160.0,1600.0,3.0
Super built-up  Area,17-Nov,Ramagondanahalli,2.0,1.0,52.66,1253.0,2.0
Plot  Area,Ready To Move,Shirdi Sai Nagar,3.0,0.0,85.0,1200.0,3.0
Super built-up  Area,Ready To Move,Padmanabhanagar,2.0,3.0,75.0,1360.0,3.0
Super built-up  Area,Ready To Move,Hagadur,2.0,1.0,47.5,1086.0,2.0
Super built-up  Area,Ready To Move,Wilson Garden,3.0,2.0,155.0,1655.0,3.0
Plot  Area,17-Feb,Old Madras Road,4.0,2.0,260.0,2600.0,4.0
Super built-up  Area,Ready To Move,Sarjapur  Road,2.0,2.0,78.0,1418.0,2.0
Super built-up  Area,Ready To Move,Kalena Agrahara,2.0,2.0,100.0,1270.0,2.0
Super built-up  Area,Ready To Move,Begur Road,2.0,3.0,52.17,1410.0,3.0
Super built-up  Area,19-Jan,"JP Nagar 7th Phase, ",2.0,1.0,74.0,1150.0,2.0
Plot  Area,Ready To Move,Ramamurthy Nagar,3.0,2.0,45.0,600.0,2.0
Built-up  Area,Ready To Move,Raghuvanahalli,3.0,2.0,65.8,1440.0,3.0
Plot  Area,Ready To Move,J C Nagar,2.0,0.0,108.0,1200.0,3.0
Super built-up  Area,Ready To Move,Sadduguntepalya,2.0,2.0,75.0,1200.0,2.0
Super built-up  Area,Ready To Move,Begur Road,2.0,3.0,50.06,1410.0,3.0
Plot  Area,Ready To Move,Chandapura,5.0,2.0,92.0,1200.0,4.0
Plot  Area,Ready To Move,Jalahalli,3.0,2.0,60.0,600.0,3.0
Built-up  Area,18-Dec,Whitefield,1.0,1.0,35.0,624.0,1.0
Super built-up  Area,Ready To Move,Electronic City,2.0,1.0,58.0,1060.0,2.0
Super built-up  Area,20-Dec,Hebbal,5.0,3.0,386.0,3960.0,4.0
Plot  Area,18-Aug,Whitefield,2.0,1.0,45.0,1200.0,2.0
Plot  Area,Ready To Move,Vidyaranyapura,4.0,2.0,175.0,1200.0,4.0
Built-up  Area,Ready To Move,Sarjapur,3.0,0.0,60.0,1917.0,4.0
Super built-up  Area,Ready To Move,KR Puram,2.0,1.0,40.0,950.0,2.0
Plot  Area,18-Dec,Channasandra,2.0,1.0,48.0,3040.0,2.0
Super built-up  Area,18-May,BTM 2nd Stage,3.0,1.0,50.0,1250.0,3.0
Super built-up  Area,Ready To Move,Vishwapriya Layout,2.0,2.0,60.0,1235.0,2.0
Super built-up  Area,Ready To Move,Budigere,1.0,0.0,46.0,722.0,1.0
Plot  Area,Ready To Move,Kanakpura Road,3.0,1.0,165.0,2775.0,4.0
Built-up  Area,Ready To Move,Sarjapur  Road,2.0,1.0,93.0,1200.0,2.0
Built-up  Area,Ready To Move,Bannerghatta Road,3.0,2.0,68.0,1400.0,3.0
Built-up  Area,Ready To Move,Mallathahalli,3.0,3.0,60.0,1225.0,3.0
Super built-up  Area,Ready To Move,Marathahalli,2.0,1.0,58.5,1220.0,2.0
Super built-up  Area,Ready To Move,Nagavarapalya,1.0,1.0,52.5,705.0,1.0
Super built-up  Area,Ready To Move,Battarahalli,3.0,2.0,94.36,1880.0,3.0
Plot  Area,Ready To Move,Yelahanka,2.0,1.0,70.0,1200.0,2.0
Built-up  Area,Ready To Move,Doddakammanahalli,2.0,1.0,60.0,1550.0,3.0
Super built-up  Area,Ready To Move,Lingadheeranahalli,3.0,1.0,130.0,1893.0,3.0
Super built-up  Area,Ready To Move,HMT Layout,3.0,2.0,75.0,1650.0,3.0
Built-up  Area,Ready To Move,Chikkathoguru,2.0,2.0,46.0,1113.0,2.0
Plot  Area,Ready To Move,BEL Road,2.0,0.0,203.0,1500.0,2.0
Plot  Area,Ready To Move,Kamakshipalya,9.0,1.0,180.0,1800.0,9.0
Super built-up  Area,Ready To Move,Sarjapur  Road,3.0,3.0,70.0,1586.0,3.0
Plot  Area,Ready To Move,Seegehalli,3.0,1.0,235.0,4000.0,3.0
Super built-up  Area,Ready To Move,Yelahanka New Town,3.0,3.0,80.0,1541.0,3.0
Super built-up  Area,18-Dec,Haralur Road,3.0,2.0,101.0,1830.0,3.0
Super built-up  Area,Ready To Move,Kodigehalli,2.0,2.0,48.0,1200.0,2.0
Plot  Area,Ready To Move,Bidrahalli,2.0,0.0,72.0,1800.0,3.0
Super built-up  Area,18-Jun,Bommasandra,2.0,1.0,40.0,1015.0,2.0
Super built-up  Area,Ready To Move,Raja Rajeshwari Nagar,2.0,2.0,37.95,1120.0,2.0
Super built-up  Area,21-Dec,Hoodi,1.0,1.0,48.24,706.0,1.0
Plot  Area,Ready To Move,Medi Agrahara,4.0,2.0,85.0,1350.0,4.0
Plot  Area,Ready To Move,Kumaraswami Layout,4.0,2.0,95.0,610.0,6.0
Plot  Area,Ready To Move,Kanakpura Road,3.0,1.0,99.0,1900.0,3.0
Plot  Area,Ready To Move,Harlur,4.0,2.0,243.0,1200.0,4.0
Built-up  Area,Ready To Move,Seegehalli,5.0,3.0,150.0,3000.0,4.0
Super built-up  Area,Ready To Move,Bisuvanahalli,2.0,1.0,42.0,1075.0,3.0
Super built-up  Area,19-Jul,Kanakpura Road,2.0,3.0,80.0,1290.0,2.0
Super built-up  Area,Ready To Move,Akshaya Nagar,2.0,1.0,50.0,1200.0,2.0
Built-up  Area,Ready To Move,Hormavu,2.0,1.0,53.11,1150.0,2.0
Super built-up  Area,Ready To Move,Uttarahalli,2.0,3.0,61.2,1360.0,3.0
Carpet  Area,Ready To Move,4th Block Koramangala,9.0,2.0,500.0,4500.0,9.0
Super built-up  Area,20-Dec,whitefiled,2.0,1.0,32.73,935.0,2.0
Super built-up  Area,Ready To Move,Cox Town,3.0,3.0,140.0,1730.0,3.0
Super built-up  Area,Ready To Move,Sarjapur  Road,2.0,2.0,53.0,1260.0,2.0
Built-up  Area,Ready To Move,Banagiri Nagar,6.0,2.0,125.0,675.0,6.0
Plot  Area,Ready To Move,Marathahalli,4.0,1.0,650.0,4000.0,4.0
Super built-up  Area,Ready To Move,Marathahalli,2.0,1.0,45.68,950.0,2.0
Plot  Area,Ready To Move,Subbannaiah Palya,3.0,2.0,85.0,600.0,2.0
Built-up  Area,Ready To Move,Vadarpalya,5.0,2.0,120.0,2500.0,5.0
Super built-up  Area,17-May,Hegde Nagar,5.0,2.0,300.0,3216.0,4.0
Plot  Area,Ready To Move,N R Layout,3.0,2.0,120.0,800.0,6.0
Super built-up  Area,Ready To Move,Budigere,4.0,2.0,88.0,1991.0,3.0
Super built-up  Area,Ready To Move,Sarjapur  Road,2.0,1.0,60.0,1115.0,2.0
Super built-up  Area,Ready To Move,Koramangala,3.0,3.0,150.0,1900.0,3.0
Super built-up  Area,18-May,Whitefield,2.0,1.0,41.49,1109.0,2.0
Super built-up  Area,Ready To Move,Rajiv Nagar,5.0,1.0,129.0,2340.0,4.0
Plot  Area,Ready To Move,Judicial Layout,6.0,2.0,300.0,1200.0,6.0
Plot  Area,Ready To Move,Whitefield,5.0,1.0,850.0,4356.0,4.0
Super built-up  Area,Ready To Move,9th Phase JP Nagar,2.0,1.0,43.0,1005.0,2.0
Super built-up  Area,19-Aug,Kengeri,1.0,1.0,19.5,416.0,1.0
Super built-up  Area,Ready To Move,1st Phase JP Nagar,2.0,1.0,100.0,1394.0,2.0
Super built-up  Area,Ready To Move,Harlur,3.0,2.0,110.0,2138.0,3.0
Built-up  Area,Ready To Move,Richards Town,3.0,2.0,160.0,1550.0,3.0
Super built-up  Area,Ready To Move,Nagavarapalya,3.0,1.0,80.0,1300.0,3.0
Super built-up  Area,Ready To Move,Thanisandra,2.0,2.0,82.0,1265.0,2.0
Built-up  Area,Ready To Move,Manorayana Palya,2.0,2.0,52.0,1140.0,2.0
Carpet  Area,Ready To Move,BCC Layout,2.0,3.0,40.0,1050.0,2.0
Built-up  Area,Ready To Move,Thanisandra,2.0,1.0,48.0,1100.0,2.0
Super built-up  Area,18-May,Varthur,2.0,1.0,59.0,1012.0,2.0
Plot  Area,18-May,Varthur,4.0,3.0,112.0,1600.0,4.0
Super built-up  Area,Ready To Move,Yelahanka,2.0,2.0,57.0,1326.0,2.0
Built-up  Area,Ready To Move,Hebbal Kempapura,2.0,3.0,85.0,1654.0,3.0
Plot  Area,Ready To Move,Jeevan bima nagar,2.0,1.0,290.0,1705.0,3.0
Super built-up  Area,Ready To Move,Chikkalasandra,2.0,1.0,42.8,1070.0,2.0
Super built-up  Area,Ready To Move,Whitefield,3.0,2.0,95.0,1700.0,3.0
Carpet  Area,18-Dec,Bhoganhalli,2.0,1.0,80.64,910.2,2.0
Super built-up  Area,Ready To Move,Kogilu,2.0,2.0,50.66,1140.0,2.0
Plot  Area,Ready To Move,Whitefield,4.0,3.0,400.0,4960.0,4.0
Super built-up  Area,18-Aug,Talaghattapura,3.0,2.0,170.0,2254.0,3.0
Super built-up  Area,22-Mar,Kanakapura,2.0,1.0,47.0,945.0,2.0
Super built-up  Area,19-Aug,Begur Road,6.0,2.0,150.0,2462.0,4.0
Plot  Area,Ready To Move,Giri Nagar,3.0,0.0,240.0,1350.0,3.0
Super built-up  Area,19-Dec,Marathahalli,1.0,1.0,44.0,615.0,1.0
Plot  Area,Ready To Move,Ramamurthy Nagar,2.0,0.0,65.0,1110.0,2.0
Super built-up  Area,18-Mar,Haralur Road,1.0,1.0,88.0,575.0,1.0
Super built-up  Area,18-Jul,Electronic City,2.0,1.0,54.1,1025.0,2.0
Built-up  Area,Ready To Move,Vinayak Nagar,3.0,2.0,95.0,1758.0,3.0
Super built-up  Area,18-Dec,Gopalapura,5.0,3.0,351.0,3179.0,4.0
Super built-up  Area,Ready To Move,Kaikondrahalli,3.0,3.0,92.0,1342.0,3.0
Super built-up  Area,Ready To Move,Kalyan nagar,3.0,2.0,85.0,1800.0,3.0
Built-up  Area,18-Feb,Whitefield,4.0,3.0,198.0,2928.0,4.0
Built-up  Area,Ready To Move,Doddathoguru,2.0,3.0,32.0,1140.0,2.0
Super built-up  Area,18-Jul,Raja Rajeshwari Nagar,2.0,2.0,85.0,1608.0,2.0
Super built-up  Area,Ready To Move,Kadugodi,2.0,2.0,82.0,1645.0,3.0
Super built-up  Area,18-Dec,Ramamurthy Nagar,2.0,1.0,56.4,1410.0,3.0
Super built-up  Area,Ready To Move,Harlur,2.0,2.0,52.0,1200.0,2.0
Super built-up  Area,18-Jun,8th Phase JP Nagar,2.0,2.0,41.5,1275.0,3.0
Built-up  Area,Ready To Move,Dodda Nekkundi,4.0,2.0,600.0,3800.0,4.0
Super built-up  Area,Ready To Move,Kada Agrahara,2.0,1.0,40.0,909.0,3.0
Built-up  Area,Ready To Move,Basavanapura,3.0,0.0,85.0,1200.0,2.0
Super built-up  Area,Ready To Move,Kalyan nagar,2.0,2.0,73.0,1080.0,2.0
Plot  Area,Ready To Move,Madanayakahalli,2.0,1.0,34.0,1200.0,2.0
Super built-up  Area,18-May,Akshaya Nagar,2.0,1.0,60.0,1092.0,2.0
Super built-up  Area,Ready To Move,Jalahalli,4.0,3.0,135.0,1932.0,3.0
Super built-up  Area,Ready To Move,KR Puram,2.0,1.0,72.0,1156.0,2.0
Super built-up  Area,Ready To Move,Bellandur,2.0,2.0,35.11,924.0,2.0
Super built-up  Area,Ready To Move,Thubarahalli,2.0,1.0,75.0,1330.0,2.0
Super built-up  Area,18-Apr,Thanisandra,4.0,2.0,113.0,1917.0,3.0
Super built-up  Area,18-Sep,Chandapura,2.0,1.0,25.12,985.0,2.0
Plot  Area,Ready To Move,Mahalakshmi Puram,6.0,2.0,408.0,2400.0,6.0
Plot  Area,Ready To Move,Richmond Town,5.0,2.0,500.0,1800.0,4.0
Plot  Area,Ready To Move,Mahalakshmi Puram,1.0,0.0,225.0,1290.0,2.0
Super built-up  Area,19-Jun,Kodigehalli,1.0,1.0,53.0,655.0,1.0
Built-up  Area,Ready To Move,4th Block Koramangala,3.0,3.0,140.0,1800.0,3.0
Built-up  Area,Ready To Move,Margondanahalli,2.0,2.0,45.0,1360.0,4.0
Super built-up  Area,Ready To Move,Bellandur,3.0,3.0,118.0,1785.0,3.0
Super built-up  Area,Ready To Move,Kadugodi,7.0,2.0,130.0,4000.0,7.0
Super built-up  Area,19-Jun,Hebbal,3.0,2.0,120.0,1645.0,3.0
Super built-up  Area,Ready To Move,Gottigere,2.0,2.0,63.0,1235.0,2.0
Plot  Area,Ready To Move,Anandapura,2.0,0.0,48.0,900.0,2.0
Super built-up  Area,Ready To Move,Thanisandra,1.0,1.0,42.0,662.0,1.0
Plot  Area,Ready To Move,TC Palaya,5.0,1.0,100.0,1440.0,5.0
Super built-up  Area,18-Dec,Whitefield,2.0,1.0,62.0,1215.0,2.0
Super built-up  Area,Ready To Move,Bisuvanahalli,2.0,1.0,37.0,845.0,2.0
Super built-up  Area,Ready To Move,Sarjapur  Road,2.0,2.0,87.0,1525.0,3.0
Built-up  Area,Ready To Move,Jaladarsini Layout,2.0,2.0,48.0,1000.0,2.0
Super built-up  Area,19-Dec,Hebbal,2.0,1.0,90.0,1255.0,3.0
Super built-up  Area,Ready To Move,Mysore Road,3.0,2.0,120.0,1560.0,3.0
Built-up  Area,Ready To Move,Kasavanhalli,3.0,3.0,110.0,2100.0,3.0
Super built-up  Area,Ready To Move,Kodichikkanahalli,2.0,2.0,85.0,1620.0,3.0
Super built-up  Area,Ready To Move,Marathahalli,3.0,2.0,90.0,1595.0,3.0
Super built-up  Area,18-May,Basavanapura,2.0,2.0,38.52,1095.0,2.0
Built-up  Area,Ready To Move,9th Phase JP Nagar,2.0,0.0,37.0,835.0,2.0
Super built-up  Area,18-Oct,Hennur Road,3.0,2.0,72.04,2182.0,3.0
Super built-up  Area,Ready To Move,Thigalarapalya,2.0,2.0,106.0,1418.0,2.0
Super built-up  Area,18-Apr,Sanjay nagar,2.0,2.0,180.0,1900.0,3.0
Super built-up  Area,20-Sep,Whitefield,5.0,2.0,175.0,2700.0,3.0
Super built-up  Area,Ready To Move,BTM 2nd Stage,2.0,1.0,48.0,1070.0,2.0
Plot  Area,Ready To Move,Ramamurthy Nagar,9.0,2.0,150.0,2000.0,9.0
Plot  Area,Ready To Move,Munnekollal,40.0,0.0,660.0,2400.0,43.0
Super built-up  Area,18-Dec,Electronics City Phase 1,1.0,1.0,42.41,755.0,1.0
Super built-up  Area,19-Mar,Hebbal,3.0,2.0,117.0,1645.0,3.0
Plot  Area,Ready To Move,Sarjapur,3.0,2.0,190.0,2400.0,3.0
Super built-up  Area,18-Jul,Chandapura,1.0,1.0,16.45,645.0,1.0
Built-up  Area,19-Mar,4th T block Jayanagar,4.0,2.0,333.0,3900.0,4.0
Plot  Area,Ready To Move,Attur Layout,4.0,2.0,200.0,2400.0,3.0
Plot  Area,Ready To Move,1st Block HRBR Layout,10.0,2.0,600.0,2416.0,10.0
Built-up  Area,Ready To Move,Electronics City Phase 1,2.0,0.0,28.0,919.0,2.0
Super built-up  Area,Ready To Move,Bannerghatta Road,3.0,2.0,110.0,1725.0,3.0
Super built-up  Area,18-Apr,Sarjapur  Road,2.0,1.0,71.32,1346.0,2.0
Built-up  Area,Ready To Move,Electronic City Phase II,2.0,2.0,45.0,1070.0,2.0
Super built-up  Area,Ready To Move,Begur Road,2.0,1.0,35.52,1225.0,2.0
Plot  Area,Ready To Move,Sarakki Nagar,6.0,2.0,75.0,880.0,6.0
Built-up  Area,Ready To Move,Neeladri Nagar,1.0,1.0,20.5,640.0,1.0
Super built-up  Area,Ready To Move,Chikkalasandra,2.0,1.0,52.4,1310.0,3.0
Super built-up  Area,Ready To Move,Kanakapura,2.0,2.0,39.0,1190.0,2.0
Super built-up  Area,Ready To Move,Basavanna Nagar,3.0,2.0,87.5,1645.0,3.0
Super built-up  Area,Ready To Move,Marathahalli,2.0,1.0,89.0,1350.0,2.0
Super built-up  Area,Ready To Move,Vittasandra,2.0,1.0,68.8,1404.0,2.0
Super built-up  Area,18-Apr,Electronic City,2.0,1.0,35.0,1105.0,3.0
Super built-up  Area,21-Dec,Kanakpura Road,2.0,1.0,41.0,900.0,2.0
Plot  Area,Ready To Move,A Narayanapura,4.0,3.0,320.0,1650.0,4.0
Super built-up  Area,Ready To Move,Dodda Nekkundi,2.0,1.0,41.15,1100.0,2.0
Built-up  Area,Ready To Move,Thanisandra,4.0,1.0,95.0,2100.0,4.0
Super built-up  Area,18-May,Thanisandra,3.0,2.0,130.0,1948.0,3.0
Super built-up  Area,Ready To Move,Singasandra,3.0,2.0,56.0,1464.0,3.0
Super built-up  Area,Ready To Move,Raja Rajeshwari Nagar,2.0,2.0,45.0,1210.0,2.0
Built-up  Area,Ready To Move,Yelahanka,5.0,2.0,220.0,4000.0,5.0
Super built-up  Area,Ready To Move,Brooke Bond First Cross,2.0,2.0,55.0,1252.0,2.0
Plot  Area,Ready To Move,Nagarbhavi,4.0,3.0,240.0,1200.0,5.0
Super built-up  Area,Ready To Move,Sarjapur  Road,7.0,2.0,290.0,3905.0,5.0
Super built-up  Area,Ready To Move,Kundalahalli Colony,3.0,2.0,140.0,2600.0,3.0
Super built-up  Area,Ready To Move,7th Phase JP Nagar,3.0,2.0,89.13,1300.0,3.0
Super built-up  Area,Ready To Move,7th Phase JP Nagar,2.0,2.0,73.0,1130.0,2.0
Plot  Area,Ready To Move,Budigere,3.0,0.0,135.0,1200.0,4.0
Built-up  Area,Ready To Move,Thanisandra,3.0,2.0,125.0,1690.0,3.0
Built-up  Area,Ready To Move,Padmanabhanagar,4.0,2.0,360.0,4500.0,3.0
Super built-up  Area,Ready To Move,Tasker Town,2.0,1.0,60.0,950.0,2.0
Super built-up  Area,Ready To Move,Marathahalli,2.0,1.0,57.0,1020.0,2.0
Built-up  Area,19-Dec,"Hoodi Circle, ",4.0,3.0,95.0,2107.0,4.0
Super built-up  Area,Ready To Move,Marathahalli,3.0,2.0,72.0,1735.0,3.0
Built-up  Area,Ready To Move,Sarjapur  Road,2.0,2.0,37.0,915.0,2.0
Super built-up  Area,Ready To Move,Glass Factory Layout,3.0,3.0,68.0,1450.0,3.0
Super built-up  Area,Ready To Move,Thigalarapalya,4.0,2.0,156.0,2215.0,3.0
Super built-up  Area,Ready To Move,Raghavendra Nagar,3.0,1.0,100.0,2431.0,3.0
Super built-up  Area,18-Aug,Hennur Road,3.0,2.0,102.0,1804.0,3.0
Super built-up  Area,18-Apr,Marathahalli,3.0,2.0,88.0,1600.0,2.0
Super built-up  Area,Ready To Move,Uttarahalli,2.0,2.0,75.0,1280.0,2.0
Super built-up  Area,19-Dec,Hebbal,3.0,2.0,77.68,1255.0,3.0
Super built-up  Area,Ready To Move,Koramangala,2.0,1.0,150.0,1320.0,2.0
Super built-up  Area,Ready To Move,Hoodi,2.0,1.0,69.0,1257.0,2.0
Super built-up  Area,Ready To Move,Raja Rajeshwari Nagar,2.0,1.0,53.27,1240.0,2.0
Plot  Area,Ready To Move,Milk Colony,4.0,2.0,240.0,1200.0,4.0
Plot  Area,Ready To Move,Bannerghatta Road,6.0,3.0,150.0,1850.0,6.0
Super built-up  Area,Ready To Move,Hulimavu,2.0,3.0,66.0,1255.0,2.0
Super built-up  Area,Ready To Move,Ananth Nagar,2.0,2.0,36.0,870.0,2.0
Super built-up  Area,Ready To Move,Tumkur Road,3.0,2.0,98.0,1789.0,3.0
Plot  Area,Ready To Move,Basaveshwara Nagar,6.0,2.0,110.0,800.0,6.0
Super built-up  Area,Ready To Move,Electronic City,1.0,1.0,18.0,660.0,2.0
Plot  Area,Ready To Move,"Basnashankari,6th stage,",3.0,1.0,54.0,600.0,3.0
Super built-up  Area,Ready To Move,Coffee Board Layout,2.0,3.0,56.0,1155.0,2.0
Super built-up  Area,Ready To Move,R.T. Nagar,2.0,2.0,65.0,1235.0,2.0
Plot  Area,Ready To Move,Yelahanka,4.0,2.0,140.0,2675.0,4.0
Super built-up  Area,Ready To Move,CV Raman Nagar,2.0,2.0,50.0,1025.0,2.0
Built-up  Area,Ready To Move,Raja Rajeshwari Nagar,2.0,2.0,72.0,1395.0,3.0
Super built-up  Area,Ready To Move,Rachenahalli,2.0,2.0,74.4,1530.0,3.0
Super built-up  Area,Ready To Move,Dodda Nekkundi,2.0,1.0,71.0,1252.0,3.0
Super built-up  Area,18-Aug,Hennur Road,2.0,1.0,30.27,1081.0,2.0
Super built-up  Area,Ready To Move,Haralur Road,3.0,1.0,130.0,1255.0,3.0
Super built-up  Area,Ready To Move,Ardendale,3.0,2.0,150.0,2062.0,4.0
Super built-up  Area,Ready To Move,Choodasandra,3.0,2.0,56.0,1220.0,3.0
Built-up  Area,Ready To Move,Jigani,2.0,0.0,55.0,1408.0,3.0
Super built-up  Area,Ready To Move,Bisuvanahalli,2.0,1.0,60.0,1180.0,3.0
Super built-up  Area,Ready To Move,Sarjapur  Road,1.0,2.0,29.0,715.0,1.0
Super built-up  Area,Ready To Move,Sarjapur  Road,2.0,3.0,94.5,1230.0,2.0
Super built-up  Area,Ready To Move,Kaggadasapura,2.0,2.0,45.5,1035.0,2.0
Super built-up  Area,Ready To Move,EPIP Zone,5.0,0.0,225.0,3360.0,4.0
Super built-up  Area,Ready To Move,Kathriguppe,3.0,2.0,77.99,1300.0,3.0
Super built-up  Area,21-Feb,Kanakpura Road,3.0,1.0,52.97,1100.0,3.0
Super built-up  Area,Ready To Move,Whitefield,2.0,1.0,84.0,1216.0,2.0
Super built-up  Area,18-Aug,Shirdi Sai Layout,2.0,3.0,62.63,1450.0,2.0
Super built-up  Area,Ready To Move,Nagavarapalya,1.0,1.0,57.0,705.0,1.0
Super built-up  Area,Ready To Move,Gottigere,3.0,2.0,64.0,1385.0,3.0
Plot  Area,18-May,Anekal,2.0,1.0,36.1,1200.0,2.0
Super built-up  Area,18-Jul,Electronic City Phase II,2.0,1.0,32.75,1310.0,3.0
Built-up  Area,Ready To Move,Sarjapur  Road,2.0,1.0,39.5,1043.0,2.0
Super built-up  Area,Ready To Move,Koramangala,2.0,2.0,110.0,1320.0,2.0
Super built-up  Area,Ready To Move,Near ullas theater,3.0,2.0,205.0,1900.0,3.0
Super built-up  Area,Ready To Move,Varthur,2.0,2.0,39.9,1140.0,2.0
Built-up  Area,Ready To Move,Kadugodi,2.0,1.0,45.0,1100.0,2.0
Super built-up  Area,18-Sep,Hebbal,3.0,2.0,90.0,1586.0,3.0
Super built-up  Area,18-Aug,Chandapura,2.0,1.0,24.86,975.0,2.0
Built-up  Area,Ready To Move,Amruthnagar,3.0,2.0,60.0,1365.0,2.0
Super built-up  Area,18-Dec,Rajaji Nagar,2.0,0.0,107.0,1263.0,2.0
Super built-up  Area,Ready To Move,Begur Road,2.0,2.0,59.76,1565.0,3.0
Plot  Area,Ready To Move,Karuna Nagar,3.0,2.0,180.0,1163.0,3.0
Super built-up  Area,19-Sep,Whitefield,5.0,1.0,204.0,2882.0,4.0
Super built-up  Area,Ready To Move,Hennur Road,3.0,2.0,170.0,2320.0,3.0
Built-up  Area,Ready To Move,Sarjapur  Road,3.0,3.0,99.0,1750.0,3.0
Super built-up  Area,Ready To Move,Kudlu,2.0,1.0,55.0,1143.0,2.0
Super built-up  Area,Ready To Move,Hennur Road,3.0,1.0,118.0,1936.0,3.0
Super built-up  Area,Ready To Move,Electronic City,1.0,1.0,15.0,660.0,2.0
Super built-up  Area,Ready To Move,Chandapura,1.0,1.0,19.0,700.0,2.0
Super built-up  Area,Ready To Move,Chikkakannalli,2.0,2.0,85.0,1402.0,3.0
Built-up  Area,Ready To Move,Hebbal,4.0,2.0,600.0,4640.0,4.0
Super built-up  Area,Ready To Move,Electronic City,2.0,2.0,41.0,1000.0,2.0
Super built-up  Area,Ready To Move,Gottigere,2.0,1.0,35.0,1000.0,2.0
Super built-up  Area,20-Dec,Kengeri Satellite Town,2.0,1.0,26.0,818.0,2.0
Built-up  Area,Ready To Move,Bommenahalli,3.0,0.0,135.0,1680.0,4.0
Super built-up  Area,Ready To Move,Kalyan nagar,3.0,2.0,150.0,2422.0,4.0
Super built-up  Area,Ready To Move,Indira Nagar,2.0,2.0,100.0,1145.0,2.0
Super built-up  Area,18-Aug,Chandapura,2.0,2.0,30.35,1190.0,3.0
Super built-up  Area,20-Aug,Sarjapur  Road,2.0,1.0,62.0,1145.0,2.0
Super built-up  Area,Ready To Move,Somasundara Palya,3.0,3.0,68.0,1575.0,3.0
Plot  Area,Ready To Move,Bannerghatta Road,4.0,1.0,390.0,9000.0,3.0
Super built-up  Area,Ready To Move,Thanisandra,2.0,2.0,46.0,1200.0,2.0
Super built-up  Area,Ready To Move,Yelahanka,2.0,2.0,63.0,1500.0,3.0
Built-up  Area,Ready To Move,Ramamurthy Nagar,4.0,2.0,75.0,2560.0,4.0
Super built-up  Area,Ready To Move,Kothanur,3.0,3.0,76.1,1583.0,3.0
Super built-up  Area,21-Dec,Kanakpura Road,2.0,1.0,34.98,700.0,2.0
Built-up  Area,Ready To Move,Bannerghatta Road,2.0,0.0,38.0,950.0,2.0
Super built-up  Area,Ready To Move,Banashankari,2.0,1.0,36.44,1041.0,2.0
Super built-up  Area,Ready To Move,Thubarahalli,2.0,1.0,70.0,1085.0,2.0
Super built-up  Area,18-Aug,Anjanapura,2.0,2.0,37.0,1070.0,2.0
Super built-up  Area,Ready To Move,Raja Rajeshwari Nagar,2.0,1.0,45.0,1165.0,2.0
Built-up  Area,Ready To Move,Bommasandra,2.0,1.0,35.0,1000.0,2.0
Super built-up  Area,19-Dec,Horamavu Agara,2.0,1.0,64.0,1169.0,2.0
Built-up  Area,Ready To Move,A Narayanapura,4.0,1.0,110.0,1150.0,4.0
Super built-up  Area,Ready To Move,Whitefield,3.0,2.0,140.0,1840.0,3.0
Built-up  Area,Ready To Move,Bhuvaneswari Nagar,3.0,1.0,75.0,1550.0,3.0
Super built-up  Area,Ready To Move,Kaval Byrasandra,2.0,3.0,53.0,997.0,2.0
Built-up  Area,18-Mar,Gunjur,2.0,3.0,60.0,1457.0,2.0
Super built-up  Area,Ready To Move,ISRO Layout,2.0,1.0,60.0,1000.0,2.0
Plot  Area,Ready To Move,KR Puram,2.0,0.0,60.0,1000.0,2.0
Plot  Area,Ready To Move,Sarjapur  Road,3.0,2.0,88.0,1500.0,3.0
Plot  Area,Ready To Move,Cottonpet,3.0,1.0,210.0,958.0,5.0
Built-up  Area,Ready To Move,Lakshminarayana Pura,2.0,2.0,75.0,1165.0,2.0
Plot  Area,Ready To Move,Upkar Layout,7.0,3.0,169.0,1200.0,7.0
Super built-up  Area,19-Jan,Kasavanhalli,3.0,2.0,123.0,1787.0,3.0
Super built-up  Area,Ready To Move,Raja Rajeshwari Nagar,2.0,1.0,70.0,1288.0,3.0
Super built-up  Area,Ready To Move,Thanisandra,2.0,2.0,54.11,1430.0,3.0
Super built-up  Area,18-Mar,Hulimavu,5.0,2.0,271.0,3035.0,3.0
Super built-up  Area,Ready To Move,Doddathoguru,1.0,1.0,25.5,750.0,1.0
Plot  Area,Ready To Move,Yelachenahalli,2.0,1.0,115.0,900.0,4.0
Plot  Area,18-Jun,Channasandra,3.0,1.0,67.77,1200.0,3.0
Super built-up  Area,Ready To Move,Electronic City,2.0,1.0,78.0,1500.0,3.0
Super built-up  Area,Ready To Move,Ambalipura,2.0,2.0,66.25,1230.0,2.0
Super built-up  Area,Ready To Move,Marathahalli,1.0,1.0,55.0,780.0,1.0
Built-up  Area,Ready To Move,Bannerghatta Road,2.0,1.0,80.0,1220.0,2.0
Super built-up  Area,Ready To Move,Kanakpura Road,2.0,2.0,43.0,1110.0,2.0
Super built-up  Area,Ready To Move,Yeshwanthpur Industrial Suburb,3.0,2.0,240.0,2100.0,3.0
Plot  Area,Ready To Move,Hosakerehalli,9.0,0.0,150.0,1380.0,9.0
Super built-up  Area,Ready To Move,Akshaya Nagar,3.0,2.0,85.0,1690.0,3.0
Super built-up  Area,Ready To Move,Bannerghatta Road,2.0,2.0,78.0,1130.0,2.0
Super built-up  Area,20-Dec,Electronic City,2.0,1.0,59.32,1213.0,2.0
Super built-up  Area,Ready To Move,Kengeri,2.0,2.0,45.0,900.0,2.0
Super built-up  Area,Ready To Move,Panathur,2.0,1.0,85.0,1199.0,2.0
Plot  Area,Ready To Move,Nandi Hills,4.0,2.0,290.0,5000.0,4.0
Super built-up  Area,18-Mar,Bhoganhalli,2.0,2.0,111.0,2072.5,4.0
Plot  Area,Ready To Move,Bellandur,8.0,0.0,100.0,700.0,7.0
Super built-up  Area,20-Dec,Uttarahalli,1.0,1.0,36.0,661.0,1.0
Super built-up  Area,19-Dec,Thanisandra main road,2.0,1.0,285.0,1804.0,2.0
Super built-up  Area,Ready To Move,Marathahalli,3.0,2.0,100.0,1710.0,3.0
Built-up  Area,Ready To Move,Kengeri Satellite Town,2.0,2.0,50.0,1030.0,2.0
Super built-up  Area,Ready To Move,Choodasandra,3.0,2.0,56.0,1220.0,3.0
Super built-up  Area,Ready To Move,Marathahalli,3.0,2.0,73.5,1530.0,3.0
Plot  Area,18-Apr,Ramamurthy Nagar,2.0,1.0,78.0,1200.0,2.0
Super built-up  Area,Ready To Move,Rajarajeshwari nagar,3.0,2.0,85.0,2000.0,3.0
Carpet  Area,Ready To Move,Nagarbhavi,1.0,1.0,20.0,300.0,1.0
Super built-up  Area,Ready To Move,Green Glen Layout,2.0,1.0,115.0,1751.0,3.0
Built-up  Area,Ready To Move,R.T. Nagar,1.0,0.0,170.0,800.0,2.0
Super built-up  Area,Ready To Move,Panathur,2.0,2.0,79.0,1255.0,2.0
Super built-up  Area,20-Nov,Whitefield,3.0,2.0,122.0,1778.0,3.0
Super built-up  Area,Ready To Move,Ashirvad Colony,2.0,1.0,45.0,1100.0,2.0
Super built-up  Area,Ready To Move,Hennur Road,2.0,2.0,65.0,1480.0,2.0
Super built-up  Area,17-Jul,Marathahalli,2.0,1.0,81.0,1358.0,2.0
Built-up  Area,Ready To Move,Electronics City Phase 1,1.0,1.0,27.0,580.0,1.0
Super built-up  Area,18-May,Choodasandra,2.0,1.0,63.0,1197.0,2.0
Plot  Area,Ready To Move,HRBR Layout,2.0,1.0,170.0,1200.0,4.0
Super built-up  Area,Ready To Move,Lingadheeranahalli,3.0,1.0,110.0,1705.0,3.0
Built-up  Area,18-Aug,Electronic City Phase II,2.0,1.0,37.83,1310.0,3.0
Super built-up  Area,21-Jul,Hoodi,2.0,0.0,67.9,1132.0,2.0
Plot  Area,Ready To Move,SMV layout,3.0,0.0,140.0,1200.0,3.0
Built-up  Area,Ready To Move,Peenya,2.0,1.0,55.0,814.0,2.0
Super built-up  Area,Ready To Move,Electronic City,3.0,2.0,90.0,1575.0,3.0
Super built-up  Area,Ready To Move,Pattandur Agrahara,2.0,1.0,66.0,1302.0,2.0
Plot  Area,Ready To Move,Sultan Palaya,8.0,1.0,175.0,1800.0,6.0
Super built-up  Area,18-Jan,Hegde Nagar,4.0,2.0,196.0,2006.8,3.0
Built-up  Area,Ready To Move,Saptagiri Layout,2.0,2.0,44.0,1100.0,2.0
Plot  Area,Ready To Move,Vijaya Bank Layout,5.0,2.0,400.0,2400.0,5.0
Super built-up  Area,Ready To Move,Doddabanahalli,2.0,2.0,37.0,830.0,2.0
Built-up  Area,Ready To Move, Electronic City,1.0,1.0,19.5,435.0,1.0
Super built-up  Area,Ready To Move,Mathikere,3.0,0.0,120.0,1590.0,3.0
Built-up  Area,18-Aug,Electronic City Phase II,2.0,1.0,33.06,1140.0,2.0
Super built-up  Area,Ready To Move,Kasavanhalli,2.0,2.0,59.8,1090.0,2.0
Super built-up  Area,Ready To Move,Thanisandra,3.0,3.0,106.0,1922.0,3.0
Super built-up  Area,Ready To Move,Thanisandra,2.0,1.0,67.0,965.0,2.0
Super built-up  Area,Ready To Move,Mysore Road,2.0,1.0,40.95,883.0,2.0
Super built-up  Area,Ready To Move,8th Phase JP Nagar,2.0,1.0,42.47,1062.0,2.0
Super built-up  Area,18-Oct,Electronic City Phase II,2.0,0.0,32.67,1089.0,2.0
Super built-up  Area,Ready To Move,Babusapalaya,2.0,1.0,43.1,1358.0,3.0
Super built-up  Area,22-Jun,Hoodi,2.0,1.0,87.0,1108.0,2.0
Super built-up  Area,17-Jun,Harlur,2.0,1.0,79.0,1197.0,2.0
Super built-up  Area,19-Jul,Sarjapur  Road,2.0,1.0,50.0,1190.0,2.0
Super built-up  Area,Ready To Move,Dairy Circle,6.0,2.0,430.0,3754.0,4.0
Super built-up  Area,21-Jun,Vijayanagar,3.0,1.0,117.0,1749.0,3.0
Plot  Area,Ready To Move,Sarjapur  Road,3.0,2.0,215.0,1750.0,4.0
Super built-up  Area,18-Aug,Kasavanhalli,3.0,2.0,104.0,1691.0,3.0
Built-up  Area,Ready To Move,Electronic City,3.0,2.0,100.0,1449.0,3.0
Super built-up  Area,Ready To Move,Bommanahalli,2.0,2.0,87.72,1625.0,3.0
Built-up  Area,Ready To Move,Whitefield,2.0,1.0,80.0,1400.0,2.0
Super built-up  Area,18-Dec,Electronic City,2.0,1.0,37.83,1310.0,3.0
Built-up  Area,18-May,Vijayabank bank layout,2.0,1.0,48.0,1100.0,2.0
Super built-up  Area,Ready To Move,Ramanjaneyanagar,2.0,2.0,53.51,1230.0,3.0
Super built-up  Area,Ready To Move,Green Glen Layout,3.0,2.0,130.0,1750.0,3.0
Super built-up  Area,Ready To Move,7th Phase JP Nagar,3.0,2.0,100.0,1450.0,3.0
Super built-up  Area,Ready To Move,Haralur Road,3.0,2.0,126.0,1810.0,3.0
Super built-up  Area,Ready To Move,Vittasandra,2.0,1.0,62.3,1246.0,2.0
Super built-up  Area,Ready To Move,Brookefield,3.0,2.0,85.0,1420.0,3.0
Super built-up  Area,21-Dec,Old Airport Road,5.0,3.0,187.0,2658.0,4.0
Super built-up  Area,18-Oct,6th block Koramangala,2.0,3.0,89.6,1450.0,3.0
Super built-up  Area,Ready To Move,D Group Employees Layout,4.0,1.0,230.0,1200.0,4.0
Built-up  Area,Ready To Move,Outer Ring Road East,2.0,2.0,62.0,1367.0,2.0
Built-up  Area,18-Aug,Talaghattapura,3.0,2.0,170.0,2254.0,3.0
Super built-up  Area,Ready To Move,Begur Road,2.0,2.0,42.0,1160.0,2.0
Plot  Area,Ready To Move,Sanjay nagar,4.0,0.0,185.0,1200.0,5.0
Super built-up  Area,Ready To Move,Kadugodi,3.0,3.0,75.0,1711.0,3.0
Plot  Area,Ready To Move,Hosahalli Extension,6.0,3.0,112.0,750.0,9.0
Super built-up  Area,Ready To Move,Raja Rajeshwari Nagar,2.0,2.0,37.97,1120.0,2.0
Super built-up  Area,Ready To Move,Kaggalipura,2.0,1.0,47.0,950.0,2.0
Built-up  Area,Ready To Move,Basavangudi,2.0,2.0,145.0,1560.0,2.0
Super built-up  Area,Ready To Move,1Channasandra,15.0,0.0,125.0,1250.0,14.0
Super built-up  Area,18-Aug,Kanakpura Road,2.0,2.0,60.0,1225.0,2.0
Plot  Area,Ready To Move,TC Palaya,2.0,0.0,66.0,1200.0,3.0
Built-up  Area,Ready To Move,Tala Cauvery Layout,2.0,3.0,77.0,1340.0,2.0
Super built-up  Area,Ready To Move,Sarjapur  Road,3.0,3.0,145.0,1846.0,3.0
Super built-up  Area,Ready To Move,Dodda Nekkundi,2.0,1.0,46.0,1155.0,2.0
Super built-up  Area,17-Jun,Balagere,2.0,1.0,70.0,1205.0,2.0
Super built-up  Area,Ready To Move,Thanisandra,2.0,1.0,36.0,1140.0,2.0
Super built-up  Area,Ready To Move,Raja Rajeshwari Nagar,2.0,2.0,38.65,1140.0,2.0
Super built-up  Area,Ready To Move,Jalahalli East,2.0,1.0,63.0,1300.0,3.0
Super built-up  Area,Ready To Move,Bellandur,2.0,2.0,60.0,1051.0,2.0
Super built-up  Area,Ready To Move,Uttarahalli,2.0,1.0,45.36,1134.0,2.0
Super built-up  Area,Ready To Move,Kodihalli,4.0,1.0,260.0,2500.0,3.0
Plot  Area,18-May,Yemlur,9.0,2.0,1900.0,12000.0,8.0
Built-up  Area,Ready To Move,Basavanapura,2.0,2.0,32.91,1135.0,2.0
Built-up  Area,Ready To Move,"Whitefield, ",3.0,2.0,77.0,1745.0,3.0
Plot  Area,Ready To Move,Banashankari,5.0,2.0,92.0,500.0,5.0
Super built-up  Area,Ready To Move,Kempegowda Nagar,3.0,2.0,105.0,1665.0,3.0
Super built-up  Area,17-Dec,Bellari Road,2.0,2.0,48.79,1220.0,2.0
Super built-up  Area,21-Feb,Kanakpura Road,3.0,2.0,113.0,1868.0,3.0
Built-up  Area,Ready To Move,Anandapura,3.0,0.0,45.0,640.0,3.0
Plot  Area,Ready To Move,Vaderahalli,4.0,2.0,200.0,2300.0,4.0
Super built-up  Area,20-Dec,Akshayanagara East,2.0,1.0,76.0,1210.0,2.0
Super built-up  Area,Ready To Move,Ambalipura,2.0,1.0,77.0,1351.0,2.0
Super built-up  Area,21-Dec,Hebbal,3.0,1.0,119.0,1636.0,3.0
Plot  Area,Ready To Move,R.T. Nagar,6.0,1.0,450.0,2400.0,5.0
Super built-up  Area,Ready To Move,Haralur Road,2.0,2.0,56.0,1464.0,2.0
Built-up  Area,Ready To Move,Attibele,1.0,1.0,12.0,418.0,1.0
Built-up  Area,Ready To Move,Kanakpura Road,2.0,2.0,62.0,1339.0,2.0
Super built-up  Area,18-Jul,Bannerghatta,4.0,2.0,195.0,2370.0,3.0
Super built-up  Area,Ready To Move,Rachenahalli,2.0,2.0,74.5,1530.0,3.0
Super built-up  Area,Ready To Move,Mallathahalli,2.0,1.0,46.0,1100.0,2.0
Super built-up  Area,Ready To Move,7th Phase JP Nagar,3.0,2.0,58.0,1350.0,3.0
Super built-up  Area,Ready To Move,Marathahalli,2.0,2.0,52.0,1290.0,2.0
Built-up  Area,18-Dec,Bommasandra Industrial Area,2.0,1.0,35.23,1220.0,3.0
Super built-up  Area,Ready To Move,Sarjapur  Road,3.0,2.0,155.0,1846.0,3.0
Super built-up  Area,Ready To Move,Hegde Nagar,3.0,2.0,135.0,1847.0,3.0
Plot  Area,Ready To Move,Whitefield,4.0,2.0,350.0,3100.0,4.0
Super built-up  Area,22-Jun,Hoodi,2.0,2.0,110.0,1430.0,2.0
Super built-up  Area,19-Dec,Old Madras Road,2.0,1.0,45.0,935.0,2.0
Plot  Area,Ready To Move,Attibele,3.0,1.0,85.0,1350.0,3.0
Built-up  Area,Ready To Move,Kammanahalli,3.0,1.0,60.0,540.0,3.0
Super built-up  Area,18-Sep,Hennur Road,3.0,2.0,96.5,1590.0,3.0
Built-up  Area,18-Apr,Peenya,3.0,1.0,67.0,1286.0,3.0
Built-up  Area,Ready To Move,Samethanahalli,2.0,2.0,40.0,1141.0,2.0
Super built-up  Area,Ready To Move,Shivaji Nagar,3.0,3.0,130.0,1554.0,2.0
Built-up  Area,Ready To Move,Hebbal,3.0,3.0,430.0,3520.0,3.0
Super built-up  Area,19-Jan,Malleshwaram,7.0,3.0,1700.0,7500.0,5.0
Super built-up  Area,Ready To Move,Harlur,3.0,2.0,112.0,1749.0,3.0
Plot  Area,Ready To Move,4th Phase JP Nagar,5.0,1.0,360.0,2250.0,5.0
Carpet  Area,Ready To Move,K R C kothanur,2.0,3.0,45.0,1140.0,2.0
Plot  Area,Ready To Move,Bommenahalli,3.0,1.0,128.0,1632.0,4.0
Super built-up  Area,Ready To Move,Ramamurthy Nagar,2.0,1.0,41.0,1000.0,3.0
Super built-up  Area,Ready To Move,Nyanappana Halli,2.0,1.0,58.0,1065.0,2.0
Super built-up  Area,18-Mar,Haralur Road,2.0,2.0,96.0,1520.0,3.0
Super built-up  Area,Ready To Move,Bisuvanahalli,2.0,1.0,43.0,1075.0,3.0
Built-up  Area,Ready To Move,Srirampuram,7.0,3.0,115.0,5.0,7.0
Built-up  Area,Ready To Move,Gubbalala,2.0,2.0,52.36,1539.0,3.0
Super built-up  Area,Ready To Move,Sector 7 HSR Layout,2.0,2.0,115.0,1342.0,2.0
Super built-up  Area,Ready To Move,HBR Layout,2.0,1.0,49.0,1004.0,2.0
Super built-up  Area,Ready To Move,Ramagondanahalli,2.0,2.0,95.0,1295.0,2.0
Super built-up  Area,17-Oct,Thanisandra,2.0,1.0,74.0,1098.0,2.0
Super built-up  Area,Ready To Move,Kothanur,2.0,1.0,45.5,1070.0,2.0
Super built-up  Area,Ready To Move,Hosa Road,2.0,2.0,40.0,1016.0,2.0
Built-up  Area,Ready To Move,Bellandur,3.0,1.0,68.0,1450.0,3.0
Super built-up  Area,18-Apr,Yelahanka,1.0,1.0,37.0,654.0,1.0
Super built-up  Area,Ready To Move,Koramangala,4.0,2.0,775.0,5985.0,4.0
Super built-up  Area,18-Aug,Yelachenahalli,2.0,2.0,38.0,1080.0,2.0
Super built-up  Area,21-Jun,Vijayanagar,2.0,1.0,75.0,1046.0,2.0
Super built-up  Area,Ready To Move,Domlur,3.0,3.0,165.0,1950.0,3.0
Super built-up  Area,18-Jul,Bhoganhalli,3.0,1.0,84.53,1610.0,3.0
Super built-up  Area,Ready To Move,Doddakallasandra,3.0,2.0,115.0,2493.0,3.0
Super built-up  Area,18-May,Ramagondanahalli,2.0,2.0,50.5,1151.0,2.0
Super built-up  Area,Ready To Move,Electronic City,2.0,1.0,58.0,1125.0,2.0
Super built-up  Area,18-Mar,Kammasandra,2.0,2.0,25.79,992.0,2.0
Super built-up  Area,Ready To Move,1st Block Jayanagar,3.0,2.0,60.0,1000.0,2.0
Plot  Area,Ready To Move,Banashankari Stage II,3.0,2.0,510.0,2400.0,5.0
Super built-up  Area,Ready To Move,Bommanahalli,3.0,2.0,90.0,1850.0,3.0
Super built-up  Area,Ready To Move,Harlur,2.0,1.0,75.0,1174.0,2.0
Super built-up  Area,18-Mar,Hebbal,2.0,2.0,226.5,2661.0,3.0
Super built-up  Area,Ready To Move,Sultan Palaya,2.0,1.0,45.0,1100.0,2.0
Super built-up  Area,Ready To Move,Raja Rajeshwari Nagar,2.0,1.0,38.33,1095.0,2.0
Super built-up  Area,20-Dec,Banashankari,3.0,1.0,411.0,3580.0,3.0
Plot  Area,18-Mar,Choodasandra,4.0,3.0,155.0,900.0,3.0
Super built-up  Area,Ready To Move,Kengeri Hobli,2.0,0.0,42.0,1082.0,3.0
Super built-up  Area,Ready To Move,Uttarahalli,2.0,3.0,47.24,1350.0,3.0
Super built-up  Area,17-Dec,Kadugodi,2.0,2.0,78.0,1314.0,2.0
Super built-up  Area,18-May,Maithri Layout,2.0,3.0,40.63,1290.0,2.0
Super built-up  Area,Ready To Move,Kaggadasapura,2.0,2.0,55.0,1010.0,2.0
Built-up  Area,Ready To Move,Shivaji Nagar,2.0,0.0,110.0,2200.0,2.0
Built-up  Area,Ready To Move,"Sarjapur Road, ",3.0,2.0,97.0,1636.0,3.0
Super built-up  Area,18-Jul,9th Phase JP Nagar,2.0,2.0,39.0,1050.0,2.0
Plot  Area,Ready To Move,7th Phase JP Nagar,2.0,2.0,200.0,1200.0,2.0
Super built-up  Area,18-Aug,Haralur Road,2.0,2.0,125.0,1520.0,3.0
Super built-up  Area,Ready To Move,5th Phase JP Nagar,5.0,2.0,110.0,2500.0,5.0
Super built-up  Area,20-Aug,Sarjapur  Road,2.0,1.0,60.0,1067.0,2.0
Built-up  Area,Ready To Move,NRI Layout,2.0,2.0,35.0,1060.0,2.0
Super built-up  Area,18-Mar,Bommasandra,2.0,1.0,35.28,955.0,2.0
Super built-up  Area,Ready To Move,Thigalarapalya,2.0,2.0,104.0,1418.0,2.0
Plot  Area,Ready To Move,8th Phase JP Nagar,8.0,2.0,225.0,1200.0,9.0
Built-up  Area,Ready To Move,Anekal,1.0,0.0,19.4,700.0,2.0
Super built-up  Area,18-Dec,Kanakpura Road,2.0,1.0,83.0,1366.0,2.0
Built-up  Area,Ready To Move,Electronic City,2.0,2.0,35.03,1090.0,2.0
Built-up  Area,Ready To Move,Jigani,3.0,2.0,58.0,1250.0,3.0
Super built-up  Area,Ready To Move,Richards Town,4.0,3.0,450.0,3600.0,4.0
Super built-up  Area,21-Aug,Electronics City Phase 1,2.0,1.0,33.0,950.0,2.0
Super built-up  Area,Ready To Move,Indira Nagar,2.0,2.0,170.0,1470.0,2.0
Super built-up  Area,Ready To Move,Yelahanka,2.0,2.0,40.0,1250.0,2.0
Plot  Area,Ready To Move,HBR Layout,4.0,1.0,180.0,800.0,4.0
Super built-up  Area,Ready To Move,Badavala Nagar,2.0,2.0,94.55,1494.0,3.0
Built-up  Area,18-May,Hennur Road,2.0,1.0,105.0,1445.0,3.0
Super built-up  Area,Ready To Move,Kundalahalli,3.0,3.0,105.0,1397.0,3.0
Super built-up  Area,19-Dec,Vijayanagar,1.0,1.0,40.0,606.0,1.0
Built-up  Area,Ready To Move,Gollarapalya Hosahalli,2.0,1.0,34.5,861.0,2.0
Super built-up  Area,Ready To Move, Devarachikkanahalli,2.0,2.0,40.0,1170.0,2.0
Super built-up  Area,18-Dec,Koramangala,6.0,2.0,353.0,2461.0,4.0
Super built-up  Area,Ready To Move,Marathahalli,2.0,1.0,75.0,1205.0,2.0
Plot  Area,Ready To Move,Cottonpet,4.0,0.0,200.0,1224.0,8.0
Built-up  Area,Ready To Move,Rajaji Nagar,1.0,0.0,75.0,660.0,1.0
Super built-up  Area,Ready To Move,Dommasandra,2.0,2.0,43.5,1153.0,2.0
Plot  Area,Ready To Move,OMBR Layout,5.0,3.0,275.0,2400.0,5.0
Super built-up  Area,18-May,Old Madras Road,7.0,3.0,294.0,4500.0,5.0
Super built-up  Area,Ready To Move,Vijayanagar,2.0,2.0,62.0,1200.0,2.0
Built-up  Area,Ready To Move,Vignana Nagar,3.0,3.0,42.0,1450.0,3.0
Super built-up  Area,Ready To Move,Budigere,2.0,2.0,60.0,1139.0,2.0
Super built-up  Area,Ready To Move,Green Glen Layout,3.0,2.0,105.0,1530.0,3.0
Plot  Area,18-Feb,2nd Block Jayanagar,6.0,2.0,400.0,825.0,6.0
Super built-up  Area,Ready To Move,Electronic City,3.0,3.0,101.0,1575.0,3.0
Super built-up  Area,Ready To Move,Whitefield,1.0,1.0,25.0,650.0,1.0
Super built-up  Area,18-Apr,Sai Gardens,2.0,2.0,40.0,1120.0,2.0
Super built-up  Area,Ready To Move,Akshaya Nagar,3.0,1.0,80.0,1700.0,3.0
Super built-up  Area,Ready To Move,Varthur,2.0,2.0,48.0,1090.0,2.0
Super built-up  Area,Ready To Move,Akshaya Nagar,4.0,2.0,93.0,1897.0,3.0
Plot  Area,18-Feb,Nelamangala,3.0,2.0,72.0,1200.0,3.0
Super built-up  Area,21-Dec,Kanakpura Road,2.0,1.0,40.0,700.0,2.0
Super built-up  Area,21-Dec,Thanisandra,2.0,1.0,71.13,1437.0,2.0
Super built-up  Area,Ready To Move,Ambedkar Nagar,3.0,1.0,120.0,1856.0,3.0
Plot  Area,Ready To Move,Singanayakanahalli,2.0,0.0,65.0,1500.0,3.0
Super built-up  Area,18-Dec,Hennur Road,2.0,1.0,59.45,1036.0,2.0
Super built-up  Area,Ready To Move,Attur Layout,8.0,2.0,90.0,3000.0,6.0
Super built-up  Area,Ready To Move,Mico Layout,2.0,2.0,40.0,1125.0,2.0
Super built-up  Area,18-Oct,Uttarahalli,2.0,3.0,55.44,1320.0,3.0
Super built-up  Area,Ready To Move,Malleshwaram,4.0,1.0,310.0,2215.0,3.0
Super built-up  Area,Ready To Move,Electronic City,1.0,1.0,16.0,660.0,2.0
Super built-up  Area,Ready To Move,Marathahalli,3.0,3.0,110.0,1730.0,3.0
Plot  Area,Ready To Move,Mahalakshmi Puram,4.0,0.0,85.0,750.0,4.0
Super built-up  Area,21-Dec,Talaghattapura,3.0,1.0,115.0,1804.0,3.0
Super built-up  Area,19-May,Thanisandra,3.0,2.0,140.0,1795.0,3.0
Super built-up  Area,Ready To Move,7th Phase JP Nagar,2.0,1.0,50.0,1050.0,2.0
Super built-up  Area,Ready To Move,Dasarahalli,3.0,3.0,120.0,2100.0,3.0
Built-up  Area,Ready To Move,Rayasandra,2.0,1.0,48.5,1199.0,3.0
Plot  Area,Ready To Move,SBM Colony,2.0,2.0,280.0,1350.0,3.0
Super built-up  Area,Ready To Move,Vignana Nagar,2.0,2.0,47.0,1100.0,2.0
Plot  Area,Ready To Move,Udaya Nagar,1.0,1.0,75.0,1000.0,2.0
Super built-up  Area,22-Mar,Kanakapura,2.0,2.0,70.0,1254.0,3.0
Plot  Area,18-Apr,Medahalli,8.0,2.0,70.0,600.0,8.0
Built-up  Area,Ready To Move,Electronics City Phase 1,2.0,2.0,49.0,940.0,2.0
Built-up  Area,Ready To Move,BTM 2nd Stage,2.0,2.0,80.0,1280.0,2.0
Super built-up  Area,Ready To Move,Whitefield,3.0,3.0,125.0,2155.0,4.0
Built-up  Area,Ready To Move,Sarjapur  Road,5.0,3.0,140.0,3200.0,5.0
Super built-up  Area,18-Oct,Kasavanhalli,4.0,3.0,272.0,4260.0,4.0
Super built-up  Area,20-Aug,Hebbal,2.0,1.0,95.0,1255.0,3.0
Super built-up  Area,Ready To Move,Suraksha Nagar,3.0,3.0,69.99,1388.0,3.0
Built-up  Area,17-Jun, Whitefield,1.0,1.0,52.0,905.0,1.0
Super built-up  Area,Ready To Move,VGP Layout,2.0,2.0,44.0,1176.0,2.0
Super built-up  Area,Ready To Move,Uttarahalli,2.0,2.0,61.16,1390.0,3.0
Plot  Area,Ready To Move,Giri Nagar,4.0,2.0,400.0,2400.0,4.0
Super built-up  Area,Ready To Move,Sahakara Nagar,2.0,1.0,55.0,1160.0,2.0
Super built-up  Area,Ready To Move,Seegehalli,4.0,3.0,140.0,2800.0,4.0
Plot  Area,Ready To Move,5th Block Hbr Layout,4.0,2.0,205.0,1200.0,4.0
Super built-up  Area,Ready To Move,Marathahalli,3.0,3.0,115.0,1583.0,3.0
Super built-up  Area,Ready To Move,Jigani,3.0,2.0,63.0,1252.0,3.0
Built-up  Area,Ready To Move,Rustam Bagh Layout,2.0,2.0,86.0,1170.0,2.0
Built-up  Area,Ready To Move,Bannerghatta Road,2.0,2.0,51.0,1350.0,3.0
Super built-up  Area,Ready To Move,Gottigere,2.0,2.0,30.0,1075.0,2.0
Built-up  Area,Ready To Move,Hosa Road,2.0,2.0,40.0,972.0,2.0
Super built-up  Area,19-Jan,Bannerghatta Road,3.0,1.0,83.22,1486.0,3.0
Plot  Area,Ready To Move,Margondanahalli,1.0,0.0,37.0,555.0,2.0
Plot  Area,Ready To Move,Vaishnavi Layout,5.0,1.0,390.0,4830.0,4.0
Built-up  Area,Ready To Move,Cottonpet,2.0,1.0,75.0,850.0,2.0
Super built-up  Area,20-Dec,Binny Pete,3.0,2.0,178.0,1282.0,3.0
Super built-up  Area,19-Jun,Hebbal,4.0,3.0,198.0,2790.0,4.0
Super built-up  Area,Ready To Move,Sarjapur  Road,5.0,1.0,215.0,2383.0,4.0
Carpet  Area,Ready To Move,Naganathapura,2.0,1.0,55.0,1103.0,2.0
Super built-up  Area,Ready To Move,Rayasandra,3.0,2.0,67.0,1577.0,3.0
Built-up  Area,Ready To Move,Yelahanka,3.0,2.0,80.01,1465.0,3.0
Built-up  Area,Ready To Move,Vimanapura,3.0,1.0,64.0,1600.0,3.0
Built-up  Area,Ready To Move,Uttarahalli,2.0,2.0,45.0,1090.0,2.0
Super built-up  Area,19-Dec,Yelahanka,3.0,3.0,80.86,1721.0,3.0
Built-up  Area,Ready To Move,Seetharampalya,2.0,1.0,55.0,1100.0,2.0
Super built-up  Area,Ready To Move,Varthur,3.0,2.0,71.0,1450.0,3.0
Super built-up  Area,Ready To Move,Battarahalli,2.0,1.0,62.0,1071.0,2.0
Super built-up  Area,Ready To Move,Old Madras Road,3.0,2.0,169.0,2266.0,3.0
Super built-up  Area,Ready To Move,Kundalahalli Colony,3.0,2.0,130.0,2065.0,3.0
Built-up  Area,Ready To Move,Kanakpura Road,3.0,2.0,90.0,1800.0,3.0
Built-up  Area,Ready To Move,Defence Colony,2.0,2.0,125.0,1150.0,2.0
Plot  Area,Ready To Move,Housing Board Layout Vijay Nagar,8.0,2.0,220.0,1200.0,8.0
Super built-up  Area,Ready To Move,Hormavu,2.0,1.0,56.0,1123.0,2.0
Super built-up  Area,Ready To Move,Akshaya Nagar,3.0,3.0,98.0,1884.0,3.0
Plot  Area,Ready To Move,1st Block Jayanagar,4.0,2.0,85.0,930.0,7.0
Super built-up  Area,Ready To Move,Lakshminarayana Pura,2.0,1.0,75.0,1145.0,2.0
Super built-up  Area,18-Apr,Hebbal,2.0,2.0,60.0,1328.0,3.0
Super built-up  Area,Ready To Move,Subramanyapura,2.0,1.0,55.0,950.0,2.0
Super built-up  Area,Ready To Move,Thomas Town,2.0,2.0,59.0,1250.0,2.0
Built-up  Area,Ready To Move,Pragathi Nagar,2.0,0.0,46.0,1115.0,2.0
Super built-up  Area,Ready To Move,Gollarapalya Hosahalli,3.0,1.0,54.0,1318.0,3.0
Built-up  Area,Ready To Move,JP Nagar,4.0,3.0,160.0,3300.0,3.0
Super built-up  Area,Ready To Move,Kalyan nagar,2.0,1.0,48.0,1280.0,2.0
Super built-up  Area,Ready To Move,Whitefield,2.0,2.0,59.0,1230.0,2.0
Super built-up  Area,Ready To Move,Raja Rajeshwari Nagar,2.0,2.0,60.0,1420.0,3.0
Built-up  Area,Ready To Move,Kasavanhalli,4.0,3.0,120.0,2111.0,3.0
Super built-up  Area,Ready To Move,Vidyaranyapura,2.0,1.0,54.0,1100.0,2.0
Super built-up  Area,Ready To Move,Harlur,3.0,2.0,136.0,1750.0,3.0
Built-up  Area,Ready To Move,RMV 2nd Stage,4.0,2.0,290.0,2550.0,3.0
Super built-up  Area,Ready To Move,Shampura,1.0,2.0,35.0,700.0,2.0
Super built-up  Area,Ready To Move,Uttarahalli,2.0,1.0,42.0,1050.0,2.0
Super built-up  Area,Ready To Move,Uttarahalli,2.0,3.0,90.0,1235.0,2.0
Plot  Area,Ready To Move,Yeshwanthpur,2.0,0.0,63.0,1200.0,2.0
Super built-up  Area,Ready To Move,Kengeri,2.0,0.0,30.0,900.0,2.0
Super built-up  Area,Ready To Move,Thanisandra,2.0,1.0,38.0,1146.0,2.0
Plot  Area,Ready To Move,Yeshwanthpur,4.0,1.0,110.0,1200.0,4.0
Super built-up  Area,Ready To Move,Banashankari,1.0,1.0,200.0,2400.0,1.0
Plot  Area,Ready To Move,Marathahalli,5.0,2.0,108.0,1200.0,6.0
Built-up  Area,Ready To Move,Devarachikkanahalli,1.0,1.0,24.0,615.0,1.0
Super built-up  Area,19-Apr,Mysore Road,2.0,1.0,49.65,1070.0,2.0
Plot  Area,Ready To Move,Rajaji Nagar,5.0,2.0,300.0,1538.0,5.0
Super built-up  Area,Ready To Move,Poorna Pragna Layout,2.0,3.0,58.25,1355.0,3.0
Built-up  Area,Ready To Move,Venkatapura,2.0,1.0,285.0,3080.0,4.0
Super built-up  Area,Ready To Move,Kundalahalli,3.0,3.0,80.0,1800.0,3.0
Built-up  Area,Ready To Move,Begur Road,2.0,3.0,50.06,1400.0,3.0
Super built-up  Area,Ready To Move,Uttarahalli,2.0,1.0,48.0,1123.0,2.0
Plot  Area,Ready To Move,Konanakunte,2.0,1.0,130.0,1200.0,4.0
Built-up  Area,Ready To Move,Kengeri,2.0,1.0,31.0,787.0,2.0
Super built-up  Area,Ready To Move,Kambipura,2.0,1.0,45.0,1082.0,3.0
Super built-up  Area,Ready To Move,Seegehalli,2.0,1.0,41.0,1096.0,2.0
Plot  Area,Ready To Move,Vidyaranyapura,7.0,2.0,140.0,1200.0,7.0
Plot  Area,Ready To Move,R.T. Nagar,3.0,1.0,130.0,1140.0,3.0
Carpet  Area,Ready To Move,Venugopal Reddy Layout,2.0,1.0,52.0,1130.0,2.0
Built-up  Area,Ready To Move,Electronic City,1.0,1.0,12.0,550.0,1.0
Super built-up  Area,Ready To Move,Mahadevpura,2.0,2.0,85.0,1058.0,2.0
Built-up  Area,Ready To Move,Hebbal,2.0,1.0,73.0,1269.0,3.0
Plot  Area,Ready To Move,Prithvi Layout,3.0,2.0,140.0,946.0,3.0
Super built-up  Area,Ready To Move,4th Block Koramangala,6.0,2.0,420.0,3400.0,4.0
Super built-up  Area,19-Jan,Kanakpura Road,6.0,2.0,245.0,2689.0,4.0
Super built-up  Area,18-Oct,Hennur Road,3.0,3.0,65.21,1976.0,3.0
Super built-up  Area,Ready To Move,Kothanur,3.0,3.0,77.0,1820.0,3.0
Super built-up  Area,Ready To Move,Uttarahalli,2.0,1.0,56.0,1329.0,3.0
Super built-up  Area,Ready To Move,Kathriguppe,2.0,1.0,80.99,1350.0,3.0
Plot  Area,Ready To Move,Nagarbhavi,3.0,0.0,175.0,1250.0,4.0
Super built-up  Area,Ready To Move,Whitefield,2.0,1.0,40.0,1205.0,2.0
Plot  Area,Ready To Move,Manganahalli,6.0,2.0,98.0,800.0,6.0
Super built-up  Area,Ready To Move,Kanakpura Road,2.0,2.0,71.5,1339.0,2.0
Super built-up  Area,Ready To Move,Uttarahalli,2.0,0.0,35.0,938.0,2.0
Super built-up  Area,Ready To Move,Kuvempu Nagar,1.0,1.0,25.0,450.0,1.0
Built-up  Area,Ready To Move,BTM 2nd Stage,2.0,2.0,70.0,1100.0,2.0
Built-up  Area,Ready To Move,2nd Stage Nagarbhavi,3.0,1.0,95.0,600.0,4.0
Super built-up  Area,Ready To Move,Yelahanka,2.0,1.0,40.0,1060.0,2.0
Super built-up  Area,Ready To Move,Whitefield,2.0,2.0,40.0,1125.0,2.0
Built-up  Area,Ready To Move,Whitefield,1.0,0.0,21.0,810.0,1.0
Super built-up  Area,Ready To Move,Bellandur,2.0,1.0,65.0,1060.0,2.0
Plot  Area,Ready To Move,Anandapura,4.0,0.0,90.0,1749.0,4.0
Super built-up  Area,Ready To Move,Sahakara Nagar,2.0,2.0,75.0,1200.0,3.0
Super built-up  Area,Ready To Move,Cleveland Town,2.0,1.0,85.0,1100.0,2.0
Super built-up  Area,18-May,Rachenahalli,1.0,0.0,32.64,680.0,1.0
Plot  Area,Ready To Move,Jalahalli East,4.0,2.0,48.0,720.0,4.0
Plot  Area,Ready To Move,Gunjur,7.0,2.0,950.0,6613.0,5.0
Super built-up  Area,Ready To Move,Hoodi,3.0,3.0,110.0,1925.0,3.0
Built-up  Area,Ready To Move,Kengeri,1.0,1.0,25.0,502.0,1.0
Built-up  Area,Ready To Move,Bommenahalli,3.0,0.0,250.0,3339.0,3.0
Built-up  Area,Ready To Move,Begur,2.0,2.0,74.0,1475.0,3.0
Super built-up  Area,18-Aug,Indra Nagar,3.0,2.0,258.0,1550.0,3.0
Super built-up  Area,18-Apr,Peenya,2.0,1.0,49.0,966.0,2.0
Plot  Area,Ready To Move,t.c palya,6.0,3.0,160.0,1350.0,6.0
Super built-up  Area,Ready To Move,Haralur Road,2.0,2.0,75.0,1300.0,2.0
Plot  Area,Ready To Move,Bagalur Main Road,4.0,1.0,350.0,4400.0,5.0
Super built-up  Area,21-May,Kogilu,3.0,2.0,120.0,1559.0,3.0
Super built-up  Area,Ready To Move,Vittasandra,2.0,1.0,63.0,1246.0,2.0
Plot  Area,Ready To Move,Rajaji Nagar,3.0,0.0,950.0,2790.0,3.0
Super built-up  Area,Ready To Move,Begur Road,2.0,3.0,53.58,1410.0,3.0
Plot  Area,Ready To Move,Varthur Road,3.0,0.0,75.0,1300.0,4.0
Super built-up  Area,Ready To Move,Kanakpura Road,2.0,2.0,58.0,1339.0,2.0
Plot  Area,Ready To Move,Ilyas Nagar,4.0,1.0,75.0,900.0,4.0
Super built-up  Area,Ready To Move,Channasandra,2.0,1.0,35.5,1104.0,2.0
Built-up  Area,Ready To Move,Sultan Palaya,2.0,2.0,45.0,900.0,2.0
Built-up  Area,Ready To Move,3rd Phase JP Nagar,2.0,2.0,79.0,1550.0,3.0
Super built-up  Area,20-Dec,Kanakpura Road,1.0,1.0,35.0,670.0,1.0
Super built-up  Area,19-Dec,Jakkur,2.0,1.0,98.0,1483.0,2.0
Super built-up  Area,Ready To Move,Basapura,2.0,2.0,70.0,1540.0,3.0
Plot  Area,Ready To Move,Naganathapura,7.0,3.0,100.0,1200.0,8.0
Super built-up  Area,Ready To Move,Hennur,2.0,1.0,54.5,1255.0,2.0
Plot  Area,Ready To Move,OMBR Layout,3.0,2.0,100.0,600.0,3.0
Super built-up  Area,Ready To Move,Jayanagar,2.0,2.0,110.0,1036.0,2.0
Super built-up  Area,Ready To Move,Bannerghatta Road,2.0,2.0,75.0,1460.0,3.0
Super built-up  Area,Ready To Move,Devarachikkanahalli,2.0,1.0,58.0,1230.0,2.0
Built-up  Area,Ready To Move,Kanakpura Road,2.0,2.0,60.0,1340.0,2.0
Built-up  Area,Ready To Move,Yelenahalli,3.0,3.0,61.37,1600.0,3.0
Built-up  Area,18-Apr,Hegde Nagar,3.0,1.0,200.0,2162.0,3.0
Super built-up  Area,Ready To Move,Electronic City,2.0,2.0,40.0,919.0,2.0
Super built-up  Area,18-Aug,4th Phase JP Nagar,2.0,2.0,38.9,1070.0,2.0
Super built-up  Area,Ready To Move,Hosur Road,2.0,3.0,85.0,1733.0,3.0
Super built-up  Area,Ready To Move,Jigani,3.0,3.0,72.0,1221.0,3.0
Super built-up  Area,Ready To Move,kanakapura main road,2.0,1.0,36.44,1041.0,2.0
Built-up  Area,Ready To Move,Ambalipura,4.0,2.0,149.0,2550.0,4.0
Built-up  Area,Ready To Move,Shampura,3.0,1.0,70.0,1400.0,3.0
Plot  Area,Ready To Move,Anjanapura,2.0,0.0,55.0,600.0,1.0
Built-up  Area,Ready To Move,Nagarbhavi,2.0,2.0,40.0,710.0,1.0
Super built-up  Area,18-Apr,Electronic City,2.0,1.0,78.25,1500.0,3.0
Super built-up  Area,Ready To Move,Thigalarapalya,6.0,2.0,237.0,3122.0,4.0
Super built-up  Area,Ready To Move,Akshaya Nagar,3.0,3.0,175.0,2061.0,3.0
Plot  Area,Ready To Move,Brookefield,5.0,2.0,325.0,2400.0,5.0
Super built-up  Area,19-Dec,Hebbal,2.0,1.0,95.0,1255.0,3.0
Super built-up  Area,Ready To Move,Malleshwaram,7.0,3.0,140.0,2425.0,7.0
Super built-up  Area,Ready To Move,Electronic City Phase II,2.0,1.0,55.0,1031.0,2.0
Super built-up  Area,18-Jul,Balagere,2.0,1.0,74.0,1210.0,2.0
Super built-up  Area,Ready To Move,Anjanapura,2.0,1.0,40.0,950.0,2.0
Plot  Area,Ready To Move,Nagaraja Garden,4.0,1.0,156.0,1376.0,4.0
Super built-up  Area,18-Dec,Hosa Road,2.0,1.0,55.15,1161.0,2.0
Super built-up  Area,Ready To Move,Raja Rajeshwari Nagar,2.0,2.0,44.17,1303.0,2.0
Super built-up  Area,Ready To Move,Thigalarapalya,2.0,2.0,105.0,1418.0,2.0
Plot  Area,Ready To Move,Kengeri Satellite Town,2.0,1.0,65.0,1200.0,2.0
Super built-up  Area,Ready To Move,Basavangudi,3.0,2.0,175.0,1825.0,3.0
Built-up  Area,Ready To Move,Bannerghatta Road,2.0,0.0,48.0,1015.0,2.0
Carpet  Area,Ready To Move,Mathikere,2.0,0.0,60.0,1150.0,3.0
Super built-up  Area,Ready To Move,Singasandra,2.0,1.0,40.0,1010.0,2.0
Super built-up  Area,Ready To Move,Reliaable Tranquil Layout,3.0,1.0,75.0,1508.0,3.0
Super built-up  Area,Ready To Move,7th Phase JP Nagar,2.0,1.0,87.0,1275.0,2.0
Built-up  Area,Ready To Move,7th Phase JP Nagar,3.0,1.0,70.0,1460.0,3.0
Super built-up  Area,Ready To Move,Old Airport Road,2.0,2.0,58.0,946.0,2.0
Super built-up  Area,Ready To Move,Vignana Nagar,2.0,2.0,58.0,1110.0,2.0
Super built-up  Area,Ready To Move,Hennur Road,3.0,1.0,125.0,1832.0,3.0
Super built-up  Area,18-Apr,Hebbal,2.0,2.0,61.45,1088.0,2.0
Super built-up  Area,Ready To Move,Thanisandra,3.0,1.0,104.0,1564.0,3.0
Super built-up  Area,18-Jan,Kadugodi,2.0,1.0,35.02,1030.0,2.0
Super built-up  Area,Ready To Move,9th Phase JP Nagar,2.0,0.0,27.0,660.0,2.0
Super built-up  Area,Ready To Move,Sarjapur  Road,3.0,1.0,95.0,1700.0,3.0
Plot  Area,Ready To Move,BTM 1st Stage,5.0,2.0,121.0,1100.0,4.0
Super built-up  Area,18-Feb,Panathur,2.0,2.0,62.9,1205.0,2.0
Super built-up  Area,Ready To Move,Lottegolla Halli,3.0,2.0,90.0,1950.0,3.0
Super built-up  Area,18-May,Devanahalli Int. Airport,2.0,1.0,62.0,1080.0,2.0
Built-up  Area,Ready To Move,Ardendale,4.0,2.0,140.0,2800.0,4.0
Super built-up  Area,19-Jan,Mailasandra,2.0,1.0,43.66,999.0,2.0
Plot  Area,Ready To Move,Basvasamithi Layout Vidyaranyapura,4.0,3.0,175.0,900.0,4.0
Super built-up  Area,19-Jul,Kanakpura Road,2.0,1.0,89.76,1300.0,2.0
Super built-up  Area,Ready To Move,HRBR Layout,2.0,1.0,78.0,1265.0,2.0
Built-up  Area,Ready To Move,Attibele,2.0,2.0,42.0,1200.0,2.0
Super built-up  Area,18-Mar,Bhoganhalli,4.0,0.0,106.0,1974.0,4.0
Super built-up  Area,Ready To Move,Chelekare,2.0,2.0,40.0,1180.0,2.0
Super built-up  Area,Ready To Move,Amruthahalli,2.0,3.0,63.0,1350.0,3.0
Super built-up  Area,Ready To Move,Kodichikkanahalli,2.0,2.0,65.0,1560.0,3.0
Plot  Area,Ready To Move,8th Block Jayanagar,2.0,0.0,650.0,2800.0,2.0
Super built-up  Area,18-Aug,Hosakerehalli,2.0,1.0,41.23,1085.0,2.0
Super built-up  Area,Ready To Move,Vijayanagar,2.0,2.0,75.0,1300.0,3.0
Super built-up  Area,Ready To Move,Marathahalli,3.0,2.0,56.0,1600.0,3.0
Super built-up  Area,Ready To Move,Atmananda Colony,2.0,2.0,55.0,1127.0,2.0
Super built-up  Area,Ready To Move,Kengeri Satellite Town,2.0,2.0,32.0,795.0,2.0
Super built-up  Area,Ready To Move,Nagarbhavi,3.0,2.0,88.0,1850.0,3.0
Built-up  Area,18-Jul,Bommasandra Industrial Area,2.0,1.0,29.45,1020.0,2.0
Built-up  Area,Ready To Move,Doopanahalli,2.0,1.0,200.0,1475.0,3.0
Plot  Area,Ready To Move,Baba Nagar,3.0,3.0,96.25,1200.0,3.0
Super built-up  Area,Ready To Move,Uttarahalli,2.0,1.0,47.0,1345.0,3.0
Super built-up  Area,19-Nov,Kaikondrahalli,2.0,1.0,25.4,849.0,2.0
Super built-up  Area,19-Sep,Kanakpura Road,3.0,2.0,135.0,1706.0,3.0
Super built-up  Area,19-Dec,Yelahanka,4.0,1.0,180.0,2100.0,4.0
Super built-up  Area,Ready To Move,Nagadevanahalli,2.0,2.0,65.0,1250.0,3.0
Built-up  Area,Ready To Move,Kanakpura Road,3.0,3.0,63.58,1260.0,3.0
Super built-up  Area,Ready To Move,Horamavu Agara,2.0,1.0,65.0,1265.0,3.0
Super built-up  Area,17-Nov,Abbigere,2.0,1.0,45.0,1260.0,3.0
Super built-up  Area,18-Dec,Jalahalli,2.0,1.0,58.0,1045.0,2.0
Super built-up  Area,Ready To Move,Hebbal Kempapura,4.0,2.0,495.0,3895.0,4.0
Super built-up  Area,18-May, Rachenahalli,1.0,0.0,19.8,412.5,1.0
Super built-up  Area,17-Jun,Bellandur,2.0,3.0,62.0,1100.0,2.0
Super built-up  Area,19-Sep,Kudlu Gate,2.0,1.0,50.0,1113.0,2.0
Super built-up  Area,18-Dec,Old Airport Road,4.0,3.0,208.0,2774.0,4.0
Built-up  Area,Ready To Move,Varthur,2.0,1.0,60.0,1210.0,2.0
Super built-up  Area,Ready To Move,Kogilu,1.0,1.0,30.84,700.0,1.0
Super built-up  Area,18-May,Kanakpura Road,2.0,1.0,55.5,1155.0,2.0
Super built-up  Area,22-Jun,Hoodi,2.0,1.0,89.0,1132.0,2.0
Super built-up  Area,18-Jan,Hennur Road,2.0,2.0,104.0,1359.0,2.0
Super built-up  Area,Ready To Move,Byatarayanapura,3.0,2.0,200.0,2631.0,4.0
Super built-up  Area,Ready To Move,Kothanur,2.0,2.0,56.0,1145.0,2.0
Built-up  Area,Ready To Move,5th Phase JP Nagar,1.0,1.0,30.0,600.0,1.0
Plot  Area,Ready To Move,Laggere,1.0,1.0,125.0,1200.0,1.0
Built-up  Area,Ready To Move,Mahalakshmi Puram,2.0,1.0,60.0,830.0,2.0
Super built-up  Area,Ready To Move,HSR Layout,2.0,2.0,56.0,1009.0,2.0
Super built-up  Area,Ready To Move,Basavangudi,3.0,2.0,195.0,1800.0,3.0
Super built-up  Area,Ready To Move,Yelahanka,2.0,2.0,52.71,1226.0,2.0
Super built-up  Area,Ready To Move,Badrappa Layout,2.0,2.0,88.0,1500.0,2.0
Super built-up  Area,Ready To Move,Electronic City,2.0,1.0,79.0,1363.0,2.0
Built-up  Area,Ready To Move,Poorna Pragna Layout,2.0,1.0,240.0,1400.0,3.0
Built-up  Area,18-Dec,Bommasandra Industrial Area,2.0,1.0,33.64,1165.0,2.0
Built-up  Area,Ready To Move,HSR Layout,4.0,1.0,220.0,2792.0,4.0
Built-up  Area,Ready To Move,Kammanahalli,1.0,0.0,59.0,700.0,1.0
Super built-up  Area,Ready To Move,Kaval Byrasandra,2.0,2.0,42.0,1060.0,2.0
Built-up  Area,Ready To Move,Marathahalli,2.0,1.0,67.0,1200.0,2.0
Built-up  Area,18-Dec,"Off Sarjapur Road, ",3.0,2.0,76.0,1518.0,3.0
Built-up  Area,Ready To Move,Nagappa Reddy Layout,2.0,2.0,75.0,1495.0,3.0
Built-up  Area,Ready To Move,Sanjay nagar,2.0,2.0,90.0,1575.0,2.0
Built-up  Area,Ready To Move,Rajaji Nagar,2.0,2.0,170.0,1440.0,2.0
Super built-up  Area,18-Dec,Kasavanhalli,3.0,1.0,69.0,1545.0,3.0
Built-up  Area,Ready To Move,Kengeri,3.0,3.0,50.0,1470.0,3.0
Super built-up  Area,Ready To Move,Cooke Town,3.0,3.0,95.0,1500.0,3.0
Built-up  Area,Ready To Move,BTM Layout,2.0,2.0,81.0,1450.0,3.0
Super built-up  Area,Ready To Move,Hosur Road,2.0,1.0,49.0,1179.0,2.0
Super built-up  Area,Ready To Move,7th Phase JP Nagar,3.0,2.0,110.0,1650.0,3.0
Super built-up  Area,Ready To Move,Chandapura,2.0,2.0,32.0,1095.0,3.0
Built-up  Area,18-Jan,Lal Bahadur Shastri Nagar,2.0,1.0,48.0,856.0,2.0
Super built-up  Area,Ready To Move,Naganathapura,2.0,1.0,62.0,1143.0,2.0
Super built-up  Area,Ready To Move,Hebbal,2.0,1.0,97.8,1349.0,2.0
Built-up  Area,Ready To Move,Anjanapura,2.0,2.0,45.0,1280.0,3.0
Super built-up  Area,Ready To Move,Malleshwaram,1.0,1.0,60.0,480.0,1.0
Super built-up  Area,18-Dec,Whitefield,2.0,1.0,69.06,1216.0,2.0
Super built-up  Area,Ready To Move,Doddakallasandra,3.0,2.0,115.0,2493.0,3.0
Super built-up  Area,Ready To Move,Malleshwaram,2.0,1.0,120.0,1290.0,2.0
Plot  Area,Ready To Move,Banjara Layout,5.0,2.0,96.0,1200.0,5.0
Super built-up  Area,Ready To Move,Electronic City,2.0,2.0,42.0,1156.0,2.0
Super built-up  Area,Ready To Move,Thanisandra,2.0,2.0,44.0,1230.0,2.0
Super built-up  Area,Ready To Move,Volagerekallahalli,2.0,2.0,33.15,1070.0,2.0
Super built-up  Area,18-Aug,Ramagondanahalli,2.0,1.0,49.3,1235.0,2.0
Built-up  Area,Ready To Move,6th block Koramangala,2.0,1.0,110.0,1117.0,2.0
Super built-up  Area,Ready To Move,Kundalahalli,3.0,2.0,124.0,1724.0,3.0
Plot  Area,Ready To Move,Jalahalli,4.0,0.0,90.0,1200.0,4.0
Super built-up  Area,Ready To Move,Venkatadri Layout,1.0,1.0,43.0,600.0,1.0
Super built-up  Area,Ready To Move,KR Puram,2.0,2.0,57.9,1930.0,3.0
Super built-up  Area,18-Dec,Whitefield,2.0,1.0,75.0,1216.0,2.0
Built-up  Area,Ready To Move,KR Puram,3.0,3.0,60.0,1452.0,3.0
Super built-up  Area,Ready To Move,Whitefield,2.0,3.0,78.0,1355.0,2.0
Built-up  Area,Ready To Move,HMT Layout,4.0,2.0,425.0,7500.0,4.0
Super built-up  Area,Ready To Move,Sarjapur  Road,3.0,3.0,190.0,2145.0,3.0
Super built-up  Area,Ready To Move,Bommanahalli,2.0,1.0,53.0,957.0,2.0
Built-up  Area,Ready To Move,Shantiniketan Layout,2.0,2.0,48.0,925.0,2.0
Super built-up  Area,Ready To Move,Bellandur,2.0,3.0,59.0,1550.0,2.0
Plot  Area,Ready To Move,Yelahanka New Town,2.0,1.0,899.0,4000.0,4.0
Plot  Area,20-Jul,Kanakpura Road,3.0,2.0,140.0,2100.0,3.0
Super built-up  Area,21-Dec,Bannerghatta Road,2.0,1.0,61.0,1115.0,2.0
Super built-up  Area,Ready To Move,Yelahanka,3.0,2.0,83.0,1692.0,3.0
Super built-up  Area,Ready To Move,Baba Nagar,2.0,2.0,52.0,1100.0,2.0
Super built-up  Area,Ready To Move,Hormavu,2.0,2.0,69.0,1385.0,3.0
Super built-up  Area,Ready To Move,Hosa Road,1.0,1.0,24.9,760.0,1.0
Super built-up  Area,19-Dec,Electronics City Phase 1,2.0,2.0,67.0,1335.0,2.0
Super built-up  Area,Ready To Move,Bommanahalli,2.0,1.0,45.0,910.0,2.0
Super built-up  Area,Ready To Move,Kanakpura Road,2.0,2.0,55.0,1610.0,3.0
Super built-up  Area,19-Mar,Hennur Road,2.0,1.0,75.76,1341.0,2.0
Plot  Area,Ready To Move,Kurubarahalli,3.0,0.0,70.0,1200.0,3.0
Super built-up  Area,Ready To Move,Uttarahalli,2.0,2.0,44.98,1285.0,3.0
Super built-up  Area,Ready To Move,HAL 2nd Stage,3.0,2.0,252.0,2100.0,3.0
Super built-up  Area,Ready To Move,Yeshwanthpur,3.0,2.0,92.13,1679.0,3.0
Built-up  Area,Ready To Move,Puttappa Layout,4.0,2.0,290.0,2675.0,4.0
Built-up  Area,Ready To Move,"Ananthanagar Phase 1,Electronic City , phase 2",2.0,1.0,45.9,1016.0,2.0
Built-up  Area,Ready To Move,Banashankari Stage II,2.0,0.0,650.0,1500.0,4.0
Plot  Area,Ready To Move,Palace Guttahalli,2.0,1.0,100.0,660.0,3.0
Super built-up  Area,Ready To Move,Rajaji Nagar,3.0,2.0,400.0,2448.0,3.0
Super built-up  Area,Ready To Move,Bellandur,2.0,2.0,35.11,924.0,2.0
Super built-up  Area,18-Jul,8th Phase JP Nagar,1.0,1.0,31.0,500.0,1.0
Super built-up  Area,Ready To Move,Ngef Layout,3.0,2.0,88.0,1800.0,3.0
Super built-up  Area,Ready To Move,Whitefield,2.0,3.0,77.0,1255.0,2.0
Super built-up  Area,18-Dec,Hennur Road,2.0,2.0,50.0,1040.0,2.0
Super built-up  Area,Ready To Move,Kattigenahalli,2.0,2.0,47.0,1062.0,2.0
Super built-up  Area,19-Dec,Varthur Road,2.0,0.0,19.33,805.5,2.0
Super built-up  Area,Ready To Move,Hosur Road,2.0,1.0,60.0,950.0,2.0
Super built-up  Area,18-May,Whitefield,2.0,1.0,73.0,1216.0,2.0
Super built-up  Area,Ready To Move,HSR Layout,2.0,2.0,98.0,1300.0,2.0
Super built-up  Area,Ready To Move,5th Phase JP Nagar,2.0,2.0,65.0,1390.0,2.0
Super built-up  Area,19-Jul,Yelahanka,2.0,1.0,52.58,1033.0,2.0
Super built-up  Area,19-Dec,Yelahanka,2.0,2.0,65.31,1390.0,2.0
Super built-up  Area,Ready To Move,Jalahalli,2.0,1.0,52.0,1020.0,2.0
Super built-up  Area,19-Dec,Whitefield,1.0,0.0,34.735,709.0,1.0
Super built-up  Area,18-Oct,Whitefield,2.0,2.0,45.0,1140.0,2.0
Super built-up  Area,Ready To Move,Yeshwanthpur,1.0,1.0,36.85,670.0,1.0
Super built-up  Area,18-Jul,Bhoganhalli,4.0,2.0,111.0,2171.0,4.0
Super built-up  Area,Ready To Move,Bannerghatta Road,2.0,1.0,48.0,1136.0,2.0
Built-up  Area,Ready To Move,Doddakannelli,2.0,2.0,80.0,1477.0,3.0
Super built-up  Area,Ready To Move,KR Puram,2.0,2.0,30.0,1001.0,2.0
Super built-up  Area,19-Dec,Yelahanka,2.0,1.0,48.86,1040.0,2.0
Super built-up  Area,Ready To Move,Garudachar Palya,2.0,1.0,48.5,1060.0,2.0
Super built-up  Area,Ready To Move,Sarjapur,2.0,1.0,44.3,1240.0,2.0
Super built-up  Area,Ready To Move,Byadarahalli,5.0,2.0,450.0,3500.0,4.0
Super built-up  Area,Ready To Move,Doddabommasandra,8.0,3.0,175.0,42000.0,9.0
Super built-up  Area,20-Dec,Varthur,2.0,2.0,46.0,1070.0,2.0
Built-up  Area,Ready To Move,Electronic City Phase II,2.0,1.0,65.8,1253.0,2.0
Super built-up  Area,Ready To Move,Whitefield,2.0,2.0,60.0,1190.0,2.0
Super built-up  Area,Ready To Move,Whitefield,2.0,2.0,55.0,1312.0,2.0
Built-up  Area,Ready To Move,KR Puram,2.0,0.0,40.0,750.0,2.0
Built-up  Area,Ready To Move,Koramangala,3.0,2.0,115.0,1615.0,3.0
Built-up  Area,Ready To Move,Marathahalli,2.0,1.0,60.0,1095.0,2.0
Super built-up  Area,Ready To Move,Whitefield,3.0,3.0,100.0,1745.0,3.0
Super built-up  Area,Ready To Move,Rachenahalli,2.0,2.0,52.5,1050.0,2.0
Plot  Area,Ready To Move,4th T block Jayanagar,4.0,2.0,440.0,2080.0,4.0
Super built-up  Area,Ready To Move,Thanisandra,2.0,1.0,44.6,1220.0,2.0
Super built-up  Area,Ready To Move,Kempegowda Nagar,3.0,2.0,98.0,1793.0,3.0
Super built-up  Area,Ready To Move,Uttarahalli,1.0,2.0,45.0,1100.0,2.0
Super built-up  Area,Ready To Move,Yelahanka New Town,2.0,3.0,65.0,1385.0,2.0
Super built-up  Area,Ready To Move,Begur Road,2.0,2.0,45.0,1200.0,2.0
Super built-up  Area,Ready To Move,Haralur Road,2.0,2.0,125.0,2017.0,3.0
Super built-up  Area,Ready To Move,Attibele,1.0,1.0,10.0,400.0,1.0
Super built-up  Area,18-Apr,Bellandur,2.0,2.0,44.81,1400.0,3.0
Super built-up  Area,Ready To Move,Bethel Nagar,2.0,1.0,33.0,960.0,2.0
Super built-up  Area,Ready To Move,Uttarahalli,2.0,1.0,47.0,1125.0,2.0
Super built-up  Area,Ready To Move,Akshaya Nagar,2.0,2.0,60.0,1551.0,3.0
Plot  Area,Ready To Move,BTM Layout,4.0,2.0,122.0,600.0,4.0
Super built-up  Area,Ready To Move,Vittasandra,2.0,1.0,67.4,1246.0,2.0
Built-up  Area,18-Apr,Whitefield,4.0,3.0,224.0,3200.0,4.0
Super built-up  Area,Ready To Move,Marathahalli,2.0,1.0,48.0,1060.0,2.0
Super built-up  Area,Ready To Move,Bharathi Nagar,2.0,2.0,59.0,1384.0,2.0
Super built-up  Area,Ready To Move,Byagadadhenahalli,2.0,1.0,23.0,620.0,2.0
Super built-up  Area,18-Jun,Bommasandra,2.0,1.0,39.77,1005.0,2.0
Plot  Area,Ready To Move,Sarakki Nagar,3.0,2.0,128.0,1200.0,3.0
Built-up  Area,Ready To Move,Kirloskar Layout,3.0,2.0,35.0,1400.0,3.0
Super built-up  Area,Ready To Move,HSR Layout,3.0,3.0,88.0,2400.0,3.0
Super built-up  Area,Ready To Move,Whitefield,2.0,1.0,39.0,1096.0,2.0
Super built-up  Area,Ready To Move,Kaggadasapura,1.0,0.0,50.0,1180.0,2.0
Super built-up  Area,Ready To Move,Uttarahalli,2.0,1.0,47.0,1300.0,3.0
Plot  Area,18-Apr,tc.palya,2.0,1.0,62.0,1020.0,2.0
Plot  Area,Ready To Move,Margondanahalli,2.0,0.0,35.0,600.0,2.0
Super built-up  Area,Ready To Move,Dollar Scheme Colony,6.0,1.0,310.0,3563.0,4.0
Super built-up  Area,Ready To Move,Konanakunte Cross,2.0,2.0,47.0,1165.0,2.0
Super built-up  Area,18-Mar,Bellandur,3.0,3.0,100.0,1685.0,3.0
Super built-up  Area,Ready To Move,Raja Rajeshwari Nagar,3.0,3.0,53.56,1580.0,3.0
Super built-up  Area,Ready To Move,Balagere,2.0,1.0,83.0,1210.0,2.0
Super built-up  Area,Ready To Move,Kammasandra,1.0,2.0,25.75,1030.0,2.0
Built-up  Area,Ready To Move,Nagappa Reddy Layout,2.0,2.0,43.5,1100.0,2.0
Super built-up  Area,19-Dec,Hebbal,3.0,2.0,77.68,1255.0,3.0
Super built-up  Area,20-Dec,Jakkur,3.0,2.0,86.0,1482.0,3.0
Super built-up  Area,Ready To Move,Hebbal,2.0,1.0,108.0,1344.0,2.0
Super built-up  Area,18-Jun,Kothannur,2.0,2.0,39.8,1275.0,3.0
Plot  Area,Ready To Move,Vidyaranyapura,3.0,2.0,38.0,462.0,3.0
Super built-up  Area,Ready To Move,Omarbagh Layout,5.0,3.0,318.0,3300.0,4.0
Super built-up  Area,Ready To Move,Panathur,2.0,2.0,85.0,1210.0,2.0
Super built-up  Area,19-Jun,Hebbal,3.0,3.0,226.0,1320.0,3.0
Super built-up  Area,19-Mar,Hosa Road,3.0,2.0,98.13,1532.0,3.0
Super built-up  Area,Ready To Move,JP Nagar,2.0,2.0,110.0,1245.0,2.0
Super built-up  Area,Ready To Move,Nagarbhavi,2.0,2.0,50.0,1212.0,2.0
Super built-up  Area,18-Oct,Sarjapur  Road,2.0,1.0,65.0,1230.0,2.0
Plot  Area,Ready To Move,Indira Nagar,5.0,2.0,180.0,1000.0,5.0
Super built-up  Area,Ready To Move,Ramagondanahalli,3.0,2.0,159.0,2257.0,3.0
Super built-up  Area,Ready To Move,Vittasandra,2.0,1.0,65.4,1246.0,2.0
Super built-up  Area,Ready To Move,Gunjur,2.0,2.0,41.0,1080.0,2.0
Plot  Area,Ready To Move,Kannur,6.0,3.0,75.0,1306.8000000000002,6.0
Super built-up  Area,Ready To Move,Varthur,2.0,3.0,85.0,1360.0,3.0
Super built-up  Area,Ready To Move,Yelenahalli,2.0,2.0,47.88,1260.0,2.0
Built-up  Area,Ready To Move,Kengeri Satellite Town,3.0,0.0,110.0,1200.0,4.0
Super built-up  Area,Ready To Move,Thigalarapalya,2.0,2.0,104.0,1418.0,2.0
Plot  Area,Ready To Move,anjananager magdi road,3.0,1.0,165.0,1200.0,3.0
Super built-up  Area,Ready To Move,Kasavanhalli,2.0,1.0,39.0,950.0,2.0
Super built-up  Area,Ready To Move,Nagarbhavi,2.0,2.0,55.0,1020.0,2.0
Super built-up  Area,18-May,Electronic City Phase II,2.0,2.0,40.44,1400.0,3.0
Plot  Area,Ready To Move,Kodipalya,4.0,0.0,88.0,1440.0,4.0
Built-up  Area,Ready To Move,Huskur,6.0,2.0,75.0,800.0,6.0
Super built-up  Area,18-Sep,KR Puram,2.0,2.0,62.81,1462.5,3.0
Super built-up  Area,18-May,Electronics City Phase 1,2.0,1.0,69.0,1175.0,2.0
Super built-up  Area,Ready To Move,Raja Rajeshwari Nagar,2.0,1.0,40.17,1185.0,2.0
Super built-up  Area,Ready To Move,Aishwarya Crystal Layout,3.0,1.0,113.0,2250.0,3.0
Super built-up  Area,Ready To Move,Sarjapur  Road,2.0,2.0,40.43,1178.0,2.0
Super built-up  Area,Ready To Move,Ulsoor,4.0,2.0,450.0,36000.0,4.0
Super built-up  Area,Ready To Move,Whitefield,1.0,1.0,44.9,825.0,1.0
Super built-up  Area,18-May,Madiwala,3.0,2.0,43.0,1250.0,3.0
Super built-up  Area,Ready To Move,Electronics City Phase 1,2.0,2.0,55.0,1113.12,2.0
Super built-up  Area,Ready To Move,2nd Block Jayanagar,3.0,3.0,223.0,1718.0,3.0
Super built-up  Area,Ready To Move,Gottigere,2.0,1.0,35.0,1010.0,2.0
Super built-up  Area,21-Dec,Kanakpura Road,2.0,1.0,41.0,900.0,2.0
Plot  Area,Ready To Move,Syndicate Bank Colony,4.0,3.0,240.0,1500.0,4.0
Plot  Area,Ready To Move,Rayasandra,1.0,1.0,16.5,540.0,1.0
Super built-up  Area,18-May,Electronic City,2.0,2.0,29.46,1020.0,2.0
Super built-up  Area,18-Jun,Hosur Road,2.0,1.0,71.64,1194.0,2.0
Plot  Area,Ready To Move,Vijayanagar,6.0,2.0,300.0,1470.0,8.0
Plot  Area,Ready To Move,2nd Stage Nagarbhavi,4.0,2.0,100.0,600.0,3.0
Super built-up  Area,Ready To Move,Electronic City,2.0,1.0,67.15,1108.0,2.0
Built-up  Area,Ready To Move,Hebbal,2.0,1.0,451.0,3895.0,4.0
Super built-up  Area,21-Jan,Kanakpura Road,2.0,1.0,34.99,700.0,2.0
Super built-up  Area,Ready To Move,Somasundara Palya,3.0,3.0,68.0,1600.0,3.0
Super built-up  Area,Ready To Move,Nagarbhavi,3.0,2.0,90.0,1850.0,3.0
Super built-up  Area,Ready To Move,Tumkur Road,2.0,2.0,33.0,1250.0,2.0
Built-up  Area,Ready To Move,Ramamurthy Nagar,1.0,1.0,43.0,600.0,1.0
Super built-up  Area,Ready To Move,Raja Rajeshwari Nagar,2.0,1.0,49.27,1140.0,2.0
Super built-up  Area,Ready To Move,CQAL Layout,2.0,2.0,75.0,1200.0,3.0
Super built-up  Area,Ready To Move,Nayandanahalli,2.0,1.0,55.0,985.0,2.0
Super built-up  Area,Ready To Move,Bellandur,2.0,2.0,55.0,982.0,2.0
Built-up  Area,Ready To Move,9th Phase JP Nagar,1.0,0.0,20.0,600.0,1.0
Super built-up  Area,Ready To Move,Old Madras Road,5.0,1.0,142.0,2640.0,3.0
Super built-up  Area,Ready To Move,Akshaya Nagar,2.0,2.0,68.8,1314.0,2.0
Super built-up  Area,Ready To Move,Vijaya Bank Layout,2.0,2.0,68.5,1700.0,3.0
Super built-up  Area,18-May,1st Phase JP Nagar,2.0,2.0,93.0,1077.0,2.0
Built-up  Area,Ready To Move,Chandapura,2.0,2.0,66.165,1891.0,4.0
Super built-up  Area,Ready To Move,Varanasi,4.0,1.0,99.0,2000.0,5.0
Super built-up  Area,Ready To Move,DUO Layout,3.0,2.0,75.0,1643.0,3.0
Plot  Area,Ready To Move,Kengeri,3.0,1.0,67.0,1200.0,3.0
Super built-up  Area,Ready To Move,Whitefield,2.0,1.0,51.91,1116.0,2.0
Super built-up  Area,Ready To Move,Abbigere,2.0,1.0,41.82,1020.0,2.0
Built-up  Area,Ready To Move,Vittasandra,7.0,2.0,64.0,621.0,7.0
Built-up  Area,Ready To Move,Daadys Gaarden Layout,3.0,2.0,55.0,1740.0,3.0
Super built-up  Area,18-May,GM Palaya,2.0,2.0,47.0,1225.0,2.0
Built-up  Area,Ready To Move,Thanisandra,2.0,1.0,61.0,1241.0,3.0
Super built-up  Area,Ready To Move,Hennur,2.0,2.0,40.6,1041.0,2.0
Super built-up  Area,Ready To Move,Bommanahalli,2.0,2.0,46.0,1050.0,2.0
Super built-up  Area,18-Mar,Srinivas Colony,3.0,1.0,901.0,4400.0,3.0
Super built-up  Area,21-May,Kanakpura Road,2.0,3.0,64.39,1309.0,2.0
Super built-up  Area,Ready To Move,Dodda Nekkundi,2.0,2.0,45.0,1128.0,2.0
Super built-up  Area,Ready To Move,Raja Rajeshwari Nagar,2.0,1.0,50.0,1430.0,3.0
Super built-up  Area,19-Dec,Old Madras Road,2.0,1.0,47.86,1065.0,2.0
Super built-up  Area,Ready To Move,OMBR Layout,2.0,1.0,64.0,1085.0,2.0
Plot  Area,Ready To Move,Vishveshwarya Layout,1.0,1.0,30.0,750.0,1.0
Super built-up  Area,Ready To Move,Bellandur,2.0,2.0,37.28,981.0,2.0
Carpet  Area,18-Dec,Bhoganhalli,4.0,1.0,129.0,1548.3,4.0
Super built-up  Area,Ready To Move,Hebbal Kempapura,4.0,2.0,300.0,2302.0,4.0
Built-up  Area,Ready To Move,Kalyan nagar,2.0,2.0,60.0,1410.0,3.0
Super built-up  Area,19-Mar,Hosa Road,3.0,1.0,117.0,1525.84,3.0
Super built-up  Area,Ready To Move,Begur Road,2.0,2.0,42.6,1200.0,2.0
Built-up  Area,Ready To Move,Sampangi Rama Nagar,2.0,2.0,80.0,1030.0,2.0
Super built-up  Area,Ready To Move,BTM 1st Stage,2.0,2.0,95.0,1852.0,3.0
Built-up  Area,18-Dec,Electronic City,2.0,1.0,33.5,1160.0,2.0
Built-up  Area,Ready To Move,Jigani,2.0,1.0,49.0,918.0,2.0
Super built-up  Area,19-Dec,Hebbal,2.0,1.0,90.0,1255.0,3.0
Plot  Area,Ready To Move,HRBR Layout,6.0,3.0,250.0,1200.0,6.0
Built-up  Area,Ready To Move,JP Nagar,2.0,2.0,49.9,1150.0,3.0
Super built-up  Area,Ready To Move,Indira Nagar,3.0,2.0,324.0,2700.0,3.0
Built-up  Area,18-Mar,Moodalapalya,2.0,2.0,69.0,1150.0,2.0
Super built-up  Area,Ready To Move,Whitefield,2.0,2.0,53.49,1227.0,2.0
Super built-up  Area,18-Dec,Hebbal,3.0,2.0,77.68,1255.0,3.0
Plot  Area,Ready To Move,Moodalapalya,8.0,0.0,120.0,840.0,6.0
Super built-up  Area,Ready To Move,Panathur,2.0,1.0,82.0,1198.0,2.0
Plot  Area,Ready To Move, Devarachikkanahalli,3.0,1.0,160.0,1200.0,3.0
Built-up  Area,Ready To Move,Frazer Town,3.0,1.0,180.0,1700.0099999999998,3.0
Built-up  Area,Ready To Move,Nelamangala,3.0,1.0,95.0,2600.0,4.0
Super built-up  Area,Ready To Move,Thigalarapalya,4.0,2.0,139.0,2072.0,3.0
Super built-up  Area,Ready To Move,Pattandur Agrahara,2.0,1.0,32.0,797.0,2.0
Built-up  Area,Ready To Move,Nayandanahalli,2.0,3.0,68.0,1350.0,3.0
Built-up  Area,Ready To Move,Sahakara Nagar,4.0,2.0,200.0,2500.0,4.0
Super built-up  Area,Ready To Move,Thigalarapalya,4.0,2.0,160.0,2215.0,3.0
Super built-up  Area,21-Dec,Kanakpura Road,1.0,1.0,30.0,525.0,1.0
Super built-up  Area,Ready To Move,Bannerghatta Road,4.0,3.0,260.0,2700.0,4.0
Super built-up  Area,Ready To Move,Gokaula Extension,2.0,1.0,90.0,1500.0,3.0
Plot  Area,Ready To Move,Subash Nagar,2.0,0.0,55.0,900.0,2.0
Super built-up  Area,Ready To Move,Poorna Pragna Layout,2.0,3.0,58.27,1355.0,3.0
Super built-up  Area,Ready To Move,Kudlu Gate,2.0,2.0,49.81,1465.0,3.0
Plot  Area,Ready To Move,Ramamurthy Nagar,2.0,1.0,57.0,1006.0,2.0
Built-up  Area,Ready To Move,Vishveshwarya Layout,4.0,1.0,75.0,2000.0,4.0
Super built-up  Area,18-Aug,Electronic City,2.0,1.0,65.7,1128.0,2.0
Built-up  Area,Ready To Move,Pattanagere,2.0,0.0,35.0,850.0,2.0
Super built-up  Area,Ready To Move,ISRO Layout,2.0,3.0,68.0,1310.0,3.0
Super built-up  Area,Ready To Move,Banashankari,2.0,2.0,86.0,1390.0,2.0
Super built-up  Area,Ready To Move,Kathriguppe,2.0,2.0,76.45,1390.0,3.0
Plot  Area,Ready To Move,Marathahalli,4.0,2.0,325.0,2396.0,4.0
Super built-up  Area,Ready To Move,Electronic City,2.0,1.0,33.0,1170.0,2.0
Super built-up  Area,Ready To Move,Gottigere,2.0,2.0,50.0,1385.0,3.0
Super built-up  Area,Ready To Move,Old Madras Road,2.0,1.0,42.0,1160.0,2.0
Super built-up  Area,18-May,Electronic City Phase II,2.0,1.0,33.5,1160.0,2.0
Super built-up  Area,Ready To Move,Bannerghatta Road,2.0,2.0,69.0,1200.0,3.0
Super built-up  Area,Ready To Move,Mahadevpura,2.0,2.0,55.0,1475.0,2.0
Built-up  Area,20-Jul,Sarjapur  Road,3.0,0.0,98.0,1939.0,3.0
Built-up  Area,Ready To Move,7th Phase JP Nagar,2.0,2.0,42.0,850.0,2.0
Built-up  Area,17-May,Balagere,1.0,1.0,45.0,675.0,1.0
Built-up  Area,Ready To Move,Electronic City,2.0,1.0,51.0,1060.0,2.0
Super built-up  Area,18-Jun,Whitefield,2.0,2.0,47.0,1235.0,2.0
Plot  Area,18-May,RTO ullalu,4.0,1.0,110.0,600.0,2.0
Super built-up  Area,Ready To Move,Austin Town,2.0,1.0,60.0,1250.0,2.0
Super built-up  Area,Ready To Move,Banashankari,2.0,3.0,70.0,1460.0,2.0
Super built-up  Area,Ready To Move,Akshaya Nagar,3.0,2.0,85.0,1690.0,3.0
Built-up  Area,Ready To Move,Indira Nagar,1.0,2.0,57.0,850.0,1.0
Super built-up  Area,Ready To Move,Kanakpura Road,3.0,2.0,82.0,1843.0,3.0
Built-up  Area,Ready To Move,7th Phase JP Nagar,3.0,2.0,117.0,1680.0,3.0
Super built-up  Area,Ready To Move,Kundalahalli,2.0,1.0,84.0,1047.0,2.0
Super built-up  Area,18-Jun,8th Phase JP Nagar,2.0,2.0,35.0,1100.0,2.0
Plot  Area,Ready To Move,Indira Nagar,8.0,1.0,600.0,3250.0,8.0
Super built-up  Area,Ready To Move,Nagarbhavi,2.0,3.0,53.0,1120.0,2.0
Super built-up  Area,Ready To Move,Raja Rajeshwari Nagar,2.0,2.0,38.33,1095.0,2.0
Super built-up  Area,19-Oct,Carmelaram,2.0,2.0,35.0,970.0,2.0
Plot  Area,Ready To Move,Bommanahalli,7.0,2.0,125.0,1200.0,5.0
Built-up  Area,Ready To Move,Hosa Road,2.0,3.0,85.0,1100.0,3.0
Super built-up  Area,Ready To Move,Uttarahalli,3.0,2.0,85.0,1685.0,3.0
Built-up  Area,Ready To Move,Doddanekundi,2.0,1.0,59.0,1148.0,2.0
Built-up  Area,Ready To Move,Marathahalli,2.0,1.0,65.0,1050.0,2.0
Super built-up  Area,Ready To Move,Bannerghatta Road,2.0,1.0,76.0,1465.0,3.0
Plot  Area,Ready To Move,Kothanur,5.0,2.0,230.0,3401.0,4.0
Built-up  Area,17-Dec,Electronic City,1.0,1.0,60.0,630.0,1.0
Super built-up  Area,Ready To Move,7th Phase JP Nagar,3.0,1.0,150.0,1850.0,3.0
Plot  Area,Ready To Move,Vidyaranyapura,9.0,2.0,175.0,1200.0,9.0
Built-up  Area,Ready To Move,Cottonpet,2.0,1.0,225.0,1750.0,4.0
Built-up  Area,Ready To Move,Shikaripalya,3.0,1.0,60.0,1350.0,3.0
Super built-up  Area,Ready To Move,Sector 7 HSR Layout,3.0,2.0,160.0,1760.0,3.0
Super built-up  Area,Ready To Move,Rajaji Nagar,2.0,2.0,185.0,1440.0,2.0
Super built-up  Area,Ready To Move,Banashankari Stage III,2.0,0.0,42.0,1200.0,2.0
Built-up  Area,Ready To Move,Hennur Bande,2.0,1.0,78.0,1100.0,2.0
Built-up  Area,Ready To Move,Kaggadasapura,2.0,2.0,46.0,1140.0,2.0
Super built-up  Area,19-Aug,Hormavu,3.0,0.0,73.595,1617.5,3.0
Super built-up  Area,Ready To Move,Gottigere,2.0,2.0,45.0,1410.0,2.0
Super built-up  Area,Ready To Move,Mahadevpura,2.0,1.0,67.39,1434.0,3.0
Plot  Area,Ready To Move,"ravindra nagar, T.dasarahalli peenya",2.0,2.0,74.0,1180.0,2.0
Super built-up  Area,Ready To Move,Begur Road,2.0,2.0,42.0,1160.0,2.0
Super built-up  Area,Ready To Move,EPIP Zone,2.0,2.0,86.0,1343.0,2.0
Built-up  Area,Ready To Move,LB Shastri Nagar,2.0,1.0,69.0,1184.0,2.0
Super built-up  Area,Ready To Move,Koramangala,3.0,0.0,300.0,2246.0,3.0
Built-up  Area,Ready To Move,Rajankunte,4.0,3.0,200.0,4510.0,3.0
Super built-up  Area,Ready To Move,Banashankari Stage III,2.0,1.0,59.0,1305.0,3.0
Super built-up  Area,Ready To Move,Sarjapur  Road,5.0,2.0,280.0,3785.0,4.0
Super built-up  Area,Ready To Move,1st Block BEL Layout,3.0,2.0,85.0,1540.0,3.0
Super built-up  Area,Ready To Move,Kanakpura Road,3.0,3.0,65.11,1550.0,3.0
Super built-up  Area,Ready To Move,Yelahanka,2.0,1.0,57.0,1345.0,3.0
Super built-up  Area,Ready To Move,Electronic City Phase II,2.0,2.0,45.0,975.0,3.0
Super built-up  Area,Ready To Move,HSR Layout,2.0,2.0,46.0,1140.0,2.0
Super built-up  Area,18-Aug,JP Nagar,2.0,1.0,34.56,1152.0,2.0
Built-up  Area,Ready To Move,Old Airport Road,4.0,2.0,700.0,3200.0,4.0
Super built-up  Area,19-Dec,Kodathi,2.0,2.0,31.5,1033.0,3.0
Super built-up  Area,Ready To Move,Richards Town,3.0,0.0,230.0,1800.0,3.0
Super built-up  Area,Ready To Move,Marathahalli,2.0,2.0,53.67,1102.0,2.0
Super built-up  Area,Ready To Move,Subramanyapura,2.0,2.0,42.81,1223.0,3.0
Super built-up  Area,18-Mar,Kadugodi,3.0,3.0,112.0,1762.0,3.0
Built-up  Area,Ready To Move,Kengeri Satellite Town,2.0,1.0,16.6,560.0,2.0
Built-up  Area,Ready To Move,KR Puram,6.0,0.0,85.0,2000.0,6.0
Super built-up  Area,Ready To Move,Electronic City,2.0,2.0,38.0,1410.0,3.0
Super built-up  Area,19-Dec,Thanisandra,3.0,1.0,64.86,1853.0,3.0
Super built-up  Area,Ready To Move,Kothanur,2.0,2.0,69.0,1455.0,2.0
Super built-up  Area,18-Jan,Hebbal,2.0,1.0,110.0,1138.0,2.0
Built-up  Area,Ready To Move,Sarjapur  Road,3.0,2.0,169.0,2556.0,3.0
Super built-up  Area,18-May,TC Palaya,2.0,0.0,66.5,1200.0,3.0
Super built-up  Area,Ready To Move,Anantapura,2.0,2.0,37.0,1200.0,2.0
Super built-up  Area,Ready To Move,Thanisandra,4.0,2.0,185.0,2195.8356,3.0
Plot  Area,19-Jan,Anekal,1.0,1.0,36.0,1200.0,2.0
Super built-up  Area,19-Jun,Whitefield,3.0,2.0,138.0,1870.0,3.0
Super built-up  Area,18-May,Panathur,2.0,1.0,86.0,1199.0,2.0
Plot  Area,Ready To Move,Prakruthi Township,8.0,2.0,150.0,800.0,6.0
Super built-up  Area,Ready To Move,Doddakallasandra,2.0,2.0,54.4,1360.0,3.0
Super built-up  Area,Ready To Move,Babusapalaya,3.0,3.0,53.0,1230.0,3.0
Super built-up  Area,Ready To Move,Hosahalli Extension,3.0,2.0,120.0,2000.0,3.0
Plot  Area,Ready To Move,Kasturi Nagar,4.0,2.0,250.0,1200.0,4.0
Super built-up  Area,Ready To Move,Kundalahalli,2.0,1.0,83.0,1047.0,2.0
Plot  Area,18-Mar,Electronic City Phase II,4.0,2.0,260.0,6000.0,4.0
Plot  Area,18-Feb,Ramamurthy Nagar,2.0,1.0,76.0,1200.0,2.0
Super built-up  Area,18-Jan,Kengeri Satellite Town,2.0,0.0,44.285,1302.5,2.0
Super built-up  Area,Ready To Move,Kengeri,2.0,1.0,30.0,725.0,2.0
Super built-up  Area,Ready To Move,Jakkur,3.0,1.0,100.0,1645.0,3.0
Built-up  Area,Ready To Move,Sultan Palaya,2.0,1.0,65.0,870.0,2.0
Super built-up  Area,Ready To Move,Marathahalli,2.0,1.0,49.95,1026.0,2.0
Built-up  Area,18-Jul,Bennigana Halli,3.0,1.0,145.0,2000.0,3.0
Super built-up  Area,Ready To Move,Cooke Town,2.0,2.0,200.0,1710.0,2.0
Super built-up  Area,18-Apr,Hosur Road,3.0,1.0,130.0,1766.0,3.0
Super built-up  Area,Ready To Move,Makali,1.0,1.0,15.0,500.0,1.0
Built-up  Area,18-Apr,JP Nagar,1.0,1.0,15.0,1100.0,2.0
Super built-up  Area,Ready To Move,Jigani,3.0,3.0,52.0,1221.0,3.0
Super built-up  Area,Ready To Move,Rachenahalli,1.0,1.0,46.0,680.0,1.0
Super built-up  Area,Ready To Move,Sarjapur  Road,2.0,2.0,90.0,1278.0,2.0
Super built-up  Area,Ready To Move,Kodichikkanahalli,2.0,2.0,66.0,1025.0,2.0
Super built-up  Area,18-Aug,Whitefield,2.0,1.0,39.0,1175.0,2.0
Super built-up  Area,19-Jul,Sarjapur  Road,2.0,0.0,28.275,975.0,2.0
Built-up  Area,Ready To Move,6th Phase JP Nagar,1.0,1.0,75.0,600.0,1.0
Super built-up  Area,Ready To Move,Seethappa Layout,2.0,1.0,42.0,850.0,2.0
Super built-up  Area,Ready To Move,Anjanapura,2.0,0.0,25.0,710.0,2.0
Built-up  Area,18-Dec,Huskur,2.0,1.0,33.64,1165.0,2.0
Super built-up  Area,18-Apr,Sarjapur,1.0,1.0,19.0,625.0,1.0
Super built-up  Area,Ready To Move,Kaggadasapura,3.0,1.0,66.0,1340.0,3.0
Super built-up  Area,Ready To Move,Ananth Nagar,2.0,1.0,35.0,937.0,2.0
Plot  Area,Ready To Move,Lakkasandra,6.0,0.0,210.0,1500.0,7.0
Super built-up  Area,Ready To Move,JP Nagar,1.0,1.0,52.5,750.0,1.0
Built-up  Area,Ready To Move,Judicial Layout,6.0,3.0,400.0,405.0,5.0
Built-up  Area,Ready To Move,Shampura,3.0,3.0,78.0,1475.0,3.0
Plot  Area,Ready To Move,Singapura Village,4.0,1.0,130.0,2230.0,4.0
Plot  Area,Ready To Move,Jnanabharathi Layout,5.0,1.0,100.0,2200.0,4.0
Plot  Area,Ready To Move,Mysore Road,2.0,0.0,65.0,900.0,2.0
Super built-up  Area,Ready To Move,Electronic City Phase II,2.0,2.0,37.0,1116.0,2.0
Built-up  Area,Ready To Move,Hoodi,2.0,1.0,75.0,948.0,2.0
Super built-up  Area,Ready To Move,R.T. Nagar,2.0,1.0,55.0,970.0,2.0
Super built-up  Area,Ready To Move,Akshayanagara East,3.0,2.0,67.23,1519.0,3.0
Super built-up  Area,Ready To Move,Thanisandra,2.0,1.0,65.0,1200.0,3.0
Super built-up  Area,Ready To Move,Bhoganhalli,3.0,2.0,127.0,1760.0,3.0
Plot  Area,Ready To Move,Whitefield,5.0,3.0,525.0,4400.0,4.0
Super built-up  Area,Ready To Move,Sahakara Nagar,3.0,3.0,179.0,1914.0,3.0
Super built-up  Area,Ready To Move,Budigere,3.0,2.0,85.5,1820.0,3.0
Super built-up  Area,Ready To Move,Budigere,3.0,2.0,93.0,1820.0,3.0
Built-up  Area,Ready To Move,Kalena Agrahara,3.0,2.0,78.0,1565.0,3.0
Super built-up  Area,Ready To Move,Begur Road,2.0,3.0,42.69,1334.0,2.0
Super built-up  Area,19-Mar,Sarakki Nagar,2.0,2.0,76.23,924.0,2.0
Super built-up  Area,Ready To Move,Jigani,2.0,2.0,49.0,914.0,2.0
Built-up  Area,Ready To Move,Kengeri,1.0,1.0,17.0,500.0,1.0
Super built-up  Area,18-Mar,Yelahanka,3.0,3.0,125.0,2145.0,3.0
Plot  Area,Ready To Move,Yelahanka,5.0,2.0,162.0,1200.0,5.0
Built-up  Area,18-Apr,Electronic City,3.0,2.0,100.0,1650.0,3.0
Super built-up  Area,Ready To Move,Marathahalli,4.0,3.0,220.0,3940.0,4.0
Built-up  Area,18-Dec,Electronic City,2.0,1.0,29.45,1020.0,2.0
Built-up  Area,Ready To Move,Basaveshwara Nagar,2.0,3.0,58.0,1180.0,2.0
Super built-up  Area,Ready To Move,Ulsoor,2.0,3.0,120.0,1255.0,2.0
Super built-up  Area,20-Jul,Langford Gardens,5.0,2.0,650.0,2777.29,3.0
Super built-up  Area,Ready To Move,Bommasandra,2.0,1.0,35.0,1014.0,2.0
Built-up  Area,Ready To Move,Shampura,2.0,0.0,90.0,920.0,4.0
Super built-up  Area,Ready To Move,Attibele,1.0,1.0,25.0,695.0,2.0
Plot  Area,Ready To Move,Prithvi Layout,4.0,3.0,220.0,2273.0,3.0
Super built-up  Area,18-Mar,GM Palaya,2.0,2.0,48.95,1140.0,2.0
Built-up  Area,Ready To Move,Giri Nagar,4.0,1.0,375.0,3000.0,6.0
Super built-up  Area,Ready To Move,Whitefield,2.0,2.0,41.0,1180.0,2.0
Super built-up  Area,20-Aug,Begur Road,4.0,2.0,152.0,2400.0,4.0
Super built-up  Area,Ready To Move,Attibele,1.0,1.0,25.0,850.0,2.0
Super built-up  Area,Ready To Move,Banashankari,2.0,1.0,60.0,1200.0,2.0
Built-up  Area,18-Dec,"Bellandur, ",4.0,3.0,206.0,3160.0,4.0
Super built-up  Area,Ready To Move,Hoodi,3.0,3.0,96.87,1769.0,3.0
Plot  Area,Ready To Move,Jigani,3.0,2.0,160.0,1199.7,4.0
Carpet  Area,18-Dec,Bhoganhalli,4.0,1.0,131.0,1554.3,4.0
Super built-up  Area,Ready To Move,Haralur Road,2.0,2.0,46.0,1243.0,2.0
Plot  Area,18-Apr,2nd Block Jayanagar,5.0,2.0,1150.0,4920.0,4.0
Super built-up  Area,Ready To Move,Mallasandra,2.0,1.0,40.0,905.0,2.0
Built-up  Area,Ready To Move,Kothanur,1.0,1.0,30.0,627.0,1.0
Built-up  Area,18-Mar,Domlur,3.0,2.0,285.0,2180.0,3.0
Super built-up  Area,Ready To Move,Frazer Town,3.0,2.0,260.0,2400.0,3.0
Super built-up  Area,Ready To Move,Marathahalli,3.0,1.0,73.0,1435.0,3.0
Super built-up  Area,22-May,Jakkur,6.0,3.0,400.0,3405.1,4.0
Built-up  Area,Ready To Move,Kodihalli,3.0,2.0,130.0,1620.0,3.0
Super built-up  Area,Ready To Move,Whitefield,3.0,2.0,125.0,1862.0,3.0
Super built-up  Area,19-Nov,Kaikondrahalli,1.0,1.0,19.9,674.0,2.0
Super built-up  Area,Ready To Move,Marathahalli,2.0,1.0,59.0,1220.0,2.0
Super built-up  Area,Ready To Move,Haralur Road,2.0,2.0,44.0,1027.0,2.0
Super built-up  Area,Ready To Move,Electronic City,2.0,1.0,49.0,1025.0,2.0
Super built-up  Area,Ready To Move,Thanisandra,2.0,3.0,54.5,1430.0,3.0
Super built-up  Area,Ready To Move,Panathur,2.0,3.0,65.0,1235.0,2.0
Super built-up  Area,Ready To Move,Electronics City Phase 1,2.0,3.0,32.0,1291.0,3.0
Super built-up  Area,Ready To Move,Kanakpura Road,3.0,2.0,95.0,1498.0,3.0
Super built-up  Area,Ready To Move,Sarjapur  Road,3.0,2.0,240.0,2180.0,3.0
Super built-up  Area,18-Apr,Electronic City,2.0,1.0,29.7,1000.0,2.0
Plot  Area,Ready To Move,Ejipura,2.0,1.0,70.0,922.0,2.0
Built-up  Area,Ready To Move,Victoria Layout,2.0,1.0,72.0,850.0,2.0
Plot  Area,Ready To Move,New Thippasandra,3.0,2.0,155.0,750.0,3.0
Super built-up  Area,Ready To Move,AECS Layout,2.0,2.0,64.0,1123.0,2.0
Super built-up  Area,Ready To Move,Raja Rajeshwari Nagar,2.0,1.0,75.0,1235.0,2.0
Super built-up  Area,Ready To Move,Kogilu,2.0,1.0,55.55,1250.0,2.0
Plot  Area,Ready To Move,Whitefield,5.0,2.0,360.0,2403.0,4.0
Super built-up  Area,18-Nov,Sarjapur  Road,2.0,1.0,45.91,984.0,2.0
Super built-up  Area,Ready To Move,Sarjapur  Road,2.0,1.0,99.0,1305.0,2.0
Plot  Area,Ready To Move,Attur Layout,1.0,0.0,65.0,1200.0,2.0
Plot  Area,Ready To Move,1st Block HRBR Layout,3.0,1.0,90.0,600.0,3.0
Super built-up  Area,19-Jun,Hebbal,5.0,3.0,204.0,2790.0,4.0
Super built-up  Area,Ready To Move,Old Madras Road,3.0,2.0,125.0,2010.0,4.0
Built-up  Area,Ready To Move,Electronics City Phase 1,2.0,0.0,42.0,995.0,2.0
Built-up  Area,Ready To Move,Varthur Road,2.0,2.0,59.0,1277.0,2.0
Super built-up  Area,Ready To Move,7th Phase JP Nagar,2.0,2.0,61.33,1236.0,2.0
Super built-up  Area,Ready To Move,Akshaya Nagar,2.0,3.0,67.0,1265.0,2.0
Super built-up  Area,18-Apr,Kanakpura Road,2.0,2.0,27.0,525.0,1.0
Built-up  Area,Ready To Move,Gubbalala,4.0,2.0,141.0,2570.0,5.0
Plot  Area,Ready To Move,Hennur Road,5.0,3.0,390.0,2400.0,4.0
Super built-up  Area,Ready To Move,Shikaripalya,3.0,2.0,56.24,1442.0,3.0
Super built-up  Area,Ready To Move,Ardendale,2.0,2.0,70.0,1224.0,2.0
Super built-up  Area,Ready To Move,Bellandur,2.0,1.0,59.0,1205.0,2.0
Super built-up  Area,Ready To Move,Richmond Town,2.0,3.0,100.0,1233.0,2.0
Super built-up  Area,Ready To Move,5th Block Hbr Layout,2.0,3.0,69.0,1312.0,2.0
Super built-up  Area,Ready To Move,Electronic City,3.0,2.0,90.0,1449.0,3.0
Super built-up  Area,Ready To Move,Yelenahalli,2.0,1.0,54.0,1090.0,2.0
Plot  Area,Ready To Move,Kaggadasapura,5.0,0.0,150.0,2100.0,5.0
Super built-up  Area,Ready To Move,Uttarahalli,2.0,3.0,62.55,1390.0,3.0
Super built-up  Area,Ready To Move,JP Nagar,2.0,3.0,78.0,1200.0,2.0
Plot  Area,Ready To Move,Mallasandra,2.0,2.0,50.0,600.0,4.0
Super built-up  Area,Ready To Move,BTM 2nd Stage,2.0,2.0,58.0,1000.0,2.0
Plot  Area,18-Oct,Devanahalli,5.0,2.0,190.0,2400.0,4.0
Super built-up  Area,21-Dec,Thanisandra,3.0,1.0,85.73,1732.0,3.0
Super built-up  Area,Ready To Move,Banashankari,2.0,2.0,80.0,1290.0,2.0
Super built-up  Area,Ready To Move,Marasandra,3.0,3.0,85.0,1840.0,3.0
Super built-up  Area,Ready To Move,Thanisandra,4.0,2.0,100.0,1917.0,3.0
Built-up  Area,Ready To Move,Bhuvaneshwari Nagar,2.0,2.0,57.0,1100.0,2.0
Super built-up  Area,Ready To Move,Kudlu,2.0,3.0,60.0,1455.0,3.0
Super built-up  Area,18-Dec,Old Airport Road,4.0,3.0,208.0,2774.0,4.0
Plot  Area,Ready To Move,Haralur Road,5.0,2.0,255.0,1200.0,5.0
Super built-up  Area,Ready To Move, Devarachikkanahalli,2.0,2.0,65.0,1425.0,3.0
Super built-up  Area,18-Dec,Whitefield,3.0,1.0,113.0,1655.0,3.0
Super built-up  Area,18-Mar,Haralur Road,5.0,3.0,160.0,2805.0,4.0
Built-up  Area,Ready To Move,R.T. Nagar,7.0,3.0,93.0,600.0,7.0
Super built-up  Area,Ready To Move,AGS Layout,2.0,1.0,46.79,1040.0,2.0
Super built-up  Area,Ready To Move,Akshaya Nagar,2.0,1.0,55.0,1126.0,2.0
Plot  Area,Ready To Move,Kodichikkanahalli,4.0,1.0,200.0,1600.0,6.0
Super built-up  Area,Ready To Move,Hebbal,2.0,1.0,55.55,1250.0,2.0
Plot  Area,Ready To Move,Yelahanka,4.0,2.0,180.0,1800.0,4.0
Plot  Area,Ready To Move,Kalkere Channasandra,2.0,0.0,53.0,1200.0,2.0
Built-up  Area,Ready To Move,Ashirvad Colony,3.0,1.0,100.0,2050.0,4.0
Super built-up  Area,Ready To Move,Whitefield,1.0,1.0,29.44,530.0,1.0
Built-up  Area,19-Jun,Sarjapur,4.0,0.0,139.5,2585.5,4.0
Super built-up  Area,Ready To Move,Kambipura,2.0,1.0,37.0,883.0,2.0
Super built-up  Area,Ready To Move,Uttarahalli,2.0,2.0,59.6,1490.0,3.0
Super built-up  Area,Ready To Move,Ramagondanahalli,2.0,2.0,95.0,1295.0,2.0
Super built-up  Area,Ready To Move,Sompura,3.0,1.0,59.0,1275.0,3.0
Super built-up  Area,Ready To Move,Doddabanahalli,2.0,2.0,30.0,800.0,2.0
Super built-up  Area,Ready To Move,Devanahalli,1.0,0.0,95.0,1200.0,1.0
Super built-up  Area,Ready To Move,Bellandur,2.0,1.0,58.0,1063.0,2.0
Super built-up  Area,Ready To Move,Balagere,1.0,1.0,43.0,656.0,1.0
Super built-up  Area,Ready To Move,Shakthi Nagar,2.0,2.0,36.0,1125.0,2.0
Super built-up  Area,18-Dec,Marathahalli,2.0,1.0,48.06,881.0,2.0
Plot  Area,Ready To Move,Nayandanahalli,8.0,2.0,200.0,1350.0,9.0
Built-up  Area,Ready To Move,Bisuvanahalli,1.0,1.0,32.0,700.0,2.0
Plot  Area,Ready To Move,AGS Layout,3.0,0.0,110.0,1936.0,3.0
Super built-up  Area,18-Dec,Hosa Road,3.0,1.0,101.0,1680.0,3.0
Super built-up  Area,Ready To Move,Rayasandra,2.0,2.0,57.0,1253.0,2.0
Super built-up  Area,Ready To Move,Rajaji Nagar,3.0,3.0,230.0,1640.0,3.0
Super built-up  Area,Ready To Move,Mysore Road,3.0,2.0,50.0,1082.0,3.0
Built-up  Area,18-Dec,Electronic City,2.0,1.0,30.75,1065.0,2.0
Super built-up  Area,18-Dec,Iblur Village,4.0,2.0,145.0,2100.0,3.0
Super built-up  Area,Ready To Move,Electronic City,2.0,1.0,58.0,1070.0,2.0
Super built-up  Area,16-Sep,Raja Rajeshwari Nagar,3.0,2.0,57.6,1280.0,3.0
Plot  Area,18-Apr,6th block Koramangala,5.0,2.0,300.0,1200.0,5.0
Built-up  Area,18-Aug,Electronic City Phase II,2.0,1.0,29.25,1125.0,2.0
Super built-up  Area,Ready To Move,Sarjapur  Road,3.0,2.0,122.0,1755.0,3.0
Super built-up  Area,Ready To Move,Electronic City,2.0,1.0,54.0,1210.0,2.0
Super built-up  Area,18-Sep,Talaghattapura,2.0,2.0,30.43,951.0,2.0
Built-up  Area,18-Apr,Electronic City,2.0,1.0,75.0,1500.0,3.0
Super built-up  Area,Ready To Move,Coffee Board Layout,3.0,2.0,90.0,1652.5,3.0
Super built-up  Area,Ready To Move,Yeshwanthpur,2.0,2.0,76.18,1381.0,3.0
Super built-up  Area,18-Dec,Whitefield,2.0,1.0,57.0,1085.0,2.0
Super built-up  Area,18-Apr,Whitefield,1.0,1.0,50.0,905.0,1.0
Super built-up  Area,Ready To Move,Hennur Road,3.0,2.0,95.0,1685.0,3.0
Super built-up  Area,Ready To Move,Somasundara Palya,2.0,2.0,75.0,1200.0,2.0
Super built-up  Area,Ready To Move,Anandapura,2.0,1.0,42.9,1151.0,2.0
Built-up  Area,Ready To Move,Brookefield,3.0,3.0,170.0,3532.0,4.0
Super built-up  Area,Ready To Move,Kanakpura Road,3.0,2.0,86.91,1665.0,3.0
Built-up  Area,Ready To Move,Kengeri Satellite Town,2.0,1.0,40.0,800.0,2.0
Built-up  Area,Ready To Move,Chamrajpet,2.0,1.0,162.0,1050.0,2.0
Super built-up  Area,Ready To Move,Rajiv Nagar,2.0,2.0,46.5,1030.0,2.0
Super built-up  Area,Ready To Move,Hoodi,2.0,1.0,71.03,1257.0,2.0
Super built-up  Area,18-Dec,Whitefield,3.0,2.0,82.0,1600.0,3.0
Super built-up  Area,Ready To Move,Choodasandra,3.0,3.0,75.0,1465.0,3.0
Super built-up  Area,Ready To Move,Jakkur,3.0,2.0,111.0,1650.0,3.0
Super built-up  Area,Ready To Move,Haralur Road,2.0,2.0,46.0,1243.0,2.0
Built-up  Area,Ready To Move,Yelahanka New Town,1.0,1.0,80.0,680.0,2.0
Plot  Area,18-Aug,Whitefield,4.0,2.0,80.0,1230.0,4.0
Super built-up  Area,Ready To Move,Koramangala,2.0,2.0,82.0,1300.0,2.0
Built-up  Area,Ready To Move,KR Puram,2.0,1.0,44.5,1000.0,2.0
Super built-up  Area,Ready To Move,Mahadevpura,2.0,1.0,53.8,1146.0,2.0
Super built-up  Area,Ready To Move,Hennagara,6.0,3.0,120.0,1200.0,6.0
Super built-up  Area,18-Mar,Indira Nagar,4.0,2.0,312.0,2601.0,3.0
Super built-up  Area,Ready To Move,Vishwanatha Nagenahalli,3.0,2.0,110.0,2159.0,3.0
Super built-up  Area,Ready To Move,Whitefield,2.0,2.0,40.0,1255.0,2.0
Super built-up  Area,Ready To Move,Hebbal Kempapura,2.0,2.0,60.0,1130.0,2.0
Super built-up  Area,Ready To Move,Padmanabhanagar,2.0,1.0,60.0,1200.0,2.0
Built-up  Area,Ready To Move,Sarjapur  Road,2.0,1.0,37.0,1040.0,2.0
Plot  Area,Ready To Move,TC Palaya,8.0,2.0,150.0,1500.0,8.0
Plot  Area,Ready To Move,Byrathi Village,3.0,2.0,55.0,906.0,4.0
Super built-up  Area,Ready To Move,Uttarahalli,2.0,1.0,41.3,1180.0,2.0
Plot  Area,Ready To Move,Ullal Uppanagar,7.0,2.0,169.0,1200.0,7.0
Plot  Area,Ready To Move,Govindpura,7.0,2.0,100.0,850.0,6.0
Super built-up  Area,Ready To Move,KR Puram,2.0,3.0,47.0,1200.0,2.0
Built-up  Area,Ready To Move,Sarjapur  Road,3.0,2.0,51.0,1374.0,3.0
Super built-up  Area,Ready To Move,Vidyaranyapura,10.0,3.0,130.0,4700.0,9.0
Super built-up  Area,19-Dec,Whitefield,1.0,0.0,32.15,630.5,1.0
Plot  Area,Ready To Move, south,2.0,0.0,480.0,2400.0,3.0
Super built-up  Area,Ready To Move,Haralur Road,2.0,2.0,44.0,1027.0,2.0
Plot  Area,Ready To Move,Ittamadu,4.0,2.0,130.0,1200.0,5.0
Super built-up  Area,Ready To Move,Jalahalli,4.0,2.0,165.0,2384.0,3.0
Super built-up  Area,19-Aug,Electronic City,2.0,2.0,28.41,1033.0,3.0
Super built-up  Area,Ready To Move,Yelahanka,2.0,1.0,54.0,1200.0,2.0
Built-up  Area,Ready To Move,Haralur Road,3.0,2.0,105.0,2017.0,3.0
Plot  Area,Ready To Move,Rainbow Drive,3.0,2.0,138.0,1500.0,3.0
Super built-up  Area,Ready To Move,Kamala Nagar,2.0,0.0,43.0,700.0,2.0
Plot  Area,Ready To Move,Shampura,6.0,2.0,75.0,1150.0,6.0
Super built-up  Area,Ready To Move,Kanakpura Road,2.0,2.0,52.33,1495.0,3.0
Super built-up  Area,Ready To Move,Kothanur,2.0,1.0,68.5,1302.0,2.0
Built-up  Area,18-Mar,Whitefield,1.0,1.0,52.0,905.0,1.0
Super built-up  Area,Ready To Move,Raja Rajeshwari Nagar,2.0,1.0,55.79,1303.0,2.0
Built-up  Area,Ready To Move,Electronics City Phase 1,3.0,0.0,71.0,1350.0,3.0
Super built-up  Area,Ready To Move,Gottigere,2.0,2.0,95.0,1380.0,3.0
Super built-up  Area,Ready To Move,Harlur,3.0,1.0,110.0,1620.0,3.0
Built-up  Area,Ready To Move,Chandapura,4.0,3.0,250.0,4800.0,4.0
Super built-up  Area,Ready To Move,Sarjapur  Road,2.0,1.0,38.5,1000.0,2.0
Plot  Area,Ready To Move,Ramamurthy Nagar,4.0,0.0,88.0,800.0,3.0
Super built-up  Area,18-Apr,Thanisandra,1.0,1.0,54.0,1250.0,2.0
Built-up  Area,Ready To Move,3rd Block Koramangala,3.0,3.0,170.0,1750.0,3.0
Super built-up  Area,Ready To Move,Anekal,3.0,2.0,55.0,997.0,3.0
Super built-up  Area,15-Oct,Kothanur,3.0,2.0,111.0,1760.0,3.0
Super built-up  Area,Ready To Move,Yelahanka,2.0,2.0,75.0,1322.0,2.0
Plot  Area,Ready To Move,Kanaka Nagar,3.0,0.0,99.0,1365.0,3.0
Super built-up  Area,Ready To Move,Sahakara Nagar,3.0,2.0,125.0,1500.0,3.0
Super built-up  Area,Ready To Move,Kaggadasapura,2.0,2.0,50.0,1256.0,3.0
Super built-up  Area,Ready To Move,Brookefield,2.0,2.0,48.0,941.0,2.0
Plot  Area,Ready To Move,Devanahalli,4.0,3.0,465.0,5000.0,4.0
Super built-up  Area,Ready To Move,Kanakpura Road,3.0,2.0,86.58,1665.0,3.0
Super built-up  Area,Ready To Move,Hennur Road,2.0,2.0,84.18,1414.0,2.0
Super built-up  Area,Ready To Move,Chikkalasandra,2.0,3.0,55.25,1270.0,3.0
Plot  Area,Ready To Move,Madiwala,2.0,2.0,80.0,800.0,3.0
Plot  Area,Ready To Move,Kengeri Satellite Town,3.0,0.0,300.0,4100.0,4.0
Built-up  Area,Ready To Move,Mathikere,3.0,2.0,105.0,1800.0,6.0
Built-up  Area,Ready To Move,Pattanagere,2.0,0.0,35.0,850.0,2.0
Super built-up  Area,21-Mar,Kanakpura Road,1.0,1.0,38.44,712.0,1.0
Super built-up  Area,17-Dec,Rajaji Nagar,5.0,0.0,251.5,2648.0,4.0
Plot  Area,Ready To Move,Basaveshwara Nagar Yelahanka,4.0,2.0,180.0,900.0,3.0
Plot  Area,Ready To Move,TC Palaya,2.0,0.0,55.0,900.0,2.0
Super built-up  Area,Ready To Move,Hebbal,2.0,1.0,49.0,1200.0,2.0
Super built-up  Area,Ready To Move,Kengeri Satellite Town,1.0,1.0,22.0,654.0,1.0
Super built-up  Area,Ready To Move,Peenya,1.0,1.0,55.0,708.0,2.0
Plot  Area,Ready To Move,Singapura Village,5.0,3.0,75.0,600.0,4.0
Built-up  Area,Ready To Move,Wilson Garden,3.0,3.0,135.0,1680.0,3.0
Super built-up  Area,Ready To Move,Jakkasandra Extension,2.0,2.0,58.0,990.0,2.0
Super built-up  Area,Ready To Move,Uttarahalli,2.0,1.0,42.0,1380.0,2.0
Super built-up  Area,18-May,Hebbal,2.0,2.0,62.0,1088.0,2.0
Super built-up  Area,Ready To Move,Harlur,3.0,2.0,77.5,1414.0,3.0
Built-up  Area,Ready To Move,Seshadripuram,2.0,1.0,100.0,1240.0,2.0
Built-up  Area,Ready To Move,Ganesha Block,3.0,3.0,118.0,1810.0,3.0
Super built-up  Area,19-Dec,4th Block Jayanagar,3.0,2.0,240.0,2005.0,3.0
Super built-up  Area,Ready To Move,Kothanur,2.0,2.0,58.0,1185.0,2.0
Plot  Area,18-Oct,Whitefield,3.0,2.0,57.15,1200.0,3.0
Super built-up  Area,Ready To Move,Electronic City,2.0,1.0,52.0,1070.0,2.0
Super built-up  Area,Ready To Move,Shikaripalya,2.0,1.0,58.0,1265.0,2.0
Built-up  Area,Ready To Move,Sahakara Nagar,2.0,1.0,55.0,1100.0,2.0
Built-up  Area,Ready To Move,Friends Colony,2.0,2.0,44.0,1035.0,2.0
Super built-up  Area,Ready To Move,Sonnenahalli,1.0,0.0,30.715,614.5,1.0
Built-up  Area,Ready To Move,2nd Block Jayanagar,2.0,1.0,97.0,1000.0,2.0
Super built-up  Area,Ready To Move,Hegde Nagar,2.0,2.0,49.35,1179.0,2.0
Super built-up  Area,Ready To Move,Vittasandra,3.0,1.0,84.0,1650.0,3.0
Plot  Area,Ready To Move,Malur Hosur Road,4.0,3.0,100.0,2800.0,6.0
Plot  Area,Ready To Move,Lakshmipura Vidyaanyapura,6.0,2.0,120.0,3500.0,8.0
Built-up  Area,Ready To Move,Nagaraja Garden,3.0,1.0,78.65,1430.0,3.0
Super built-up  Area,Ready To Move,Marathahalli,2.0,2.0,58.0,1130.0,3.0
Super built-up  Area,Ready To Move,JP Nagar,2.0,2.0,110.0,1850.0,3.0
Super built-up  Area,Ready To Move,Hennur,3.0,2.0,54.24,1340.0,3.0
Super built-up  Area,Ready To Move,Sarjapur  Road,2.0,2.0,338.0,4334.0,4.0
Plot  Area,Ready To Move,Nagawara Junction,2.0,0.0,30.0,600.0,2.0
Super built-up  Area,Ready To Move,Banashankari,5.0,2.0,250.0,2582.0,3.0
Super built-up  Area,Ready To Move,Channasandra,2.0,1.0,55.0,1160.0,2.0
Built-up  Area,Ready To Move,Hegganahalli,2.0,1.0,45.0,1200.0,1.0
Built-up  Area,18-Aug,Rajanna Layout,2.0,1.0,37.6,1116.0,2.0
Plot  Area,Ready To Move,Nagarbhavi  BDA Complex,2.0,1.0,85.0,600.0,3.0
Super built-up  Area,Ready To Move,Sarakki Nagar,4.0,1.0,338.0,2663.0,3.0
Built-up  Area,Ready To Move,Devasthanagalu,2.0,2.0,45.0,1090.0,2.0
Super built-up  Area,Ready To Move,JP Nagar,2.0,1.0,45.0,1100.0,2.0
Super built-up  Area,18-Aug,Kammasandra,2.0,1.0,34.13,1365.0,3.0
Super built-up  Area,20-Feb,Vijayanagar,3.0,2.0,79.19,1484.0,3.0
Super built-up  Area,Ready To Move,Green Glen Layout,3.0,2.0,68.0,1630.0,3.0
Super built-up  Area,18-May,Whitefield,2.0,2.0,52.43,1451.0,3.0
Super built-up  Area,19-Jul,Kanakpura Road,2.0,1.0,107.0,1330.0,2.0
Super built-up  Area,Ready To Move,Thanisandra,3.0,2.0,135.0,2127.0,3.0
Plot  Area,Ready To Move,Adityanagar,5.0,3.0,120.0,875.0,5.0
Plot  Area,Ready To Move,Hallehalli,4.0,2.0,65.0,1260.0,4.0
Super built-up  Area,Ready To Move,Sarjapur  Road,2.0,2.0,45.75,1173.0,3.0
Super built-up  Area,Ready To Move,Electronics City Phase 1,2.0,1.0,56.0,1445.0,3.0
Super built-up  Area,Ready To Move,Jayamahal Extension,4.0,1.0,400.0,2250.0,4.0
Plot  Area,18-Dec,Bannerghatta Road,4.0,2.0,239.0,1500.0,3.0
Super built-up  Area,18-Nov,Thanisandra,3.0,0.0,115.89,2336.5,3.0
Super built-up  Area,Ready To Move,JP Nagar,2.0,1.0,47.88,1197.0,2.0
Plot  Area,Ready To Move,2nd Stage Nagarbhavi,4.0,1.0,225.0,1200.0,4.0
Super built-up  Area,Ready To Move,Sarjapur  Road,7.0,2.0,329.0,3930.0,5.0
Super built-up  Area,Ready To Move,Kanakpura Road,3.0,3.0,62.4,1450.0,3.0
Super built-up  Area,Ready To Move,Whitefield,2.0,1.0,37.85,1187.0,2.0
Plot  Area,Ready To Move,Wilson Garden,6.0,3.0,850.0,4000.0,6.0
Super built-up  Area,18-Aug,Channasandra,2.0,2.0,41.0,1050.0,2.0
Super built-up  Area,18-May,Panathur,2.0,2.0,54.8,1370.0,3.0
Super built-up  Area,Ready To Move,Yelahanka,2.0,2.0,39.37,1036.0,2.0
Super built-up  Area,18-Jun,JP Nagar,3.0,2.0,41.2,1275.0,3.0
Super built-up  Area,Ready To Move,Old Madras Road,3.0,2.0,115.0,2010.0,4.0
Super built-up  Area,Ready To Move,Thigalarapalya,2.0,2.0,106.0,1418.0,2.0
Super built-up  Area,Ready To Move,Thanisandra,2.0,2.0,46.6,1265.0,2.0
Super built-up  Area,Ready To Move,Anandapura,3.0,2.0,58.0,1576.0,3.0
Super built-up  Area,Ready To Move,Dodda Nekkundi,2.0,1.0,56.0,1148.0,2.0
Super built-up  Area,Ready To Move,Green View Layout,2.0,1.0,36.0,1000.0,2.0
Super built-up  Area,Ready To Move,Kudlu,2.0,2.0,85.0,1293.0,3.0
Plot  Area,18-May,TC Palaya,2.0,0.0,66.0,1200.0,3.0
Super built-up  Area,Ready To Move,Munnekollal,2.0,3.0,75.0,1210.0,2.0
Built-up  Area,Ready To Move,HSR Layout,2.0,1.0,69.0,1126.0,2.0
Built-up  Area,Ready To Move,Sarakki Nagar,4.0,1.0,175.0,1840.0,3.0
Built-up  Area,Ready To Move,Vidyaranyapura,2.0,0.0,70.0,1440.0,3.0
Built-up  Area,Ready To Move,Ramamurthy Nagar,2.0,2.0,52.0,1300.0,3.0
Super built-up  Area,Ready To Move,Thanisandra,2.0,2.0,75.0,1276.0,2.0
Plot  Area,Ready To Move,Gidada Konnenahalli,4.0,2.0,105.0,600.0,6.0
Super built-up  Area,Ready To Move,Whitefield,2.0,1.0,83.0,1216.0,2.0
Super built-up  Area,18-Apr,Marenahalli,1.0,0.0,75.0,840.0,1.0
Plot  Area,Ready To Move,Sector 1 HSR Layout,5.0,3.0,300.0,1240.0,5.0
Built-up  Area,Ready To Move,Sompura,2.0,2.0,39.0,1126.0,2.0
Plot  Area,Ready To Move,Mysore Road,1.0,0.0,23.0,45.0,1.0
Super built-up  Area,18-May,Raja Rajeshwari Nagar,2.0,0.0,65.0,1162.0,2.0
Super built-up  Area,Ready To Move,Whitefield,2.0,2.0,65.0,1301.0,2.0
Super built-up  Area,19-Dec,Devanahalli,1.0,1.0,34.0,658.0,1.0
Plot  Area,Ready To Move,Sahakara Nagar,3.0,1.0,250.0,1350.0,3.0
Super built-up  Area,Ready To Move,Whitefield,3.0,2.0,280.0,2500.0,3.0
Built-up  Area,Ready To Move,1st Phase JP Nagar,1.0,1.0,63.0,839.907117,1.0
Built-up  Area,Ready To Move,Chandapura,3.0,2.0,42.0,1208.51,3.0
Super built-up  Area,Ready To Move,Raja Rajeshwari Nagar,2.0,2.0,38.41,1133.0,2.0
Super built-up  Area,Ready To Move,Shettigere,2.0,1.0,116.0,1760.0,3.0
Super built-up  Area,Ready To Move,Bisuvanahalli,2.0,1.0,52.0,1075.0,3.0
Super built-up  Area,Ready To Move,Sarjapur,2.0,1.0,25.38,940.0,2.0
Super built-up  Area,Ready To Move,Badavala Nagar,2.0,2.0,57.0,1145.0,2.0
Super built-up  Area,Ready To Move,Bannerghatta Road,2.0,0.0,67.73,1302.5,2.0
Built-up  Area,Ready To Move,Rahat Bagh,5.0,1.0,550.0,3900.0,4.0
Super built-up  Area,Ready To Move,Omarbagh Layout,5.0,0.0,268.5,3317.5,4.0
Built-up  Area,Ready To Move,Dasarahalli,2.0,2.0,50.0,1300.0,2.0
Super built-up  Area,Ready To Move,Malleshwaram,4.0,3.0,326.0,2475.0,3.0
Super built-up  Area,Ready To Move,6th Phase JP Nagar,3.0,2.0,200.0,2040.0,3.0
Built-up  Area,Ready To Move,Hosakerehalli,1.0,0.0,150.0,1200.0,1.0
Plot  Area,Ready To Move,Jigani,4.0,1.0,190.0,2420.0,4.0
Built-up  Area,Ready To Move,Thubarahalli,2.0,1.0,80.0,1216.0,2.0
Super built-up  Area,Ready To Move,Tumkur Road,2.0,1.0,110.0,1459.0,3.0
Super built-up  Area,Ready To Move,Jakkur,2.0,0.0,80.0,1622.0,3.0
Super built-up  Area,Ready To Move,Kanakpura Road,3.0,2.0,85.0,1843.0,3.0
Super built-up  Area,20-Jan,Badavala Nagar,2.0,1.0,81.0,1274.0,2.0
Plot  Area,Ready To Move,Chikkasandra,1.0,1.0,52.0,600.0,2.0
Super built-up  Area,Ready To Move,Malleshpalya,2.0,1.0,69.5,1430.0,3.0
Plot  Area,Ready To Move,Kammanahalli,2.0,0.0,280.0,1800.0,4.0
Super built-up  Area,Ready To Move,Begur Road,2.0,2.0,57.91,1565.0,3.0
Super built-up  Area,Ready To Move, Devarabeesana Halli,3.0,2.0,160.0,1670.0,3.0
Super built-up  Area,Ready To Move,Lakshminarayana Pura,3.0,2.0,150.0,1695.0,3.0
Super built-up  Area,Ready To Move,Akshayanagara West,2.0,2.0,75.0,1410.0,2.0
Super built-up  Area,Ready To Move,Kengeri Satellite Town,2.0,3.0,42.0,1060.0,2.0
Built-up  Area,Ready To Move,Sarjapur  Road,2.0,2.0,50.0,1120.0,2.0
Plot  Area,Ready To Move,Hosa Road,2.0,0.0,50.0,880.0,2.0
Super built-up  Area,19-Dec,Jalahalli,2.0,1.0,32.49,1083.0,2.0
Super built-up  Area,Ready To Move,Dodda Nekkundi,3.0,3.0,57.2,1435.0,3.0
Super built-up  Area,Ready To Move,Doddakallasandra,2.0,2.0,56.99,1425.0,3.0
Super built-up  Area,Ready To Move,Arekere,2.0,3.0,50.0,900.0,2.0
Built-up  Area,18-Feb,Escorts Colony,5.0,2.0,93.0,2400.0,5.0
Built-up  Area,21-Dec,Thanisandra,1.0,1.0,34.3,693.0,1.0
Plot  Area,Ready To Move,Kengeri,3.0,1.0,90.0,600.0,3.0
Super built-up  Area,20-Dec,Electronic City,4.0,3.0,119.0,2435.0,4.0
Super built-up  Area,18-Aug,Iblur Village,3.0,2.0,150.0,1920.0,3.0
Super built-up  Area,18-Mar,Electronic City,1.0,1.0,47.0,630.0,1.0
Super built-up  Area,Ready To Move,Bisuvanahalli,2.0,1.0,50.0,1075.0,3.0
Plot  Area,Ready To Move,Hulimavu,5.0,0.0,101.0,1200.0,5.0
Super built-up  Area,Ready To Move,Nagavarapalya,1.0,1.0,55.0,705.0,1.0
Super built-up  Area,18-Dec,Srinivasa Nagar,2.0,2.0,75.6,1200.0,3.0
Super built-up  Area,Ready To Move,Mahadevpura,2.0,2.0,62.0,1532.0,2.0
Super built-up  Area,Ready To Move,Rajiv Nagar,2.0,1.0,93.0,1330.0,2.0
Plot  Area,Ready To Move,3rd Block Hrbr Layout,3.0,1.0,210.0,1200.0,4.0
Built-up  Area,Ready To Move,Sarjapur  Road,2.0,2.0,60.0,1530.0,3.0
Super built-up  Area,Ready To Move,Kasavanhalli,2.0,2.0,42.0,1105.0,2.0
Plot  Area,Ready To Move,1st Phase JP Nagar,2.0,0.0,180.0,1566.0,2.0
Super built-up  Area,18-Jul,Harlur,3.0,1.0,95.1,1630.0,3.0
Built-up  Area,Ready To Move,5th Phase JP Nagar,2.0,1.0,62.8,1256.0,2.0
Built-up  Area,Ready To Move,Banashankari,6.0,2.0,180.0,1200.0,6.0
Built-up  Area,Ready To Move,Brookefield,2.0,3.0,75.0,1595.0,3.0
Super built-up  Area,Ready To Move,7th Phase JP Nagar,2.0,2.0,53.0,1000.0,2.0
Super built-up  Area,Ready To Move,Poorna Pragna Layout,2.0,2.0,58.99,1475.0,3.0
Plot  Area,18-May,"asha township, off hennur road",5.0,3.0,285.0,2400.0,5.0
Super built-up  Area,18-May,Electronic City Phase II,2.0,1.0,28.88,1000.0,2.0
Plot  Area,Ready To Move,1A Block Koramangala,4.0,1.0,650.0,2360.0,4.0
Super built-up  Area,Ready To Move,Uttarahalli,2.0,3.0,95.0,1737.0,3.0
Super built-up  Area,18-Aug,Electronic City Phase II,2.0,1.0,28.88,1000.0,2.0
Super built-up  Area,Ready To Move,Near International Airport,4.0,2.0,150.0,2100.0,4.0
Built-up  Area,Ready To Move,Hosakerehalli,6.0,1.0,145.0,3600.0,8.0
Built-up  Area,Ready To Move,Mysore Road,2.0,1.0,50.0,883.0,2.0
Super built-up  Area,Ready To Move,Haralur Road,2.0,2.0,46.0,1243.0,2.0
Super built-up  Area,Ready To Move,BTM Layout,2.0,3.0,75.0,1776.0,3.0
Super built-up  Area,19-Dec,Anjanapura,2.0,1.0,37.72,1347.0,3.0
Super built-up  Area,Ready To Move,Whitefield,2.0,2.0,55.0,1330.0,3.0
Plot  Area,Ready To Move,Sector 1 HSR Layout,2.0,1.0,120.0,600.0,2.0
Built-up  Area,Ready To Move,Rajaji Nagar,4.0,3.0,370.0,3730.0,4.0
Super built-up  Area,Ready To Move,Harlur,3.0,2.0,135.0,1459.0,3.0
Super built-up  Area,19-Dec,Thanisandra,5.0,2.0,135.0,2259.0,4.0
Built-up  Area,Ready To Move,JP Nagar,4.0,1.0,160.0,2700.0,7.0
Super built-up  Area,Ready To Move,Gubbalala,2.0,2.0,32.25,1008.0,2.0
Super built-up  Area,Ready To Move,NTI Layout,2.0,2.0,52.5,1200.0,2.0
Super built-up  Area,18-May,Vasanth nagar,4.0,1.0,528.0,2328.0,4.0
Plot  Area,Ready To Move,BTM 1st Stage,7.0,3.0,110.0,600.0,7.0
Super built-up  Area,Ready To Move,Electronic City,1.0,1.0,15.5,660.0,2.0
Super built-up  Area,Ready To Move,Rajaji Nagar,2.0,2.0,250.0,1800.0,3.0
Super built-up  Area,Ready To Move,Rajaji Nagar,4.0,3.0,550.0,3100.0,4.0
Super built-up  Area,19-Aug,Yelahanka,2.0,0.0,50.58,1405.0,2.0
Super built-up  Area,18-May,Yelahanka,1.0,1.0,26.0,602.0,1.0
Super built-up  Area,Ready To Move,Marathahalli,3.0,2.0,100.0,1710.0,3.0
Super built-up  Area,Ready To Move,JP Nagar,2.0,3.0,82.0,1500.0,3.0
Built-up  Area,Ready To Move,Glass Factory Layout,3.0,2.0,60.0,1539.0,3.0
Plot  Area,Ready To Move,Fraser town,3.0,1.0,128.0,806.0,6.0
Super built-up  Area,20-Dec,Judicial Layout,2.0,1.0,53.0,1100.0,3.0
Super built-up  Area,Ready To Move,Raja Rajeshwari Nagar,2.0,1.0,49.0,1151.0,2.0
Super built-up  Area,Ready To Move,Dasappa Layout,2.0,1.0,46.0,920.0,2.0
Super built-up  Area,Ready To Move,Kathriguppe,3.0,3.0,78.3,1350.0,3.0
Super built-up  Area,Ready To Move,Bannerghatta Road,2.0,2.0,65.0,1200.0,2.0
Super built-up  Area,Ready To Move,Thanisandra,2.0,1.0,78.0,1265.0,2.0
Plot  Area,Ready To Move,Chelekare,6.0,2.0,60.0,600.0,8.0
Super built-up  Area,18-Apr,Sarjapur  Road,3.0,2.0,93.5,1700.0,3.0
Built-up  Area,Ready To Move,Ramamurthy Nagar,3.0,0.0,75.0,1600.0,3.0
Built-up  Area,Ready To Move,4th T block Jayanagar,4.0,1.0,120.0,1550.0,4.0
Built-up  Area,Ready To Move,R.T. Nagar,3.0,3.0,125.0,1560.0,3.0
Plot  Area,18-Jan,Horamavu Agara,5.0,3.0,98.0,1000.0,6.0
Super built-up  Area,Ready To Move,Haralur Road,2.0,2.0,46.0,1243.0,2.0
Plot  Area,Ready To Move,Raja Rajeshwari Nagar,4.0,1.0,160.0,1200.0,4.0
Super built-up  Area,Ready To Move,Sarjapur  Road,3.0,1.0,56.0,1403.0,3.0
Super built-up  Area,Ready To Move,Doddakallasandra,2.0,1.0,40.39,1010.0,2.0
Super built-up  Area,Ready To Move,Tumkur Road,3.0,1.0,94.0,1416.0,3.0
Super built-up  Area,Ready To Move,Kanakpura Road,2.0,2.0,68.0,1628.0,2.0
Plot  Area,Ready To Move,Chamrajpet,4.0,2.0,211.0,1660.4,4.0
Super built-up  Area,Ready To Move,7th Phase JP Nagar,3.0,2.0,125.0,1680.0,3.0
Super built-up  Area,Ready To Move,Doddathoguru,3.0,3.0,62.0,1595.0,3.0
Super built-up  Area,Ready To Move,Kanakpura Road,2.0,3.0,95.0,1507.0,3.0
Super built-up  Area,Ready To Move,Frazer Town,3.0,2.0,288.0,2560.0,3.0
Super built-up  Area,Ready To Move,Hennur Road,3.0,1.0,133.0,1949.0,3.0
Plot  Area,Ready To Move,BTM 2nd Stage,2.0,1.0,175.0,800.0,2.0
Built-up  Area,18-Dec,Electronic City Phase II,2.0,1.0,28.88,1000.0,2.0
Super built-up  Area,20-Jun,Sonam Layout,2.0,1.0,50.0,905.0,2.0
Super built-up  Area,Ready To Move,Hosakerehalli,3.0,2.0,245.0,2480.0,3.0
Super built-up  Area,Ready To Move,CR Layout,3.0,2.0,200.0,1495.0,3.0
Super built-up  Area,Ready To Move,Kaikondrahalli,3.0,3.0,105.0,1605.0,3.0
Built-up  Area,Ready To Move,Bommanahalli,2.0,1.0,73.0,1290.0,2.0
Super built-up  Area,Ready To Move,Yelahanka,2.0,1.0,60.0,1100.0,2.0
Super built-up  Area,Ready To Move,Vishveshwarya Layout,6.0,0.0,92.0,2100.0,6.0
Super built-up  Area,Ready To Move,Electronics City Phase 1,2.0,1.0,49.8,995.0,2.0
Plot  Area,Ready To Move,Banashankari Stage II,2.0,1.0,55.0,500.0,2.0
Super built-up  Area,Ready To Move,Rajaji Nagar,4.0,3.0,598.0,3526.0,4.0
Super built-up  Area,Ready To Move,Gottigere,2.0,2.0,47.0,1425.0,3.0
Super built-up  Area,Ready To Move,BTM 4th Stage,2.0,2.0,55.0,1455.0,3.0
Super built-up  Area,Ready To Move,Jalahalli West,1.0,1.0,23.0,550.0,1.0
Super built-up  Area,Ready To Move,Uttarahalli,2.0,2.0,48.48,1385.0,3.0
Plot  Area,Ready To Move,Vishveshwarya Layout,4.0,2.0,210.0,7000.0,4.0
Super built-up  Area,Ready To Move,Srinivasa Nagar,3.0,0.0,130.0,4000.0,5.0
Super built-up  Area,18-May,Gollahalli,2.0,1.0,53.0,1060.0,2.0
Super built-up  Area,Ready To Move,AGS Layout,2.0,2.0,75.0,1080.0,3.0
Built-up  Area,Ready To Move,HBR Layout,3.0,2.0,125.0,1783.0,3.0
Super built-up  Area,18-Mar,Haralur Road,2.0,2.0,90.0,1520.0,3.0
Super built-up  Area,Ready To Move,Sarjapur  Road,2.0,1.0,55.0,1060.0,2.0
Super built-up  Area,Ready To Move,Raja Rajeshwari Nagar,2.0,1.0,54.35,1267.0,2.0
Super built-up  Area,Ready To Move,Whitefield,2.0,2.0,55.0,1155.0,2.0
Built-up  Area,Ready To Move,Karuna Nagar,3.0,2.0,180.0,2500.0,3.0
Super built-up  Area,Ready To Move,Bannerghatta Road,2.0,1.0,65.0,1240.0,2.0
Super built-up  Area,Ready To Move,Gollahalli,3.0,2.0,78.0,1570.0,3.0
Super built-up  Area,Ready To Move,NGR Layout,2.0,1.0,45.9,1019.0,2.0
Super built-up  Area,Ready To Move,Whitefield,3.0,3.0,76.0,1355.0,2.0
Super built-up  Area,Ready To Move,Arekempanahalli,3.0,2.0,110.0,1537.0,3.0
Super built-up  Area,Ready To Move,Whitefield,5.0,3.0,226.0,4075.0,4.0
Super built-up  Area,Ready To Move,Raja Rajeshwari Nagar,3.0,3.0,52.45,1550.0,3.0
Built-up  Area,Ready To Move,Raja Rajeshwari Nagar,2.0,1.0,50.0,1100.0,2.0
Super built-up  Area,Ready To Move, Devarabeesana Halli,3.0,2.0,150.0,1750.0,3.0
Super built-up  Area,18-Mar,9th Phase JP Nagar,2.0,2.0,71.0,1466.0,2.0
Super built-up  Area,Ready To Move,Rachenahalli,3.0,2.0,72.5,1550.0,3.0
Super built-up  Area,Ready To Move,Akshaya Nagar,4.0,3.0,102.0,2300.0,3.0
Super built-up  Area,19-Aug,Kengeri,1.0,1.0,22.5,540.0,1.0
Plot  Area,Ready To Move,8th Phase JP Nagar,3.0,2.0,130.0,950.0,3.0
Built-up  Area,Ready To Move,Chamundi Nagar,7.0,1.0,250.0,2800.0,7.0
Super built-up  Area,Ready To Move,Silk Board,2.0,3.0,48.0,1020.0,2.0
Super built-up  Area,Ready To Move,Cunningham Road,3.0,2.0,501.0,2880.0,3.0
Super built-up  Area,Ready To Move,Hebbal,4.0,2.0,165.0,1987.0,3.0
Super built-up  Area,Ready To Move,Hoodi,2.0,1.0,75.0,1305.0,2.0
Built-up  Area,Ready To Move,Sarjapur,3.0,1.0,125.0,2100.0,4.0
Built-up  Area,18-Dec,Electronic City,2.0,1.0,32.5,1125.0,2.0
Super built-up  Area,Ready To Move,Horamavu Banaswadi,2.0,2.0,49.5,1225.0,2.0
Super built-up  Area,Ready To Move,Hennur,2.0,1.0,55.5,1255.0,2.0
Super built-up  Area,Ready To Move,MRCR Layout,2.0,1.0,90.0,1191.0,2.0
Plot  Area,Ready To Move,Uttarahalli,6.0,2.0,303.0,3600.0,6.0
Built-up  Area,18-Dec,Electronic City,2.0,1.0,33.64,1165.0,2.0
Super built-up  Area,18-Apr,Kacharakanahalli,2.0,1.0,35.11,865.0,2.0
Super built-up  Area,Ready To Move,Nagarbhavi,2.0,2.0,88.0,1850.0,3.0
Super built-up  Area,Ready To Move,Marsur,1.0,1.0,17.0,497.0,2.0
Super built-up  Area,19-Mar,Hennur Road,2.0,2.0,89.0,1232.0,2.0
Super built-up  Area,21-Nov,Thanisandra,3.0,3.0,85.73,1732.0,3.0
Super built-up  Area,Ready To Move,Yelahanka,2.0,1.0,100.0,1614.0,3.0
Built-up  Area,Ready To Move,Magadi Road,1.0,1.0,22.0,600.0,2.0
Super built-up  Area,Ready To Move,Thigalarapalya,4.0,2.0,155.0,2072.0,3.0
Super built-up  Area,Ready To Move,Electronic City,2.0,2.0,34.0,919.0,2.0
Built-up  Area,Ready To Move,Shettihalli,4.0,1.0,90.0,2100.0,4.0
Built-up  Area,Ready To Move,Shampura,3.0,1.0,54.0,672.0,4.0
Built-up  Area,Ready To Move,J C Nagar,6.0,3.0,110.0,800.0,8.0
Plot  Area,Ready To Move,Marsur,3.0,1.0,150.0,1200.0,3.0
Super built-up  Area,Ready To Move,OLd Gurappanapalya,5.0,2.0,250.0,2849.0,4.0
Built-up  Area,Ready To Move,Doctors Layout,2.0,2.0,42.0,1000.0,2.0
Super built-up  Area,Ready To Move,Whitefield,2.0,1.0,75.0,1216.0,2.0
Super built-up  Area,Ready To Move,Lingadheeranahalli,4.0,2.0,154.0,2245.0,4.0
Super built-up  Area,18-Feb,Bannerghatta Road,3.0,1.0,125.0,1476.0,3.0
Super built-up  Area,Ready To Move,Ambedkar Nagar,3.0,2.0,130.0,1852.0,3.0
Super built-up  Area,18-Aug,Udaya Nagar,2.0,2.0,47.0,1225.0,2.0
Super built-up  Area,Ready To Move,Panathur,3.0,1.0,67.12,1597.0,3.0
Super built-up  Area,19-Dec,Jakkur,4.0,3.0,160.0,2423.0,3.0
Super built-up  Area,19-Mar,Marathahalli,2.0,1.0,90.0,1152.0,2.0
Super built-up  Area,Ready To Move,Harlur,3.0,2.0,133.0,1762.0,3.0
Plot  Area,Ready To Move,Kammasandra,3.0,2.0,92.0,1400.0,3.0
Super built-up  Area,Ready To Move,Rachenahalli,2.0,2.0,74.4,1530.0,3.0
Plot  Area,Ready To Move,New Thippasandra,6.0,3.0,400.0,2400.0,6.0
Super built-up  Area,Ready To Move,Raja Rajeshwari Nagar,2.0,2.0,40.17,1185.0,2.0
Super built-up  Area,18-May,Yelahanka,3.0,2.0,108.0,1890.0,3.0
Super built-up  Area,Ready To Move,Varthur Road,2.0,2.0,58.0,1247.0,3.0
Plot  Area,Ready To Move,1st Block Jayanagar,4.0,2.0,104.0,700.0,8.0
Plot  Area,Ready To Move,HRBR Layout,6.0,3.0,275.0,1000.0,6.0
Super built-up  Area,Ready To Move,Bellandur,2.0,2.0,59.99,1201.0,2.0
Built-up  Area,18-Feb,Gunjur Palya,2.0,2.0,40.0,830.0,2.0
Built-up  Area,18-Jul,Electronic City Phase II,2.0,1.0,30.29,1165.0,2.0
Super built-up  Area,Ready To Move,Bommanahalli,1.0,2.0,55.0,1100.0,2.0
Built-up  Area,Ready To Move,9th Phase JP Nagar,2.0,2.0,93.0,1890.0,3.0
Super built-up  Area,Ready To Move,Maithri Layout,3.0,2.0,60.0,1685.0,3.0
Super built-up  Area,Ready To Move,Sarakki Nagar,4.0,3.0,349.0,3131.0,4.0
Super built-up  Area,Ready To Move,Battarahalli,2.0,1.0,43.0,1165.0,2.0
Super built-up  Area,Ready To Move,Kachanayakanahalli,2.0,1.0,45.0,827.0,2.0
Plot  Area,Ready To Move,Gangondanahalli,2.0,0.0,48.0,396.0,3.0
Plot  Area,Ready To Move,Uttarahalli,4.0,3.0,179.0,1200.0,4.0
Built-up  Area,Ready To Move,Electronics City Phase 1,1.0,0.0,26.0,635.0,1.0
Built-up  Area,Ready To Move,Whitefield,4.0,3.0,380.0,4000.0,4.0
Super built-up  Area,Ready To Move,Vishwanatha Nagenahalli,2.0,1.0,50.0,1050.0,2.0
Built-up  Area,Ready To Move,D Group Employees Layout,4.0,3.0,76.0,600.0,5.0
Super built-up  Area,22-May,Jakkur,3.0,2.0,168.0,1819.18,3.0
Plot  Area,Ready To Move,Kanakapura,3.0,3.0,125.0,1500.0,3.0
Super built-up  Area,Ready To Move,Yelenahalli,2.0,2.0,57.0,1500.0,3.0
Super built-up  Area,Ready To Move,Benson Town,4.0,3.0,470.0,2850.0,3.0
Super built-up  Area,Ready To Move,Raja Rajeshwari Nagar,3.0,3.0,72.0,1751.0,3.0
Super built-up  Area,18-Jan,Vasanth nagar,6.0,1.0,1102.0,4750.0,4.0
Super built-up  Area,18-Jun,Bommasandra,2.0,1.0,40.89,1020.0,2.0
Super built-up  Area,Ready To Move,Thanisandra,2.0,1.0,43.5,1148.0,2.0
Super built-up  Area,18-Aug,Talaghattapura,3.0,2.0,135.0,1856.0,3.0
Plot  Area,Ready To Move,Basavangudi,6.0,2.0,650.0,1754.0,6.0
Plot  Area,Ready To Move,2nd Block Hrbr Layout,3.0,2.0,1100.0,4273.0,3.0
Super built-up  Area,Ready To Move,B Narayanapura,2.0,1.0,49.27,1060.0,2.0
Built-up  Area,Ready To Move,Haralur Road,2.0,2.0,60.0,1300.0,2.0
Built-up  Area,Ready To Move,Hormavu,4.0,0.0,100.0,3000.0,4.0
Super built-up  Area,Ready To Move,Bellandur,2.0,2.0,65.0,1325.0,2.0
Super built-up  Area,Ready To Move,Sai Gardens,2.0,2.0,61.0,1261.0,2.0
Super built-up  Area,Ready To Move,Manayata Tech Park,2.0,2.0,46.0,1100.0,2.0
Built-up  Area,Ready To Move,Ramamurthy Nagar,2.0,1.0,33.0,700.0,2.0
Super built-up  Area,Ready To Move,7th Phase JP Nagar,2.0,2.0,135.0,1675.0,3.0
Plot  Area,Ready To Move,Ullal Road,4.0,2.0,190.0,3400.0,4.0
Super built-up  Area,18-Aug,Kodihalli,5.0,3.0,388.0,3260.0,4.0
Super built-up  Area,Ready To Move,Doddakammanahalli,2.0,2.0,56.0,1180.0,2.0
Built-up  Area,Ready To Move,Uttarahalli,2.0,2.0,45.0,1160.0,2.0
Super built-up  Area,Ready To Move,Kasavanhalli,3.0,2.0,105.0,1863.0,4.0
Super built-up  Area,Ready To Move,Sahakara Nagar,3.0,2.0,149.0,1914.0,3.0
Super built-up  Area,Ready To Move,BTM Layout,3.0,2.0,79.0,1458.0,3.0
Plot  Area,Ready To Move,Thirumenahalli,4.0,2.0,115.0,1200.0,5.0
Built-up  Area,Ready To Move,Babusapalaya,2.0,1.0,40.0,1105.0,2.0
Super built-up  Area,Ready To Move,Hulimavu,5.0,3.0,220.0,3035.0,3.0
Plot  Area,Ready To Move,Bannerghatta Road,6.0,3.0,160.0,1200.0,6.0
Super built-up  Area,Ready To Move,Akshaya Nagar,3.0,2.0,90.0,1662.0,3.0
Super built-up  Area,Ready To Move,Yelahanka,3.0,2.0,86.0,1556.0,3.0
Super built-up  Area,Ready To Move,Jigani,2.0,2.0,50.0,918.0,2.0
Super built-up  Area,Ready To Move,Sarjapur  Road,2.0,1.0,98.0,1455.0,3.0
Super built-up  Area,Ready To Move,Jakkasandra Extension,2.0,1.0,70.0,1205.0,2.0
Super built-up  Area,Ready To Move,BEML Layout,2.0,1.0,65.0,1194.0,2.0
Plot  Area,Ready To Move,Laggere,2.0,0.0,75.0,1200.0,2.0
Built-up  Area,Ready To Move,Bannerghatta Road,2.0,2.0,52.0,1100.0,3.0
Super built-up  Area,Ready To Move,Sarjapur  Road,3.0,2.0,48.87,1405.0,3.0
Super built-up  Area,Ready To Move,Subramanyapura,2.0,1.0,56.0,929.0,2.0
Built-up  Area,Ready To Move,Frazer Town,5.0,2.0,341.0,3436.0,4.0
Super built-up  Area,Ready To Move,7th Phase JP Nagar,2.0,1.0,39.33,1035.0,2.0
Super built-up  Area,Ready To Move,8th Phase JP Nagar,4.0,3.0,92.0,2100.0,4.0
Super built-up  Area,17-Jul,Channasandra,2.0,1.0,40.47,1065.0,2.0
Super built-up  Area,22-Dec,Bannerghatta Road,3.0,0.0,84.29,1532.5,3.0
Plot  Area,Ready To Move,Kengeri,6.0,3.0,150.0,1500.0,6.0
Plot  Area,Ready To Move,Hullahalli,5.0,2.0,99.0,1200.0,5.0
Super built-up  Area,18-Apr,Hormavu,2.0,1.0,32.78,1093.0,2.0
Built-up  Area,Ready To Move,Anandapura,2.0,2.0,45.0,1250.0,2.0
Super built-up  Area,Ready To Move,Marathahalli,3.0,3.0,105.0,1680.0,3.0
Super built-up  Area,Ready To Move,Nagarbhavi,2.0,1.0,50.0,1146.0,2.0
Super built-up  Area,18-Apr,Jagajyothi layout,2.0,3.0,58.0,1250.0,2.0
Super built-up  Area,17-Oct,Ramagondanahalli,3.0,1.0,60.44,1451.0,3.0
Super built-up  Area,Ready To Move,Nobo Nagar,2.0,3.0,55.0,1424.0,3.0
Super built-up  Area,Ready To Move,Gottigere,2.0,3.0,62.0,1435.0,3.0
Super built-up  Area,18-Apr,Devanahalli,1.0,0.0,26.91,658.0,1.0
Super built-up  Area,18-Jan,Bommanahalli,3.0,2.0,45.0,1300.0,3.0
Super built-up  Area,Ready To Move,Whitefield,2.0,2.0,65.0,1242.0,2.0
Super built-up  Area,Ready To Move,Marathahalli,3.0,3.0,119.0,1910.0,3.0
Super built-up  Area,Ready To Move,Yelahanka,4.0,2.0,85.0,1610.0,3.0
Super built-up  Area,Ready To Move,Hulimavu,2.0,1.0,65.0,1127.0,2.0
Super built-up  Area,Ready To Move,Yelahanka,2.0,1.0,42.0,1075.0,3.0
Super built-up  Area,Ready To Move,Mysore Road,2.0,1.0,51.0,1155.0,2.0
Plot  Area,Ready To Move,Lakkasandra Extension,3.0,1.0,250.0,1280.0,5.0
Super built-up  Area,Ready To Move,Krishna Reddy Layout,3.0,1.0,55.0,1250.0,3.0
Plot  Area,18-Mar,Kuvempu Layout,4.0,2.0,160.0,2200.0,3.0
Built-up  Area,Ready To Move,Billekahalli,3.0,1.0,150.0,2400.0,3.0
Super built-up  Area,Ready To Move,Chandapura,2.0,2.0,29.5,876.0,2.0
Super built-up  Area,Ready To Move,Nagarbhavi,2.0,2.0,89.0,1850.0,3.0
Super built-up  Area,18-Apr,Kadugodi,2.0,3.0,83.0,1314.0,2.0
Super built-up  Area,20-Aug,Rachenahalli,1.0,1.0,39.8,690.0,1.0
Built-up  Area,Ready To Move,Electronic City Phase II,2.0,2.0,167.5,3550.0,4.0
Built-up  Area,Ready To Move,Srirampura,2.0,3.0,55.0,1230.0,2.0
Super built-up  Area,18-May,Bommasandra,2.0,1.0,37.2,920.0,2.0
Built-up  Area,Ready To Move,Sarjapur  Road,3.0,3.0,140.0,1850.0,3.0
Super built-up  Area,Ready To Move,Electronic City,2.0,2.0,60.0,1073.0,2.0
Super built-up  Area,Ready To Move,Maithri Layout,3.0,3.0,76.0,1540.0,3.0
Super built-up  Area,Ready To Move,Kanakpura Road,3.0,3.0,63.5,1550.0,3.0
Super built-up  Area,Ready To Move,Kalyan nagar,2.0,1.0,65.0,1198.0,2.0
Super built-up  Area,Ready To Move,HBR Layout,3.0,2.0,90.0,1656.0,3.0
Super built-up  Area,Ready To Move,Kaveri Nagar,3.0,3.0,155.0,1900.0,3.0
Built-up  Area,Ready To Move,Ramagondanahalli,3.0,2.0,142.0,1910.0,3.0
Super built-up  Area,Ready To Move,Mysore Road,2.0,1.0,43.0,1003.0,2.0
Built-up  Area,Ready To Move,Chickpet,2.0,0.0,48.0,1098.0,2.0
Super built-up  Area,Ready To Move,Whitefield,2.0,2.0,67.0,1495.0,3.0
Super built-up  Area,19-Dec,Thanisandra,3.0,2.0,76.02,2172.0,3.0
Plot  Area,Ready To Move,Sarakki Nagar,4.0,2.0,358.0,2400.0,4.0
Plot  Area,Ready To Move,T G extension,1.0,2.0,95.0,1200.0,2.0
Super built-up  Area,Ready To Move,Whitefield,3.0,1.0,65.0,1548.0,3.0
Plot  Area,18-Mar,2nd Block Koramangala,5.0,2.0,972.0,5400.0,7.0
Super built-up  Area,18-Dec,Whitefield,5.0,0.0,154.5,2856.0,4.0
Super built-up  Area,18-Jul,Hosur Road,3.0,1.0,103.0,1689.0,3.0
Super built-up  Area,Ready To Move,Electronic City Phase II,2.0,1.0,53.0,1031.0,2.0
Super built-up  Area,18-Jul,Bhoganhalli,4.0,2.0,111.0,2119.0,4.0
Plot  Area,18-Dec,Whitefield,2.0,2.0,46.13,1200.0,2.0
Super built-up  Area,Ready To Move,JCR Layout,2.0,2.0,37.0,1060.0,2.0
Super built-up  Area,Ready To Move,Devi Nagar,2.0,1.0,61.0,1100.0,2.0
Plot  Area,Ready To Move,GKW Layout,4.0,2.0,225.0,1350.0,4.0
Plot  Area,Ready To Move,Gandhi Nagar,4.0,1.0,80.0,1050.0,5.0
Super built-up  Area,Ready To Move,Hennur Road,2.0,1.0,77.88,1250.0,3.0
Super built-up  Area,18-May,8th Block Jayanagar,2.0,2.0,110.0,1100.0,2.0
Plot  Area,18-Aug,Whitefield,2.0,1.0,46.13,1200.0,2.0
Super built-up  Area,Ready To Move,Seegehalli,2.0,2.0,46.0,1420.0,3.0
Super built-up  Area,18-Apr,Electronic City,2.0,1.0,78.0,1500.0,3.0
Built-up  Area,Ready To Move,OLd Gurappanapalya,3.0,1.0,155.0,1942.0,3.0
Super built-up  Area,18-Dec,Haralur Road,3.0,2.0,130.0,1985.0,3.0
Super built-up  Area,18-Apr,Sarjapur  Road,1.0,0.0,39.9,950.0,1.0
Plot  Area,Ready To Move,AMS Layout,4.0,2.0,80.0,1200.0,3.0
Super built-up  Area,Ready To Move,Green Glen Layout,3.0,2.0,105.0,1752.0,3.0
Plot  Area,Ready To Move,Abbigere,3.0,2.0,120.0,1200.0,4.0
Plot  Area,Ready To Move,Mahalakshmi Layout,5.0,1.0,200.0,1200.0,5.0
Super built-up  Area,Ready To Move,Old Madras Road,2.0,2.0,84.0,1480.0,3.0
Plot  Area,Ready To Move,Jnana Ganga Nagar,4.0,1.0,81.0,600.0,3.0
Super built-up  Area,Ready To Move,Sarjapur  Road,3.0,2.0,130.0,1826.0,3.0
Super built-up  Area,Ready To Move,8th Phase JP Nagar,2.0,1.0,39.33,1035.0,2.0
Built-up  Area,Ready To Move,Sarjapur  Road,4.0,2.0,98.0,2600.0,4.0
Built-up  Area,Ready To Move,Kasavanhalli,3.0,2.0,92.0,1667.0,3.0
Super built-up  Area,Ready To Move,Thanisandra,2.0,2.0,55.0,934.0,2.0
Built-up  Area,Ready To Move,JP Nagar,3.0,1.0,69.34,909.872467,3.0
Super built-up  Area,Ready To Move,Mahadevpura,2.0,1.0,76.0,1620.0,3.0
Super built-up  Area,17-Jun,Electronic City,2.0,1.0,47.0,1070.0,2.0
Built-up  Area,Ready To Move,Hosur Road,5.0,3.0,180.0,3600.0,5.0
Super built-up  Area,18-Apr,Uttarahalli,2.0,2.0,60.0,1280.0,3.0
Super built-up  Area,Ready To Move,rr nagar,2.0,2.0,60.0,1400.0,2.0
Plot  Area,Ready To Move,Vishveshwarya Layout,8.0,2.0,180.0,1200.0,7.0
Built-up  Area,Ready To Move,"Varthur Road, ",2.0,1.0,64.0,1330.0,2.0
Super built-up  Area,19-Dec,Balagere,2.0,1.0,54.59,1012.0,2.0
Super built-up  Area,19-Dec,Electronic City Phase II,2.0,2.0,48.33,1611.0,3.0
Super built-up  Area,Ready To Move,Whitefield,3.0,2.0,58.0,1405.0,3.0
Super built-up  Area,Ready To Move,VGP Layout,3.0,3.0,90.0,1515.0,3.0
Super built-up  Area,Ready To Move,Thigalarapalya,4.0,2.0,150.0,1830.0,3.0
Built-up  Area,Ready To Move,Kaggadasapura,3.0,0.0,60.0,1710.0,3.0
Built-up  Area,Ready To Move,BTM Layout,2.0,1.0,51.5,935.0,2.0
Super built-up  Area,18-Apr,Jakkur,3.0,2.0,136.0,2197.0,3.0
Plot  Area,Ready To Move,TC Palaya,4.0,0.0,65.0,600.0,4.0
Super built-up  Area,Ready To Move,Yeshwanthpur,3.0,2.0,92.13,1678.0,3.0
Built-up  Area,Ready To Move,Brookefield,2.0,0.0,80.0,1410.0,3.0
Super built-up  Area,Ready To Move,Jakkur,2.0,2.0,65.0,1125.0,2.0
Super built-up  Area,Ready To Move,Magadi Road,2.0,1.0,55.38,1191.0,3.0
Super built-up  Area,Ready To Move,Thubarahalli,2.0,2.0,79.0,1200.0,2.0
Super built-up  Area,Ready To Move,CV Raman Nagar,2.0,3.0,67.0,1525.0,3.0
Super built-up  Area,Ready To Move,KUDLU MAIN ROAD,3.0,3.0,56.0,1464.0,3.0
Super built-up  Area,18-Dec,Seegehalli,2.0,1.0,27.0,920.0,2.0
Built-up  Area,Ready To Move,Yelahanka,1.0,1.0,17.5,651.0,1.0
Super built-up  Area,Ready To Move,Chikkabanavar,1.0,2.0,25.0,600.0,2.0
Super built-up  Area,18-Sep,Chandapura,1.0,1.0,16.45,645.0,1.0
Super built-up  Area,Ready To Move,Thanisandra,2.0,2.0,44.0,1185.0,2.0
Super built-up  Area,18-May,Electronics City Phase 1,2.0,1.0,68.0,1190.0,2.0
Plot  Area,Ready To Move,Harohalli,2.0,0.0,200.0,91040.4,2.0
Super built-up  Area,18-Dec,Whitefield,5.0,0.0,158.5,2856.0,4.0
Super built-up  Area,Ready To Move,Whitefield,2.0,3.0,73.0,1355.0,2.0
Plot  Area,Ready To Move,KR Puram,1.0,0.0,65.0,1200.0,2.0
Plot  Area,Ready To Move,Kundalahalli,4.0,3.0,550.0,7000.0,4.0
Plot  Area,Ready To Move,Ramamurthy Nagar,4.0,1.0,110.0,1200.0,6.0
Super built-up  Area,Ready To Move,Yelahanka New Town,2.0,1.0,24.0,500.0,1.0
Super built-up  Area,Ready To Move,Bommasandra Industrial Area,3.0,3.0,50.0,1250.0,3.0
Built-up  Area,Ready To Move,Uttarahalli,2.0,1.0,58.0,1480.0,3.0
Built-up  Area,Ready To Move,Ambalipura,4.0,2.0,329.0,3300.0,4.0
Super built-up  Area,18-May,KR Puram,2.0,2.0,70.445,1583.0,3.0
Super built-up  Area,Ready To Move,Green Woods Layout,2.0,1.0,53.0,1206.0,2.0
Super built-up  Area,18-Aug,Rajaji Nagar,2.0,1.0,130.0,1357.0,2.0
Built-up  Area,Ready To Move,Hosakerehalli,2.0,1.0,46.5,925.0,2.0
Super built-up  Area,Ready To Move,8th Phase JP Nagar,2.0,1.0,40.9,909.0,2.0
Plot  Area,Ready To Move,Seegehalli,5.0,2.0,335.0,3000.0,3.0
Built-up  Area,Ready To Move,Brookefield,2.0,1.0,55.0,1100.0,2.0
Plot  Area,18-May,Malleshwaram,5.0,2.0,815.0,3000.0,4.0
Super built-up  Area,Ready To Move,Vidyaranyapura,2.0,1.0,54.0,1100.0,2.0
Super built-up  Area,Ready To Move,Subramanyapura,2.0,1.0,65.0,975.0,2.0
Super built-up  Area,Ready To Move,Raja Rajeshwari Nagar,2.0,2.0,44.17,1306.0,2.0
Plot  Area,Ready To Move,Roopena Agrahara,4.0,1.0,95.0,1200.0,4.0
Super built-up  Area,Ready To Move,Kalena Agrahara,1.0,1.0,39.0,610.0,1.0
Super built-up  Area,Ready To Move,Yelahanka,2.0,2.0,56.4,1484.0,3.0
Super built-up  Area,17-May,Ramamurthy Nagar,2.0,1.0,47.0,1125.0,2.0
Super built-up  Area,18-Jul,Bhoganhalli,2.0,1.0,75.97,1447.0,2.0
Super built-up  Area,18-Dec,Whitefield,5.0,1.0,158.0,2882.0,4.0
Plot  Area,Ready To Move,Vidyaranyapura,4.0,0.0,88.0,750.0,4.0
Super built-up  Area,Ready To Move,Kundalahalli,3.0,1.0,115.0,2075.0,3.0
Built-up  Area,Ready To Move,Stage-4 Bommanahalli,2.0,1.0,58.0,1250.0,2.0
Super built-up  Area,Ready To Move,Horamavu Banaswadi,2.0,2.0,51.5,1272.0,2.0
Plot  Area,Ready To Move,Banashankari Stage II,3.0,2.0,125.0,1050.0,4.0
Super built-up  Area,18-Aug,Venkateshpuram,2.0,1.0,24.0,625.0,2.0
Built-up  Area,Ready To Move,1st Phase JP Nagar,2.0,2.0,50.0,840.0,1.0
Super built-up  Area,Ready To Move,Hennur Road,4.0,2.0,180.0,2502.0,4.0
Super built-up  Area,Ready To Move,Rayasandra,1.0,1.0,26.9,583.0,1.0
Super built-up  Area,18-Dec,Gunjur Palya,2.0,1.0,27.0,900.0,2.0
Super built-up  Area,Ready To Move,Sarjapur  Road,2.0,2.0,50.0,1115.0,2.0
Super built-up  Area,Ready To Move,HOSUR MAIN ROAD,2.0,2.0,56.0,1464.0,2.0
Built-up  Area,18-Mar,Kanakapura,3.0,1.0,121.0,2200.0,3.0
Super built-up  Area,19-Dec,Whitefield,1.0,1.0,51.0,750.0,1.0
Super built-up  Area,Ready To Move,Marathahalli,3.0,3.0,58.0,1600.0,3.0
Super built-up  Area,Ready To Move,Chikkalasandra,2.0,2.0,49.0,1365.0,3.0
Built-up  Area,21-Dec,"Judicial Layout, Kanakapura Road, ",3.0,2.0,64.0,1300.0,3.0
Built-up  Area,Ready To Move,Kurubarahalli,1.0,0.0,69.0,1200.0,1.0
Super built-up  Area,Ready To Move,Hormavu,2.0,2.0,35.0,1260.0,2.0
Super built-up  Area,Ready To Move,Electronics City Phase 1,2.0,2.0,33.92,1190.0,2.0
Super built-up  Area,Ready To Move,Hosakerehalli,4.0,1.0,260.0,2480.0,3.0
Super built-up  Area,18-May,Vishwapriya Layout,3.0,2.0,38.0,1250.0,3.0
Built-up  Area,Ready To Move,Kaggadasapura,3.0,0.0,75.0,1500.0,3.0
Super built-up  Area,Ready To Move,Banashankari Stage V,3.0,3.0,47.57,1510.0,3.0
Super built-up  Area,19-Jan,7th Phase JP Nagar,2.0,1.0,59.0,1187.0,2.0
Super built-up  Area,Ready To Move,Kundalahalli,2.0,1.0,53.76,1120.0,2.0
Super built-up  Area,20-Dec,Whitefield,2.0,0.0,34.555,1115.0,2.0
Super built-up  Area,Ready To Move,Dodsworth Layout,3.0,3.0,99.0,1717.0,3.0
Built-up  Area,Ready To Move,Mullur,3.0,2.0,95.0,2099.0,3.0
Super built-up  Area,Ready To Move,Kasturi Nagar,2.0,2.0,58.0,1100.0,2.0
Plot  Area,Ready To Move,Hegganahalli,1.0,0.0,48.0,1200.0,1.0
Built-up  Area,Ready To Move,Bannerghatta Road,2.0,1.0,45.87,1465.0,3.0
Plot  Area,Ready To Move,Kothanur,1.0,0.0,75.0,1500.0,1.0
Plot  Area,Ready To Move,Prashanth Nagar,4.0,1.0,600.0,4050.0,5.0
Super built-up  Area,Ready To Move,Haralur Road,2.0,1.0,90.0,1255.0,3.0
Super built-up  Area,Ready To Move,5th Phase JP Nagar,2.0,3.0,88.0,1220.0,2.0
Built-up  Area,18-Aug,Electronic City Phase II,2.0,1.0,30.88,1065.0,2.0
Built-up  Area,Ready To Move,Sultan Palaya,3.0,3.0,80.0,1765.0,3.0
Super built-up  Area,Ready To Move,Bellandur,2.0,2.0,87.0,1281.0,2.0
Super built-up  Area,Ready To Move,Electronic City,2.0,2.0,25.0,1210.0,2.0
Carpet  Area,Ready To Move,Kaggadasapura,2.0,3.0,43.0,1215.0,2.0
Plot  Area,Ready To Move,Ananth Nagar,3.0,1.0,87.0,1200.0,4.0
Super built-up  Area,Ready To Move,Mysore Road,2.0,2.0,73.0,1237.0,2.0
Super built-up  Area,Ready To Move,Lakshminarayana Pura,2.0,1.0,70.0,1300.0,2.0
Super built-up  Area,Ready To Move,Whitefield,2.0,2.0,39.99,1105.0,2.0
Super built-up  Area,Ready To Move,Chandapura,2.0,2.0,42.0,1505.0,3.0
Super built-up  Area,Ready To Move,Hebbal Kempapura,5.0,2.0,310.0,3900.0,4.0
Built-up  Area,Ready To Move,Banashankari,2.0,3.0,65.0,1186.0,2.0
Plot  Area,Ready To Move,Byrathi Village,3.0,1.0,51.0,900.0,4.0
Super built-up  Area,Ready To Move,Kengeri,2.0,1.0,35.5,750.0,2.0
Built-up  Area,Ready To Move,Varthur,2.0,2.0,28.0,1083.0,2.0
Built-up  Area,Ready To Move,Nagaraja Garden,2.0,1.0,78.65,1430.0,3.0
Super built-up  Area,Ready To Move,Thanisandra,2.0,2.0,68.0,1056.0,2.0
Super built-up  Area,Ready To Move,VGP Layout,3.0,3.0,85.0,2108.0,3.0
Super built-up  Area,Ready To Move,Banashankari,3.0,2.0,101.0,1650.0,3.0
Built-up  Area,18-Jul,Electronic City Phase II,3.0,1.0,36.6,1220.0,3.0
Super built-up  Area,Ready To Move,Rayasandra,2.0,1.0,54.0,1198.0,2.0
Super built-up  Area,Ready To Move,Ejipura,2.0,1.0,70.0,1190.0,2.0
Built-up  Area,21-Dec,"Judicial Layout, Kanakapura Road, ",2.0,1.0,41.0,900.0,2.0
Super built-up  Area,19-Dec,J.P.nagar 6th Phase.Sarakki Nagar,4.0,2.0,185.0,2690.0,4.0
Built-up  Area,Ready To Move,Kanakapura,2.0,2.0,65.0,1340.0,2.0
Plot  Area,18-Sep,Bommenahalli,3.0,2.0,2250.0,2940.0,4.0
Plot  Area,Ready To Move,Giri Nagar,6.0,1.0,400.0,2400.0,6.0
Super built-up  Area,19-Dec,Yelahanka,2.0,2.0,59.2,1260.0,2.0
Super built-up  Area,21-Feb,Talaghattapura,3.0,2.0,153.0,2254.0,3.0
Super built-up  Area,Ready To Move,Old Madras Road,5.0,1.0,210.0,2990.0,3.0
Built-up  Area,Ready To Move,1st Block BEL Layout,5.0,1.0,250.0,1800.0,4.0
Built-up  Area,Ready To Move,JP Nagar,2.0,1.0,45.0,820.0,2.0
Super built-up  Area,Ready To Move,Electronic City,2.0,2.0,65.0,1296.0,2.0
Super built-up  Area,Ready To Move,Uttarahalli,2.0,1.0,53.55,1190.0,2.0
Super built-up  Area,19-Dec,Whitefield,2.0,1.0,77.0,1173.0,2.0
Plot  Area,16-Dec,Sarjapura - Attibele Road,3.0,2.0,90.0,1800.0,3.0
Built-up  Area,Ready To Move,Yelahanka,2.0,0.0,52.0,1102.0,2.0
Super built-up  Area,Ready To Move,Sarjapur,2.0,1.0,36.0,913.0,2.0
Super built-up  Area,18-Apr,Hormavu,2.0,1.0,35.27,1176.0,3.0
Built-up  Area,Ready To Move,Prithvi Layout,3.0,2.0,65.0,1620.0,3.0
Super built-up  Area,Ready To Move,Billekahalli,3.0,2.0,225.0,2968.0,3.0
Super built-up  Area,17-Dec,Yelahanka,2.0,3.0,65.0,1519.0,2.0
Super built-up  Area,Ready To Move,Hosur Road,2.0,2.0,106.0,1345.0,2.0
Super built-up  Area,19-Dec,Dodsworth Layout,3.0,2.0,99.0,1594.0,3.0
Super built-up  Area,Ready To Move,Kaverappa Layout,2.0,1.0,68.0,1250.0,2.0
Super built-up  Area,Ready To Move,Haralur Road,2.0,1.0,60.0,1056.0,2.0
Plot  Area,18-Dec,Whitefield,3.0,1.0,68.4,1200.0,3.0
Plot  Area,Ready To Move,Kothnur Narayanapura,1.0,0.0,77.5,1290.0,2.0
Built-up  Area,Ready To Move,Amruthnagar,2.0,1.0,48.0,1150.0,2.0
Super built-up  Area,Ready To Move,Ambedkar Colony,2.0,1.0,145.0,1464.0,2.0
Plot  Area,Ready To Move,Anekal,2.0,1.0,36.0,1200.0,4.0
Built-up  Area,Ready To Move,Gollarapalya Hosahalli,2.0,0.0,36.5,861.0,2.0
Super built-up  Area,Ready To Move,Kundalahalli,2.0,1.0,82.62,1047.0,2.0
Plot  Area,Ready To Move,Lakshmipura,2.0,0.0,75.0,1200.0,2.0
Plot  Area,Ready To Move,Kirloskar Layout,10.0,2.0,190.0,1200.0,10.0
Built-up  Area,Ready To Move,Hongasandra,2.0,1.0,45.0,1065.0,2.0
Built-up  Area,Ready To Move,Rajaji Nagar,3.0,3.0,369.0,2300.0,3.0
Super built-up  Area,Ready To Move,Ramamurthy Nagar,2.0,1.0,62.0,1000.0,2.0
Super built-up  Area,Ready To Move,Lingadheeranahalli,3.0,1.0,113.0,1682.0,3.0
Super built-up  Area,Ready To Move,Harlur,3.0,2.0,131.0,1756.0,3.0
Plot  Area,Ready To Move,BEL Road,4.0,2.0,1000.0,4000.0,5.0
Super built-up  Area,Ready To Move,Vignana Nagar,4.0,2.0,90.0,1050.0,4.0
Super built-up  Area,Ready To Move,Vittasandra,2.0,1.0,67.32,1238.0,2.0
Super built-up  Area,Ready To Move,Dasanapura,2.0,1.0,42.0,814.0,2.0
Built-up  Area,Ready To Move,Dodda Nekkundi,2.0,1.0,46.5,1145.0,2.0
Super built-up  Area,Ready To Move,Varthur,2.0,1.0,34.0,965.0,2.0
Super built-up  Area,Ready To Move,Doddabele,2.0,1.0,36.0,750.0,2.0
Built-up  Area,Ready To Move,Banashankari,2.0,2.0,55.0,1300.0,3.0
Super built-up  Area,18-May,1st Phase JP Nagar,3.0,3.0,131.0,1590.0,3.0
Super built-up  Area,20-Aug,Begur Road,1.0,1.0,40.0,644.0,1.0
Super built-up  Area,18-Mar,Whitefield,2.0,1.0,37.0,982.0,2.0
Super built-up  Area,Ready To Move,Indira Nagar,2.0,2.0,100.0,1260.0,2.0
Super built-up  Area,Ready To Move,Rayasandra,3.0,2.0,75.17,1555.0,3.0
Built-up  Area,Ready To Move,Race Course Road,4.0,1.0,450.0,2500.0,4.0
Super built-up  Area,18-Aug,Kaggadasapura,2.0,2.0,48.0,1225.0,2.0
Super built-up  Area,Ready To Move,Electronics City Phase 1,2.0,1.0,46.0,1085.0,2.0
Super built-up  Area,Ready To Move,Rajaji Nagar,3.0,2.0,220.0,1640.0,3.0
Built-up  Area,18-Aug,Thanisandra,3.0,1.0,110.0,1595.0,3.0
Super built-up  Area,Ready To Move,Raja Rajeshwari Nagar,2.0,2.0,40.44,1196.0,2.0
Super built-up  Area,18-Mar,Yelahanka,3.0,1.0,108.0,1859.0,3.0
Super built-up  Area,21-Sep,9th Phase JP Nagar,2.0,1.0,60.0,1079.0,2.0
Built-up  Area,Ready To Move,Shivaji Nagar,1.0,1.0,27.0,550.0,2.0
Super built-up  Area,Ready To Move,Whitefield,2.0,1.0,42.0,1118.0,2.0
Super built-up  Area,Ready To Move,CV Raman Nagar,2.0,2.0,60.0,1198.0,2.0
Super built-up  Area,18-Jun,Chandapura,2.0,2.0,30.215,1162.5,3.0
Super built-up  Area,Ready To Move,Thigalarapalya,4.0,2.0,135.0,1830.0,3.0
Super built-up  Area,20-Oct,Banashankari Stage VI,2.0,1.0,59.0,1160.0,2.0
Super built-up  Area,Ready To Move,Srirampuram,2.0,1.0,156.0,1485.0,3.0
Super built-up  Area,Ready To Move,Ejipura,3.0,3.0,135.0,2070.0,3.0
Plot  Area,Ready To Move,Basaveshwara Nagar,4.0,1.0,150.0,750.0,6.0
Built-up  Area,17-Mar,Kannamangala,2.0,0.0,52.5,957.0,2.0
Plot  Area,Ready To Move,Basaveshwara Nagar,4.0,1.0,310.0,2400.0,5.0
Super built-up  Area,18-Dec,Bannerghatta Road,2.0,1.0,69.0,1268.0,2.0
Super built-up  Area,Ready To Move,Bannerghatta Road,2.0,2.0,87.0,1450.0,3.0
Built-up  Area,Ready To Move,Manorayana Palya,2.0,2.0,75.0,1600.0,3.0
Super built-up  Area,Ready To Move,Uttarahalli,2.0,1.0,57.0,1330.0,3.0
Super built-up  Area,Ready To Move,Jakkur,2.0,2.0,65.0,1355.0,3.0
Super built-up  Area,Ready To Move,Horamavu Banaswadi,2.0,2.0,51.5,1272.0,2.0
Super built-up  Area,Ready To Move,Abbaiah Reddy Layout,2.0,1.0,38.49,1100.0,2.0
Super built-up  Area,Ready To Move,Sarjapur  Road,3.0,2.0,58.0,1220.0,3.0
Super built-up  Area,Ready To Move,Chikkalasandra,2.0,1.0,46.76,1075.0,2.0
Super built-up  Area,Ready To Move,Lingarajapuram,2.0,1.0,55.0,800.0,2.0
Super built-up  Area,Ready To Move,Vasanthapura,2.0,1.0,34.82,995.0,2.0
Built-up  Area,Ready To Move,Vasantha Vallabha Nagar,1.0,1.0,44.0,900.0,2.0
Super built-up  Area,Ready To Move,Haralur Road,2.0,1.0,42.0,1140.0,2.0
Super built-up  Area,Ready To Move,Ganga Nagar,2.0,2.0,125.0,1480.0,3.0
Super built-up  Area,18-May,Padmanabhanagar,2.0,2.0,90.63,1710.0,3.0
Super built-up  Area,21-Dec,Talaghattapura,3.0,3.0,148.0,2106.0,3.0
Plot  Area,Ready To Move,Yeshwanthpur,6.0,2.0,270.0,2400.0,9.0
Plot  Area,Ready To Move,Sadahalli,2.0,2.0,130.0,3800.0,3.0
Plot  Area,Ready To Move,Vajarahalli,3.0,2.0,120.0,800.0,3.0
Super built-up  Area,Ready To Move,Marathahalli,2.0,2.0,104.0,1602.0,2.0
Super built-up  Area,Ready To Move,Sarjapur  Road,2.0,2.0,116.0,1660.0,3.0
Super built-up  Area,Ready To Move,Electronic City Phase II,3.0,2.0,80.0,1549.0,3.0
Super built-up  Area,19-Mar,Marathahalli,1.0,1.0,38.0,700.0,1.0
Super built-up  Area,18-Dec,Balagere,2.0,1.0,64.0,1012.0,2.0
Super built-up  Area,19-Dec,Marathahalli,3.0,1.0,89.0,1469.0,3.0
Super built-up  Area,18-Aug,Whitefield,2.0,1.0,69.0,1216.0,2.0
Super built-up  Area,Ready To Move,Electronic City Phase II,2.0,1.0,56.13,1065.0,2.0
Super built-up  Area,19-Mar,Thanisandra,3.0,1.0,93.15,1411.0,3.0
Super built-up  Area,Ready To Move,Pai Layout,2.0,2.0,57.5,1400.0,2.0
Super built-up  Area,Ready To Move,Hoskote,3.0,2.0,29.0,1250.0,3.0
Super built-up  Area,Ready To Move,Haralur Road,2.0,3.0,62.0,1245.0,2.0
Super built-up  Area,Ready To Move,Choodasandra,2.0,1.0,50.0,1115.0,2.0
Super built-up  Area,Ready To Move,Vidyaranyapura,2.0,1.0,35.0,1000.0,2.0
Super built-up  Area,18-Mar,Panathur,3.0,0.0,71.89,1580.0,3.0
Super built-up  Area,Ready To Move,Subramanyapura,3.0,2.0,90.0,1800.0,3.0
Super built-up  Area,Ready To Move,Mathikere,2.0,2.0,130.0,1500.0,2.0
Super built-up  Area,18-Sep,Chandapura,1.0,1.0,16.45,645.0,1.0
Super built-up  Area,18-Jun,Kothannur,3.0,2.0,44.0,1275.0,3.0
Super built-up  Area,Ready To Move,Kasavanhalli,3.0,2.0,82.0,1494.0,3.0
Super built-up  Area,Ready To Move,Bhoganhalli,3.0,2.0,129.0,1949.0,3.0
Super built-up  Area,Ready To Move,BTM Layout,2.0,1.0,46.5,1020.0,2.0
Super built-up  Area,Ready To Move,Mysore Road,2.0,1.0,45.0,883.0,2.0
Built-up  Area,Ready To Move,Old Airport Road,4.0,2.0,280.0,3200.0,4.0
Plot  Area,Ready To Move,Uttarahalli,6.0,1.0,125.0,1680.0,6.0
Plot  Area,Ready To Move,Mysore Road,6.0,2.0,300.0,2232.0,12.0
Super built-up  Area,Ready To Move,Anand nagar,3.0,3.0,125.0,2010.0,3.0
Super built-up  Area,Ready To Move,Yeshwanthpur,2.0,2.0,80.0,1240.0,2.0
Super built-up  Area,Ready To Move,6th Phase JP Nagar,2.0,1.0,63.0,1213.0,2.0
Super built-up  Area,Ready To Move,Hegde Nagar,3.0,3.0,88.0,1835.0,3.0
Plot  Area,Ready To Move,Hoskote,10.0,3.0,185.0,1800.0,9.0
Super built-up  Area,Ready To Move,Bannerghatta Road,5.0,2.0,195.0,2932.0,4.0
Built-up  Area,Ready To Move,Whitefield,5.0,2.0,250.0,3425.0,4.0
Built-up  Area,Ready To Move,Gottigere,2.0,0.0,45.0,945.0,2.0
Super built-up  Area,Ready To Move,Sathya Layout,2.0,2.0,100.0,1504.0,3.0
Super built-up  Area,Ready To Move,Lakshminarayana Pura,3.0,2.0,150.0,1569.0,3.0
Super built-up  Area,Ready To Move,Harlur,3.0,2.0,130.0,1755.0,3.0
Super built-up  Area,Ready To Move,Vijayanagar,3.0,2.0,140.0,1760.0,3.0
Super built-up  Area,18-May,Hoodi,2.0,3.0,43.94,1240.0,2.0
Super built-up  Area,19-Dec,Electronics City Phase 1,3.0,2.0,72.54,1450.0,3.0
Super built-up  Area,Ready To Move,5th Phase JP Nagar,2.0,0.0,48.0,1000.0,2.0
Plot  Area,Ready To Move,Shivaji Nagar,1.0,1.0,306.0,3820.0,1.0
Super built-up  Area,Ready To Move,Thyagaraja Nagar,4.0,2.0,145.0,2000.0,5.0
Super built-up  Area,Ready To Move,Choodasandra,2.0,2.0,59.0,1215.0,2.0
Plot  Area,Ready To Move,5 Bedroom Farm House in Lakshmipura,6.0,2.0,550.0,26136.0,5.0
Super built-up  Area,Ready To Move,Yelachenahalli,3.0,3.0,73.5,1330.0,3.0
Super built-up  Area,18-Aug,Raja Rajeshwari Nagar,2.0,1.0,75.0,1178.0,2.0
Plot  Area,18-Aug,Hulimavu,4.0,3.0,192.0,1500.0,4.0
Super built-up  Area,Ready To Move,Shree Ananth Nagar Layout,2.0,2.0,59.0,2040.0,2.0
Super built-up  Area,18-Mar,Bellandur,3.0,2.0,85.0,2000.0,3.0
Super built-up  Area,18-May,Shanti Nagar,2.0,1.0,165.0,1602.0,3.0
Plot  Area,Ready To Move,2nd Stage Arekere Mico Layout,4.0,1.0,130.0,1200.0,4.0
Super built-up  Area,Ready To Move,Parappana Agrahara,2.0,2.0,46.0,1194.0,2.0
Built-up  Area,Ready To Move,Jayamahal,3.0,1.0,220.0,1800.0,3.0
Plot  Area,Ready To Move,Dasarahalli,2.0,1.0,152.0,2400.0,3.0
Super built-up  Area,Ready To Move,Sarjapur  Road,3.0,3.0,108.0,1700.0,3.0
Built-up  Area,Ready To Move,Jigani,3.0,2.0,65.0,1200.0,3.0
Plot  Area,Ready To Move,Veer Sandra,3.0,0.0,72.0,1500.0,3.0
Plot  Area,Ready To Move,Karuna Nagar,3.0,2.0,165.0,1240.0,3.0
Built-up  Area,Ready To Move,Whitefield,3.0,2.0,400.0,3000.0,3.0
Built-up  Area,Ready To Move,Kanakpura Road,3.0,3.0,85.0,1737.0,3.0
Plot  Area,Ready To Move,TC Palaya,2.0,0.0,55.0,900.0,2.0
Built-up  Area,Ready To Move,Chennappa Layout,2.0,1.0,48.0,1280.0,3.0
Super built-up  Area,Ready To Move,CV Raman Nagar,2.0,2.0,85.0,1560.0,2.0
Super built-up  Area,Ready To Move,Kambipura,2.0,1.0,44.0,883.0,2.0
Super built-up  Area,Ready To Move,Kengeri Satellite Town,2.0,1.0,33.0,750.0,2.0
Super built-up  Area,Ready To Move,Brookefield,3.0,3.0,140.0,2400.0,4.0
Super built-up  Area,Ready To Move,Bhuvaneshwari Nagar,2.0,1.0,45.0,900.0,2.0
Super built-up  Area,Ready To Move,Hormavu,2.0,1.0,49.35,1030.0,2.0
Super built-up  Area,Ready To Move,7th Phase JP Nagar,3.0,2.0,155.0,1850.0,3.0
Built-up  Area,Ready To Move,Hennur Road,3.0,1.0,110.0,1831.0,3.0
Super built-up  Area,Ready To Move,Raja Rajeshwari Nagar 5th Stage,2.0,1.0,38.33,1095.0,2.0
Built-up  Area,18-Jul,Electronic City Phase II,2.0,1.0,38.13,1320.0,3.0
Super built-up  Area,Ready To Move,Sarjapur  Road,2.0,0.0,40.72,1272.5,3.0
Built-up  Area,Ready To Move,7th Phase JP Nagar,2.0,1.0,61.0,1000.0,2.0
Super built-up  Area,Ready To Move,Budigere,3.0,2.0,85.4,1820.0,3.0
Super built-up  Area,Ready To Move,Bisuvanahalli,2.0,1.0,41.0,1075.0,3.0
Plot  Area,18-May,TC Palaya,3.0,0.0,83.0,1500.0,3.0
Super built-up  Area,Ready To Move,Electronics City Phase 1,1.0,0.0,16.9,360.0,1.0
Super built-up  Area,Ready To Move,Kadugodi,1.0,0.0,40.7,925.0,1.0
Super built-up  Area,21-Dec,Electronic City,2.0,1.0,70.93,1140.0,2.0
Super built-up  Area,18-Oct,Chennammana Kere,2.0,2.0,58.4,1145.0,2.0
Super built-up  Area,Ready To Move,RMV Extension Stage 2,3.0,3.0,120.0,1862.0,3.0
Super built-up  Area,Ready To Move, Devarachikkanahalli,2.0,2.0,43.0,947.0,2.0
Built-up  Area,Ready To Move,Langford Town,4.0,2.0,211.0,7502.4383,4.0
Plot  Area,Ready To Move,Chandra Layout,3.0,2.0,195.0,700.0,3.0
Super built-up  Area,Ready To Move,Kalena Agrahara,2.0,2.0,40.0,1120.0,2.0
Built-up  Area,Ready To Move,Sadanand Nagar,3.0,3.0,200.0,2700.0,3.0
Super built-up  Area,Ready To Move,Kaggadasapura,2.0,2.0,75.0,1805.0,3.0
Super built-up  Area,Ready To Move,Basavangudi,2.0,3.0,93.0,1100.0,2.0
Plot  Area,Ready To Move,Bommenahalli,3.0,0.0,135.0,1355.0,4.0
Built-up  Area,18-Dec,"Whietfield, ",3.0,2.0,98.0,1677.0,3.0
Built-up  Area,Ready To Move,Hosapalya,8.0,3.0,95.0,2500.0,8.0
Super built-up  Area,Ready To Move,Uttarahalli,3.0,3.0,74.0,1560.0,3.0
Super built-up  Area,Ready To Move,Arekere,3.0,2.0,150.0,2060.0,3.0
Super built-up  Area,Ready To Move,Koramangala,2.0,0.0,115.0,1716.0,3.0
Super built-up  Area,Ready To Move,Harlur,3.0,1.0,140.0,1864.0,3.0
Built-up  Area,Ready To Move,Electronics City Phase 1,1.0,1.0,32.0,638.0,1.0
Plot  Area,Ready To Move,Sidedahalli,7.0,3.0,95.0,1200.0,9.0
Super built-up  Area,Ready To Move,Kodigehalli,9.0,2.0,170.0,1150.0,8.0
Super built-up  Area,18-Dec,Chandapura,2.0,1.0,30.0,937.0,2.0
Built-up  Area,Ready To Move,Hennur Gardens,2.0,1.0,115.0,1490.0,3.0
Super built-up  Area,Ready To Move,Frazer Town,5.0,3.0,410.0,4856.0,4.0
Plot  Area,Ready To Move,Whitefield,6.0,1.0,525.0,4003.0,4.0
Super built-up  Area,17-May,Whitefield,2.0,1.0,37.0,1100.0,2.0
Super built-up  Area,Ready To Move,Thigalarapalya,2.0,2.0,48.53,1000.0,2.0
Super built-up  Area,Ready To Move,Horamavu Agara,2.0,1.0,37.0,1060.0,2.0
Super built-up  Area,Ready To Move,Kundalahalli,2.0,1.0,91.0,1047.0,2.0
Built-up  Area,Ready To Move,Basaveshwara Nagar,2.0,2.0,80.0,1200.0,2.0
Super built-up  Area,Ready To Move,Akshaya Nagar,2.0,2.0,75.0,1420.0,3.0
Super built-up  Area,Ready To Move,Sarjapur  Road,3.0,2.0,85.0,1539.0,3.0
Super built-up  Area,Ready To Move,Tejaswini Nagar,3.0,1.0,59.0,1550.0,3.0
Super built-up  Area,Ready To Move,Kasavanhalli,3.0,3.0,82.0,1555.0,3.0
Plot  Area,Ready To Move,BTM Layout 1stage 9th Main,6.0,2.0,138.0,600.0,7.0
Super built-up  Area,Ready To Move,Seegehalli,3.0,3.0,68.0,1553.0,3.0
Super built-up  Area,Ready To Move,Electronic City Phase II,2.0,2.0,26.0,920.0,2.0
Super built-up  Area,Ready To Move,Jeevan bima nagar,3.0,3.0,120.0,1740.0,3.0
Super built-up  Area,Ready To Move,OMBR Layout,3.0,2.0,145.0,1855.0,3.0
Super built-up  Area,18-Mar,Kundalahalli,3.0,1.0,146.0,1724.0,3.0
Super built-up  Area,Ready To Move,B Narayanapura,2.0,2.0,60.0,1020.0,2.0
Plot  Area,Ready To Move,Banaswadi,4.0,2.0,150.0,1000.0,6.0
Super built-up  Area,Ready To Move,Uttarahalli,2.0,1.0,50.0,1250.0,3.0
Super built-up  Area,Ready To Move,Sanjay nagar,3.0,2.0,75.0,1450.0,3.0
Super built-up  Area,Ready To Move,Thubarahalli,2.0,2.0,80.0,1200.0,2.0
Built-up  Area,Ready To Move,Haralur Road,2.0,2.0,58.0,1140.0,2.0
Plot  Area,Ready To Move,Hoskote,5.0,2.0,110.0,900.0,5.0
Super built-up  Area,Ready To Move,Basava Nagar,1.0,1.0,16.0,550.0,1.0
Super built-up  Area,17-Oct,Bannerghatta Road,3.0,1.0,44.0,1450.0,3.0
Super built-up  Area,21-Dec,Kanakpura Road,2.0,1.0,35.07,700.0,2.0
Plot  Area,18-Jul,Whitefield,3.0,1.0,56.0,1200.0,3.0
Super built-up  Area,Ready To Move,Yelahanka,2.0,1.0,45.0,1050.0,2.0
Super built-up  Area,Ready To Move,Somasundara Palya,3.0,3.0,69.0,1600.0,3.0
Super built-up  Area,Ready To Move,Bannerghatta Road,2.0,3.0,75.0,1625.0,3.0
Super built-up  Area,Ready To Move,Volagerekallahalli,2.0,2.0,65.0,1492.0,2.0
Super built-up  Area,18-Dec,Whitefield,5.0,0.0,157.5,2856.0,4.0
Super built-up  Area,Ready To Move,Sarjapur  Road,2.0,3.0,82.0,1489.0,3.0
Super built-up  Area,Ready To Move,Kanakapura,2.0,2.0,62.38,1560.0,3.0
Super built-up  Area,Ready To Move,Haralur Road,2.0,2.0,42.0,1140.0,2.0
Super built-up  Area,Ready To Move,Lavakusha Nagar,3.0,2.0,65.0,1431.0,3.0
Super built-up  Area,Ready To Move,Lingadheeranahalli,3.0,1.0,114.0,1682.0,3.0
Super built-up  Area,18-Feb,Panathur,2.0,1.0,86.26,1198.0,2.0
Plot  Area,18-May,Outer Ring Road East,3.0,2.0,325.0,3664.0,3.0
Super built-up  Area,Ready To Move,Sarjapur  Road,2.0,2.0,69.75,1550.0,3.0
Super built-up  Area,Ready To Move,Kodichikkanahalli,2.0,1.0,45.0,1026.0,2.0
Built-up  Area,Ready To Move,Hennur,2.0,2.0,52.0,1260.0,3.0
Plot  Area,Ready To Move,Singanayakanahalli,2.0,0.0,42.0,690.0,2.0
Super built-up  Area,Ready To Move,Sarjapur  Road,1.0,1.0,45.0,539.0,1.0
Built-up  Area,Ready To Move,Sarakki Nagar,4.0,1.0,85.0,1200.0,4.0
Built-up  Area,Ready To Move,Attibele,3.0,3.0,120.0,2400.0,3.0
Super built-up  Area,Ready To Move,Thubarahalli,2.0,2.0,79.55,1200.0,2.0
Plot  Area,Ready To Move,Kundalahalli,5.0,2.0,350.0,2500.0,4.0
Super built-up  Area,Ready To Move,Sarjapur  Road,2.0,2.0,40.0,1186.0,3.0
Super built-up  Area,Ready To Move,Thanisandra,2.0,2.0,39.5,1039.0,2.0
Plot  Area,Ready To Move,Mahalakshmi Puram,5.0,3.0,233.0,1500.0,4.0
Plot  Area,Ready To Move,Gottigere,4.0,1.0,100.0,1500.0,5.0
Super built-up  Area,Ready To Move,Malleshwaram,3.0,2.0,150.0,2520.0,3.0
Built-up  Area,Ready To Move,Brookefield,2.0,2.0,66.5,1225.0,2.0
Built-up  Area,Ready To Move,Bommanahalli,2.0,2.0,72.0,1350.0,2.0
Super built-up  Area,Ready To Move,Vittal Mallya Road,2.0,2.0,300.0,1030.0,2.0
Built-up  Area,Ready To Move,Whitefield,2.0,2.0,49.6,1550.0,3.0
Super built-up  Area,Ready To Move,Hoodi,3.0,2.0,79.0,1490.0,3.0
Super built-up  Area,Ready To Move,Brindavan Nagar,3.0,2.0,111.0,1520.0,3.0
Plot  Area,Ready To Move,Whitefield,4.0,2.0,550.0,4100.0,4.0
Built-up  Area,Ready To Move,Dena Bank Colony,2.0,3.0,64.5,1391.0,3.0
Super built-up  Area,Ready To Move,Rachenahalli,2.0,2.0,50.0,1200.0,2.0
Plot  Area,Ready To Move,Kadabagere,4.0,2.0,86.0,1200.0,4.0
Plot  Area,Ready To Move,1st Block HBR Layout,6.0,3.0,500.0,2500.0,5.0
Super built-up  Area,Ready To Move,Yelahanka,2.0,2.0,80.0,1322.0,2.0
Super built-up  Area,19-Dec,Whitefield,3.0,2.0,128.0,2173.0,3.0
Super built-up  Area,Ready To Move,Sarjapur  Road,2.0,2.0,75.0,1200.0,2.0
Super built-up  Area,Ready To Move,Thubarahalli,2.0,2.0,47.0,1200.0,2.0
Super built-up  Area,Ready To Move,Mysore Road,2.0,2.0,65.0,1170.0,2.0
Super built-up  Area,17-Dec,NRI Layout,2.0,2.0,45.56,1125.0,2.0
Super built-up  Area,18-May,Devanahalli,1.0,0.0,28.57,698.5,1.0
Super built-up  Area,Ready To Move,Seetharampalya,2.0,2.0,90.0,1250.0,2.0
Super built-up  Area,19-Dec,Chandapura,2.0,2.0,27.68,1025.0,2.0
Super built-up  Area,Ready To Move,Yelahanka,2.0,2.0,36.0,1075.0,3.0
Super built-up  Area,Ready To Move,High grounds,2.0,2.0,190.0,1900.0,3.0
Built-up  Area,Ready To Move,Whitefield,3.0,2.0,45.0,1435.0,3.0
Super built-up  Area,18-Dec,Electronics City Phase 1,2.0,2.0,64.98,1175.0,2.0
Super built-up  Area,Ready To Move,KUDLU MAIN ROAD,3.0,2.0,56.0,1464.0,3.0
Built-up  Area,Ready To Move,Doddabidrakallu,2.0,1.0,33.0,900.0,2.0
Super built-up  Area,Ready To Move,Electronics City Phase 1,1.0,1.0,21.0,585.0,1.0
Plot  Area,Ready To Move,Jigani,5.0,2.0,230.0,3170.0,4.0
Super built-up  Area,18-May,Shanti Nagar,2.0,1.0,170.0,1602.0,3.0
Super built-up  Area,Ready To Move,Thanisandra,2.0,2.0,42.0,1220.0,2.0
Super built-up  Area,Ready To Move,Rajaji Nagar,3.0,3.0,350.0,2500.0,3.0
Super built-up  Area,Ready To Move,Sarjapur  Road,3.0,3.0,180.0,2145.0,3.0
Super built-up  Area,Ready To Move,Bannerghatta Road,2.0,3.0,58.0,960.0,2.0
Super built-up  Area,Ready To Move,NGR Layout,1.0,1.0,38.0,907.0,1.0
Super built-up  Area,Ready To Move,Old Madras Road,2.0,1.0,74.0,1210.0,2.0
Plot  Area,Ready To Move,Kammanahalli,4.0,1.0,150.0,900.0,4.0
Super built-up  Area,Ready To Move,Jnana Ganga Nagar,2.0,2.0,70.0,1230.0,2.0
Super built-up  Area,Ready To Move,5th Phase JP Nagar,2.0,1.0,75.0,1350.0,3.0
Super built-up  Area,Ready To Move,Kenchenahalli,2.0,2.0,58.0,1150.0,2.0
Super built-up  Area,19-Apr,Sarjapur,2.0,0.0,53.35,1404.0,3.0
Super built-up  Area,Ready To Move,OMBR Layout,2.0,3.0,48.0,1050.0,2.0
Plot  Area,Ready To Move,Kothanur,10.0,0.0,155.0,1020.0,8.0
Super built-up  Area,Ready To Move,Yelahanka,2.0,2.0,56.0,1285.0,2.0
Super built-up  Area,Ready To Move,Hormavu,2.0,1.0,50.8,1018.0,2.0
Plot  Area,Ready To Move,Hoskote,3.0,2.0,57.0,1200.0,3.0
Super built-up  Area,Ready To Move,Sarjapur  Road,2.0,2.0,50.0,1115.0,2.0
Super built-up  Area,Ready To Move,Ejipura,3.0,3.0,95.0,1600.0,3.0
Super built-up  Area,21-Sep,9th Phase JP Nagar,2.0,1.0,80.0,1480.0,2.0
Built-up  Area,Ready To Move,Kodichikkanahalli,7.0,0.0,125.0,2500.0,5.0
Built-up  Area,Ready To Move,Kaval Byrasandra,1.0,1.0,25.0,480.0,1.0
Super built-up  Area,Ready To Move,Akshaya Nagar,3.0,3.0,53.0,1435.0,3.0
Built-up  Area,Ready To Move,Lingarajapuram,1.0,2.0,60.0,450.0,1.0
Super built-up  Area,Ready To Move,Austin Town,2.0,0.0,23.0,600.0,1.0
Super built-up  Area,Ready To Move,CV Raman Nagar,2.0,3.0,85.0,1590.0,3.0
Built-up  Area,Ready To Move,Nagavara,2.0,0.0,40.2,936.0,2.0
Super built-up  Area,Ready To Move,Banashankari,2.0,1.0,75.0,1181.0,2.0
Super built-up  Area,18-Apr,Kengeri,3.0,2.0,80.0,1741.0,3.0
Super built-up  Area,19-Dec,JP Nagar,3.0,1.0,123.0,1750.0,3.0
Super built-up  Area,Ready To Move,Varthur Road,2.0,2.0,42.7,1050.0,2.0
Super built-up  Area,17-Dec,Tumkur Road,2.0,1.0,60.0,1027.0,2.0
Built-up  Area,Ready To Move,Geleyara Balaga Layout,2.0,1.0,22.0,596.0,2.0
Built-up  Area,Ready To Move,Dollar Scheme Colony,6.0,0.0,310.0,3463.0,4.0
Built-up  Area,Ready To Move,Sector 2 HSR Layout,3.0,2.0,70.0,1600.0,3.0
Super built-up  Area,19-Mar,Hebbal,5.0,3.0,198.0,2790.0,4.0
Super built-up  Area,Ready To Move,Sahakara Nagar,2.0,1.0,60.0,1000.0,2.0
Super built-up  Area,18-Apr,Varthur,2.0,2.0,44.24,1120.0,2.0
Plot  Area,Ready To Move,Jinkethimmanahalli,2.0,0.0,85.0,1200.0,2.0
Super built-up  Area,18-Jun,Kothnoor Dinne,2.0,2.0,35.0,1200.0,2.0
Super built-up  Area,Ready To Move,Kasturi Nagar,3.0,2.0,110.0,1570.0,3.0
Super built-up  Area,Ready To Move,Koramangala,3.0,1.0,135.0,1500.0,3.0
Built-up  Area,Ready To Move,Frazer Town,2.0,2.0,140.0,1315.0,2.0
Super built-up  Area,18-Apr,Electronic City Phase II,2.0,1.0,33.84,1140.0,2.0
Super built-up  Area,Ready To Move,Banashankari,2.0,2.0,90.0,1105.0,2.0
Built-up  Area,18-Dec,Electronic City,2.0,1.0,34.65,1200.0,2.0
Super built-up  Area,18-Dec,Whitefield,1.0,1.0,62.0,905.0,1.0
Plot  Area,Ready To Move,HSR Layout,4.0,0.0,350.0,2400.0,4.0
Super built-up  Area,Ready To Move,Kudlu Gate,2.0,1.0,50.0,1185.0,2.0
Super built-up  Area,Ready To Move,Koramangala,2.0,1.0,100.0,1083.0,2.0
Super built-up  Area,Ready To Move,Rayasandra,3.0,2.0,60.0,1458.0,3.0
Super built-up  Area,Ready To Move,Hormavu,3.0,2.0,75.0,1555.0,3.0
Built-up  Area,Ready To Move,Devi Nagar,2.0,2.0,45.0,1200.0,2.0
Super built-up  Area,Ready To Move,Sarjapur  Road,2.0,1.0,58.86,1308.0,2.0
Super built-up  Area,Ready To Move,Kudlu,2.0,2.0,44.0,1024.0,2.0
Super built-up  Area,Ready To Move,Parappana Agrahara,2.0,2.0,47.0,1194.0,2.0
Super built-up  Area,Ready To Move,Kanakapura,3.0,1.0,75.0,1450.0,3.0
Super built-up  Area,Ready To Move,Seegehalli,3.0,3.0,120.0,1639.0,3.0
Super built-up  Area,19-Jun,Whitefield,3.0,2.0,138.0,1870.0,3.0
Super built-up  Area,18-Oct,Hennur Road,2.0,1.0,87.0,1232.0,2.0
Super built-up  Area,Ready To Move,Kasavanhalli,3.0,1.0,184.0,1719.0,3.0
Super built-up  Area,18-May,Chandapura,2.0,1.0,24.86,975.0,2.0
Super built-up  Area,Ready To Move,New Gurappana Palya,4.0,2.0,130.0,2000.0,3.0
Super built-up  Area,Ready To Move,Jakkur,2.0,1.0,79.0,1230.0,2.0
Plot  Area,Ready To Move,Guddadahalli,4.0,2.0,140.0,1350.0,4.0
Super built-up  Area,Ready To Move,KR Puram,2.0,2.0,67.0,1076.0,2.0
Built-up  Area,Ready To Move,Kumaraswami Layout,7.0,1.0,125.0,2400.0,7.0
Super built-up  Area,Ready To Move,Vasanthpura,2.0,2.0,34.82,995.0,3.0
Super built-up  Area,Ready To Move,Kodigehaali,3.0,2.0,177.0,2120.0,3.0
Plot  Area,Ready To Move,Kasthuri Nagar East Of NGEF,7.0,2.0,460.0,2400.0,6.0
Plot  Area,Ready To Move,Chikka Gowdanapalya.,6.0,2.0,78.0,850.0,6.0
Super built-up  Area,Ready To Move,Electronic City,2.0,2.0,40.55,1096.0,2.0
Super built-up  Area,Ready To Move,Horamavu Agara,2.0,1.0,41.51,1107.83,2.0
Built-up  Area,Ready To Move,Chamrajpet,1.0,0.0,85.0,505.0,1.0
Super built-up  Area,Ready To Move,Sarjapur  Road,2.0,2.0,115.0,1320.0,2.0
Super built-up  Area,19-Mar,8th Phase JP Nagar,3.0,0.0,72.02,1431.5,3.0
Super built-up  Area,18-Feb,Whitefield,2.0,1.0,99.26,1320.0,2.0
Super built-up  Area,Ready To Move,Whitefield,4.0,2.0,190.0,2901.0,3.0
Built-up  Area,Ready To Move,GM Palaya,2.0,2.0,65.0,1315.0,3.0
Super built-up  Area,Ready To Move,VGP Layout,2.0,1.0,44.0,1000.0,2.0
Super built-up  Area,Ready To Move,Hosakerehalli,3.0,3.0,79.8,1596.0,3.0
Super built-up  Area,Ready To Move,Bannerghatta Road,3.0,2.0,130.0,1750.0,3.0
Plot  Area,Ready To Move,Whitefield,4.0,2.0,270.0,2403.0,4.0
Super built-up  Area,20-Dec,Old Madras Road,3.0,2.0,47.25,1350.0,3.0
Super built-up  Area,Ready To Move,Old Madras Road,2.0,2.0,341.0,4062.5,4.0
Super built-up  Area,18-Jul,"TR Mill Road, Chamarajpet",2.0,2.0,79.0,1175.0,2.0
Super built-up  Area,Ready To Move,Talaghattapura,2.0,1.0,29.47,921.0,2.0
Built-up  Area,Ready To Move,Malleshwaram,4.0,2.0,1100.0,4000.0,4.0
Super built-up  Area,Ready To Move,Sultan Palaya,3.0,3.0,125.0,1713.0,3.0
Built-up  Area,Ready To Move,Ittamadu,2.0,0.0,43.0,1200.0,2.0
Built-up  Area,Ready To Move,8th Phase JP Nagar,4.0,1.0,90.0,1900.0,3.0
Super built-up  Area,Ready To Move,Kudlu Gate,3.0,2.0,68.0,1664.0,3.0
Super built-up  Area,19-Dec,Binny Pete,3.0,2.0,139.0,1795.0,3.0
Built-up  Area,Ready To Move,Kereguddadahalli,1.0,1.0,19.5,600.0,1.0
Built-up  Area,Ready To Move,Hoodi,2.0,3.0,65.0,1240.0,2.0
Super built-up  Area,Ready To Move,Hegde Nagar,4.0,2.0,132.0,1965.0,3.0
Plot  Area,Ready To Move,Vishveshwarya Layout,4.0,0.0,99.0,600.0,3.0
Plot  Area,Ready To Move,Sarjapur,4.0,1.0,370.0,4111.0,4.0
Super built-up  Area,19-Dec,Electronics City Phase 1,2.0,2.0,59.76,1200.0,2.0
Super built-up  Area,Ready To Move,Ganga Nagar,2.0,3.0,68.0,1112.0,2.0
Built-up  Area,Ready To Move,Raja Rajeshwari Nagar,3.0,2.0,60.0,3000.0,3.0
Super built-up  Area,Ready To Move,Mahadevpura,2.0,3.0,64.5,1136.0,2.0
Super built-up  Area,Ready To Move,Jigani,2.0,2.0,55.0,914.0,2.0
Super built-up  Area,Ready To Move,Poorna Pragna Layout,2.0,1.0,50.79,1270.0,3.0
Super built-up  Area,Ready To Move,Rachenahalli,2.0,2.0,47.25,1050.0,2.0
Super built-up  Area,Ready To Move,Marathahalli,2.0,2.0,68.5,1385.0,3.0
Super built-up  Area,Ready To Move,Medahalli,2.0,3.0,35.0,990.0,2.0
Built-up  Area,Ready To Move,Yelahanka,2.0,2.0,43.0,845.0,2.0
Super built-up  Area,20-Sep,Whitefield,2.0,1.0,96.51,1485.0,2.0
Super built-up  Area,Ready To Move,Kanakapura,2.0,3.0,43.79,1460.0,3.0
Super built-up  Area,Ready To Move,Thanisandra,2.0,1.0,57.0,1450.0,2.0
Built-up  Area,Ready To Move,HSR Layout,2.0,1.0,53.0,1360.0,3.0
Built-up  Area,Ready To Move,Singasandra,2.0,3.0,58.0,1375.0,2.0
Super built-up  Area,Ready To Move,Uttarahalli,2.0,1.0,48.0,1125.0,2.0
Super built-up  Area,Ready To Move,Banashankari,1.0,1.0,60.0,720.0,1.0
Super built-up  Area,Ready To Move,7th Phase JP Nagar,2.0,2.0,100.0,1460.0,3.0
Built-up  Area,Ready To Move,Green View Layout,2.0,2.0,40.0,1107.0,2.0
Built-up  Area,Ready To Move,Maruthi Nagar,2.0,3.0,75.0,1158.0,2.0
Super built-up  Area,Ready To Move,Yelachenahalli,1.0,1.0,30.0,800.0,2.0
Plot  Area,Ready To Move,Sector 2 HSR Layout,9.0,2.0,90.0,600.0,9.0
Super built-up  Area,Ready To Move,Bhoganhalli,3.0,2.0,128.0,1760.0,3.0
Plot  Area,Ready To Move,Nandi Hills,4.0,2.0,200.0,3200.0,4.0
Plot  Area,17-Dec,HAL 2nd Stage,3.0,2.0,145.0,600.0,2.0
Built-up  Area,Ready To Move,TC Palaya,3.0,1.0,60.0,1350.0,3.0
Plot  Area,Ready To Move,Giri Nagar,6.0,3.0,100.0,600.0,6.0
Built-up  Area,18-Dec,Huskur,2.0,1.0,32.49,1125.0,2.0
Super built-up  Area,Ready To Move,Frazer Town,3.0,3.0,154.0,1706.0,3.0
Super built-up  Area,Ready To Move,BTM Layout,3.0,2.0,112.0,1600.0,3.0
Super built-up  Area,Ready To Move,Ramesh Nagar,2.0,0.0,90.0,1200.0,2.0
Super built-up  Area,Ready To Move,Whitefield,3.0,3.0,101.0,1755.0,3.0
Super built-up  Area,Ready To Move,Hulimavu,2.0,1.0,50.0,1200.0,2.0
Super built-up  Area,Ready To Move,BEML Layout,2.0,2.0,67.0,1200.0,2.0
Super built-up  Area,Ready To Move,Chokkanahalli,2.0,0.0,69.0,1266.67,2.0
Super built-up  Area,Ready To Move,Kariyammana Agrahara,3.0,2.0,90.0,1800.0,3.0
Plot  Area,Ready To Move,Sector 7 HSR Layout,4.0,1.0,275.0,1200.0,3.0
Super built-up  Area,22-Dec,2nd Phase Judicial Layout,3.0,2.0,64.0,1300.0,3.0
Plot  Area,Ready To Move,Nirman Layout,3.0,3.0,60.0,800.0,3.0
Plot  Area,Ready To Move,Whitefield,5.0,2.0,550.0,4800.0,4.0
Super built-up  Area,18-May,Mysore Road,2.0,0.0,50.855,1029.5,2.0
Super built-up  Area,Ready To Move,Raja Rajeshwari Nagar,2.0,2.0,40.0,1128.0,2.0
Plot  Area,Ready To Move,NS Palya,2.0,1.0,160.0,2000.0,2.0
Super built-up  Area,18-Mar,Panathur,2.0,1.0,80.0,1210.0,2.0
Super built-up  Area,18-Jul,Arekere,6.0,2.0,142.0,2710.0,4.0
Super built-up  Area,Ready To Move,Raja Rajeshwari Nagar,2.0,2.0,39.0,1151.0,2.0
Super built-up  Area,19-Jan,Rajaji Nagar,8.0,3.0,1700.0,7500.0,5.0
Super built-up  Area,Ready To Move,HOSUR MAIN ROAD,3.0,2.0,56.0,1464.0,3.0
Super built-up  Area,Ready To Move,Electronic City,2.0,2.0,27.0,1017.0,2.0
Built-up  Area,Ready To Move,Sarjapur  Road,2.0,1.0,40.0,920.0,2.0
Plot  Area,Ready To Move,HRBR Layout,3.0,1.0,180.0,1200.0,4.0
Plot  Area,Ready To Move,Nyanappana Halli,5.0,2.0,140.0,1000.0,5.0
Super built-up  Area,Ready To Move,Munnekollal,3.0,3.0,86.5,1750.0,3.0
Built-up  Area,Ready To Move,Dasanapura,2.0,1.0,65.0,1163.0,2.0
Super built-up  Area,Ready To Move,7th Phase JP Nagar,3.0,3.0,110.0,1650.0,3.0
Super built-up  Area,Ready To Move,Kundalahalli Colony,3.0,3.0,95.0,1800.0,3.0
Super built-up  Area,Ready To Move,CV Raman Nagar,2.0,1.0,58.0,1100.0,2.0
Built-up  Area,Ready To Move,R.T. Nagar,2.0,2.0,60.0,1200.0,2.0
Super built-up  Area,Ready To Move,Ganga Nagar,3.0,2.0,65.0,1410.0,3.0
Super built-up  Area,19-Jun,Begur Road,3.0,2.0,98.0,1933.0,3.0
Super built-up  Area,Ready To Move,Begur Road,2.0,2.0,45.6,1200.0,2.0
Super built-up  Area,Ready To Move,Whitefield,2.0,3.0,63.0,1608.0,3.0
Plot  Area,Ready To Move,Jakkasandra Extension,5.0,2.0,280.0,2679.0,4.0
Super built-up  Area,Ready To Move,Horamavu Banaswadi,2.0,2.0,46.9,1156.0,2.0
Plot  Area,18-Mar,T.C PALYA,2.0,0.0,75.0,1230.0,2.0
Super built-up  Area,Ready To Move,Kasavanhalli,1.0,1.0,43.82,770.0,1.0
Super built-up  Area,Ready To Move,Ardendale,3.0,2.0,105.0,1777.26,3.0
Super built-up  Area,Ready To Move,Kanakpura Road,2.0,2.0,85.0,1339.0,2.0
Built-up  Area,18-Mar,Sarjapur  Road,3.0,2.0,183.0,3044.0,3.0
Built-up  Area,Ready To Move,Chennappa Layout,2.0,2.0,44.8,1080.0,2.0
Carpet  Area,Ready To Move,Doddabommasandra,5.0,2.0,145.0,3150.0,8.0
Plot  Area,Ready To Move,Nagadevanahalli,2.0,2.0,135.0,2400.0,2.0
Built-up  Area,Ready To Move,Hulimavu,3.0,3.0,72.0,1450.0,3.0
Super built-up  Area,18-Mar,Kothanur,2.0,2.0,53.0,1075.0,2.0
Super built-up  Area,Ready To Move,Sarjapur  Road,2.0,2.0,62.0,1163.0,3.0
Built-up  Area,Ready To Move,TC Palaya,2.0,0.0,65.0,1200.0,2.0
Plot  Area,Ready To Move,Kattigenahalli,8.0,1.0,135.0,1200.0,8.0
Plot  Area,Ready To Move,Marathahalli,4.0,2.0,325.0,3090.0,4.0
Built-up  Area,Ready To Move,Hebbal,2.0,1.0,100.0,1299.0,2.0
Built-up  Area,18-Dec,Electronic City,2.0,1.0,32.63,1130.0,2.0
Super built-up  Area,Ready To Move,HRBR Layout,2.0,2.0,75.0,1170.0,2.0
Super built-up  Area,18-Mar,JP Nagar,2.0,2.0,152.0,2195.0,3.0
Super built-up  Area,Ready To Move,Yelahanka,4.0,3.0,175.0,2600.0,4.0
Super built-up  Area,Ready To Move,KR Puram,2.0,1.0,43.32,1140.0,2.0
Super built-up  Area,Ready To Move,Kanakpura Road,3.0,3.0,125.0,1900.0,3.0
Built-up  Area,18-Jul,Bommasandra Industrial Area,2.0,1.0,31.48,1090.0,2.0
Super built-up  Area,Ready To Move,Electronic City,2.0,1.0,39.95,1110.0,2.0
Super built-up  Area,18-Jan,Nagavarapalya,1.0,1.0,57.0,705.0,1.0
Super built-up  Area,Ready To Move,HBR Layout,2.0,1.0,60.0,1089.0,2.0
Plot  Area,Ready To Move,tc.palya,2.0,1.0,48.0,880.0,2.0
Built-up  Area,Ready To Move,Kereguddadahalli,2.0,2.0,32.0,1080.0,2.0
Super built-up  Area,18-Feb,Thanisandra,2.0,1.0,68.1,1093.0,2.0
Super built-up  Area,18-Oct,Banashankari Stage III,3.0,1.0,75.48,1480.0,3.0
Super built-up  Area,Ready To Move,Hegde Nagar,3.0,2.0,125.0,1703.0,3.0
Super built-up  Area,Ready To Move,Hebbal,2.0,1.0,60.0,1200.0,2.0
Super built-up  Area,Ready To Move,Marathahalli,3.0,2.0,116.0,1690.0,3.0
Super built-up  Area,Ready To Move,Yelahanka,2.0,1.0,78.0,1305.0,2.0
Super built-up  Area,18-Sep,Talaghattapura,2.0,2.0,40.22,1257.0,3.0
Super built-up  Area,Ready To Move,Subash Nagar,2.0,2.0,45.0,1150.0,2.0
Super built-up  Area,Ready To Move,Stage-4 Bommanahalli,2.0,0.0,55.0,1194.0,2.0
Built-up  Area,Ready To Move,Chokkahalli,3.0,1.0,90.0,2000.0,3.0
Plot  Area,Ready To Move,Anekal,4.0,1.0,99.0,1500.0,3.0
Built-up  Area,Ready To Move,Bellari Road,2.0,0.0,42.5,1025.0,2.0
Built-up  Area,Ready To Move,Horamavu Agara,2.0,1.0,38.19,980.0,2.0
Plot  Area,Ready To Move,Hosakerehalli,2.0,1.0,100.0,1200.0,3.0
Super built-up  Area,Ready To Move,Whitefield,3.0,1.0,149.0,2225.0,3.0
Super built-up  Area,Ready To Move,Ashirvad Colony,2.0,2.0,57.0,1022.0,2.0
Plot  Area,Ready To Move,Sidedahalli,3.0,0.0,72.0,882.0,4.0
Built-up  Area,Ready To Move,Narayanapura,2.0,2.0,45.0,1153.0,2.0
Super built-up  Area,Ready To Move,Pai Layout,2.0,2.0,60.0,1175.0,2.0
Built-up  Area,Ready To Move,Vidyaranyapura,3.0,3.0,68.0,1560.0,3.0
Built-up  Area,Ready To Move,Yelahanka New Town,1.0,1.0,17.0,650.0,1.0
Plot  Area,Ready To Move,Vishwapriya Nagar,3.0,2.0,65.0,600.0,3.0
Super built-up  Area,Ready To Move,Billekahalli,3.0,2.0,55.0,1350.0,2.0
Plot  Area,Ready To Move,Akshya Nagar,2.0,1.0,76.0,1200.0,2.0
Super built-up  Area,Ready To Move,Telecom Layout,1.0,1.0,54.0,1200.0,2.0
Super built-up  Area,Ready To Move,Chandapura,2.0,1.0,25.0,800.0,2.0
Super built-up  Area,20-Dec,Electronic City,4.0,1.0,104.0,2093.0,4.0
Super built-up  Area,18-Oct,Uttarahalli,2.0,2.0,55.44,1320.0,3.0
Super built-up  Area,Ready To Move,Bannerghatta Road,2.0,1.0,73.0,1275.0,2.0
Super built-up  Area,Ready To Move,Begur Road,2.0,2.0,43.13,1215.0,2.0
Super built-up  Area,Ready To Move,Kanakapura,2.0,1.0,45.2,1130.0,2.0
Super built-up  Area,Ready To Move,Begur Road,2.0,2.0,71.5,1444.0,3.0
Super built-up  Area,Ready To Move,Vikram Nagar,2.0,2.0,38.0,950.0,2.0
Super built-up  Area,Ready To Move,Padmanabhanagar,1.0,2.0,90.0,1000.0,2.0
Super built-up  Area,Ready To Move,Banashankari Stage II,2.0,2.0,59.52,1240.0,3.0
Plot  Area,Ready To Move,2nd Stage Nagarbhavi,4.0,2.0,125.0,600.0,4.0
Super built-up  Area,Ready To Move,Hennur,2.0,2.0,50.0,1231.0,2.0
Super built-up  Area,Ready To Move,Benson Town,2.0,1.0,120.0,1300.0,2.0
Super built-up  Area,18-Aug,Yeshwanthpur,3.0,2.0,110.0,1713.0,3.0
Super built-up  Area,Ready To Move,Kogilu,2.0,1.0,53.33,1200.0,2.0
Built-up  Area,Ready To Move,Sarjapur  Road,4.0,2.0,158.0,3004.0,3.0
Built-up  Area,Ready To Move,Sonnenahalli,2.0,0.0,46.0,1310.0,3.0
Super built-up  Area,Ready To Move,Jalahalli,2.0,1.0,49.5,790.0,2.0
Super built-up  Area,Ready To Move,Koramangala,3.0,1.0,200.0,1744.0,3.0
Super built-up  Area,Ready To Move,Amblipura,3.0,2.0,100.0,1605.0,3.0
Super built-up  Area,Ready To Move,Whitefield,2.0,2.0,82.0,1250.0,2.0
Super built-up  Area,Ready To Move,Malleshwaram,3.0,3.0,337.0,2476.0,3.0
Built-up  Area,Ready To Move,Subramanyapura,2.0,2.0,76.0,1260.0,3.0
Super built-up  Area,18-Aug,Rajaji Nagar,3.0,1.0,175.0,1615.0,3.0
Super built-up  Area,Ready To Move,Yelahanka,2.0,1.0,56.0,1180.0,2.0
Super built-up  Area,Ready To Move,Uttarahalli,2.0,2.0,50.19,1255.0,3.0
Super built-up  Area,Ready To Move,Electronic City,2.0,1.0,53.9,1025.0,2.0
Super built-up  Area,Ready To Move,Sarjapur  Road,4.0,2.0,150.0,1877.0,3.0
Built-up  Area,Ready To Move,Lakshminarayana Pura,3.0,2.0,150.0,1649.0,3.0
Plot  Area,Ready To Move,5th Block Hbr Layout,12.0,2.0,675.0,2600.0,9.0
Built-up  Area,Ready To Move,Hennur,5.0,2.0,125.0,2500.0,5.0
Built-up  Area,Ready To Move,Doddakammanahalli,3.0,2.0,98.0,1542.0,3.0
Super built-up  Area,Ready To Move,Thigalarapalya,2.0,2.0,105.0,1418.0,2.0
Built-up  Area,Ready To Move,Sarvabhouma Nagar,2.0,0.0,42.0,1012.0,2.0
Plot  Area,Ready To Move,Chandapura,2.0,1.0,65.0,1200.0,2.0
Super built-up  Area,Ready To Move,Sarjapur  Road,2.0,2.0,43.0,1115.0,2.0
Super built-up  Area,Ready To Move,Green Glen Layout,4.0,3.0,95.0,1680.0,3.0
Super built-up  Area,Ready To Move,Old Madras Road,2.0,2.0,72.0,1171.0,2.0
Super built-up  Area,Ready To Move,Tumkur Road,2.0,1.0,68.62,1027.0,2.0
Super built-up  Area,Ready To Move,Shampura,3.0,3.0,75.0,1700.0,3.0
Super built-up  Area,Ready To Move,Kanakapura,2.0,2.0,38.15,1090.0,2.0
Super built-up  Area,18-Jan,Hennur Road,2.0,1.0,74.0,1232.0,2.0
Super built-up  Area,Ready To Move,Anekal,2.0,2.0,28.0,766.0,2.0
Plot  Area,Ready To Move,Banashankari Stage III,5.0,0.0,180.0,1200.0,5.0
Super built-up  Area,21-Dec,Kanakpura Road,1.0,1.0,27.0,525.0,1.0
Super built-up  Area,18-Aug,Hosa Road,3.0,1.0,109.0,1535.0397790000002,3.0
Built-up  Area,Ready To Move,JP Nagar,2.0,1.0,41.0,1452.0,3.0
Super built-up  Area,Ready To Move,Choodasandra,2.0,1.0,65.0,1254.0,3.0
Built-up  Area,Ready To Move,MS Pallya,5.0,0.0,110.0,3600.0,5.0
Super built-up  Area,19-Jul,Kanakpura Road,3.0,1.0,118.0,1593.0,3.0
Super built-up  Area,Ready To Move,ITI Layout,2.0,2.0,77.27,1333.0,2.0
Built-up  Area,Ready To Move,Herohalli,3.0,1.0,110.0,1100.0,3.0
Super built-up  Area,Ready To Move,Raja Rajeshwari Nagar,2.0,1.0,54.99,1375.0,3.0
Super built-up  Area,Ready To Move,Ardendale,3.0,3.0,82.0,1650.0,3.0
Super built-up  Area,Ready To Move,Thanisandra,2.0,2.0,51.48,1430.0,3.0
Built-up  Area,Ready To Move,Electronic City,2.0,1.0,54.0,940.0,2.0
Super built-up  Area,Ready To Move,Electronic City,1.0,1.0,21.0,435.0,1.0
Super built-up  Area,Ready To Move,Begur Road,2.0,2.0,36.54,1160.0,2.0
Super built-up  Area,18-Mar,Electronic City,2.0,1.0,77.5,1500.0,3.0
Super built-up  Area,Ready To Move,Koramangala,2.0,1.0,100.0,1890.0,3.0
Built-up  Area,Ready To Move,Doopanahalli,2.0,1.0,70.0,1050.0,2.0
Plot  Area,Ready To Move,Singasandra,6.0,3.0,220.0,1200.0,6.0
Super built-up  Area,Ready To Move,Haralur Road,2.0,2.0,43.0,1027.0,2.0
Super built-up  Area,18-Dec,Whitefield,2.0,2.0,61.28,1495.0,3.0
Plot  Area,Ready To Move,Seegehalli,4.0,2.0,235.0,3000.0,3.0
Super built-up  Area,Ready To Move,Tumkur Road,2.0,1.0,95.0,1459.0,3.0
Super built-up  Area,21-Mar,Yelahanka,3.0,3.0,85.61,1711.0,3.0
Super built-up  Area,22-Jun,Hoodi,2.0,2.0,98.0,1250.0,2.0
Super built-up  Area,18-Sep,Chandapura,1.0,1.0,16.45,645.0,1.0
Plot  Area,Ready To Move,Anandapura,2.0,1.0,57.0,875.0,2.0
Built-up  Area,18-Feb,Ramamurthy Nagar,2.0,1.0,67.0,1334.0,2.0
Built-up  Area,18-Dec,Huskur,2.0,1.0,32.92,1140.0,2.0
Super built-up  Area,Ready To Move,Sarjapur  Road,2.0,2.0,50.0,1115.0,2.0
Plot  Area,Ready To Move,Amruthahalli,5.0,2.0,200.0,1200.0,3.0
Super built-up  Area,18-Aug,Rajaji Nagar,3.0,1.0,190.0,1776.0,3.0
Super built-up  Area,Ready To Move,Thigalarapalya,4.0,2.0,160.0,2072.0,3.0
Plot  Area,Ready To Move,Kundalahalli,3.0,2.0,170.0,1600.0,3.0
Plot  Area,Ready To Move,Lakshmi Layout,4.0,2.0,115.0,1200.0,6.0
Super built-up  Area,Ready To Move,Kengeri Satellite Town,2.0,3.0,39.0,920.0,2.0
Super built-up  Area,19-Feb,Chandapura,2.0,0.0,25.29,778.0,2.0
Plot  Area,Ready To Move,Nagasandra,3.0,3.0,95.0,1310.0,4.0
Super built-up  Area,Ready To Move,Electronic City,3.0,2.0,80.0,1631.0,3.0
Super built-up  Area,21-Dec,Kanakpura Road,1.0,1.0,27.5,525.0,1.0
Built-up  Area,Ready To Move,Jalahalli,3.0,3.0,82.0,1395.0,3.0
Super built-up  Area,Ready To Move,Devi Nagar,3.0,2.0,105.0,2000.0,3.0
Super built-up  Area,18-Jul,Hennur Road,2.0,1.0,66.0,1232.0,2.0
Super built-up  Area,Ready To Move,Virupakshapura,2.0,1.0,55.0,1075.0,2.0
Super built-up  Area,Ready To Move,Gubbalala,2.0,2.0,70.0,1205.0,2.0
Plot  Area,Ready To Move,Muthyala Nagar,4.0,2.0,165.0,1200.0,4.0
Super built-up  Area,Ready To Move,Rajiv Nagar,5.0,1.0,129.0,2340.0,4.0
Super built-up  Area,Ready To Move,Rayasandra,2.0,1.0,55.0,1179.0,3.0
Super built-up  Area,Ready To Move,Kodigehaali,2.0,1.0,51.0,1013.0,2.0
Super built-up  Area,Ready To Move,Uttarahalli,2.0,2.0,40.6,1160.0,2.0
Plot  Area,Ready To Move,Thyagaraja Nagar,6.0,2.0,290.0,653400.0,8.0
Super built-up  Area,Ready To Move,7th Phase JP Nagar,2.0,2.0,62.5,1200.0,2.0
Plot  Area,Ready To Move,Nrupathunga Nagar,5.0,0.0,80.0,1200.0,7.0
Super built-up  Area,Ready To Move,Uttarahalli,2.0,3.0,50.19,1255.0,3.0
Built-up  Area,Ready To Move,Richmond Town,2.0,1.0,145.0,1100.0,3.0
Built-up  Area,Ready To Move,Samethanahalli,2.0,1.0,55.0,1069.0,2.0
Plot  Area,Ready To Move,Kyalasanahalli,3.0,2.0,99.0,1200.0,3.0
Super built-up  Area,Ready To Move,Kudlu Gate,1.0,1.0,285.0,1400.0,1.0
Super built-up  Area,Ready To Move,Marathahalli,2.0,2.0,55.0,1065.0,2.0
Built-up  Area,Ready To Move,Lakshminarayana Pura,2.0,0.0,75.0,1395.0,2.0
Built-up  Area,Ready To Move,Hebbal Kempapura,2.0,1.0,165.0,1725.0,3.0
Built-up  Area,Ready To Move,Coconut Grove Layout,2.0,2.0,43.0,1007.0,2.0
Built-up  Area,Ready To Move,Kengeri,2.0,2.0,55.0,1436.0,3.0
Super built-up  Area,Ready To Move,Amrita Nagar,6.0,3.0,150.0,4250.0,6.0
Super built-up  Area,19-Jun,Hebbal,3.0,2.0,117.0,1645.0,3.0
Plot  Area,Ready To Move,Kengeri,2.0,0.0,58.0,1200.0,2.0
Super built-up  Area,19-Apr,Mysore Road,2.0,1.0,43.61,940.0,2.0
Built-up  Area,Ready To Move,KR Puram,6.0,2.0,175.0,4300.0,6.0
Super built-up  Area,20-Dec,Hebbal,5.0,3.0,343.0,2850.0,3.0
Built-up  Area,Ready To Move,Indira Nagar,3.0,2.0,191.0,1740.0,3.0
Super built-up  Area,18-May,Haralur Road,2.0,2.0,47.0,1194.0,2.0
Super built-up  Area,Ready To Move,Sadashiva Nagar,3.0,2.0,650.0,3761.0,3.0
Super built-up  Area,Ready To Move,Dodda Nekkundi,3.0,2.0,125.0,1829.0,3.0
Plot  Area,Ready To Move,Whitefield,4.0,3.0,178.0,1800.0,4.0
Super built-up  Area,Ready To Move,Austin Town,2.0,1.0,60.0,1000.0,2.0
Built-up  Area,Ready To Move,Venkatapura,3.0,0.0,350.0,5720.0,3.0
Plot  Area,Ready To Move,Vignana Nagar,4.0,2.0,98.0,800.0,5.0
Super built-up  Area,Ready To Move,Kadabagere,1.0,1.0,15.0,675.0,2.0
Super built-up  Area,Ready To Move,Hebbal,2.0,2.0,95.0,1390.0,2.0
Super built-up  Area,Ready To Move,Lakshminarayana Pura,3.0,2.0,104.0,1500.0,3.0
Super built-up  Area,21-Jun,Vijayanagar,3.0,2.0,136.0,2047.0,3.0
Super built-up  Area,Ready To Move,Jakkur,2.0,1.0,79.0,1202.0,2.0
Super built-up  Area,Ready To Move,Kodbisanhalli,2.0,1.0,59.0,1012.0,2.0
Super built-up  Area,Ready To Move,Gunjur,3.0,3.0,80.0,2132.0,3.0
Plot  Area,Ready To Move,Raja Rajeshwari Nagar,4.0,3.0,340.0,1350.0,4.0
Super built-up  Area,Ready To Move,Whitefield,1.0,1.0,40.0,605.0,1.0
Super built-up  Area,Ready To Move,Harlur,2.0,1.0,88.0,1331.0,2.0
Plot  Area,18-May,Margondanahalli,2.0,0.0,69.0,1200.0,2.0
Built-up  Area,Ready To Move,Kumara Park,2.0,0.0,250.0,1150.0,2.0
Plot  Area,Ready To Move,Sahakara Nagar,2.0,1.0,136.0,1200.0,2.0
Built-up  Area,Ready To Move,Anand Nagar,2.0,0.0,300.0,1800.0,2.0
Plot  Area,Ready To Move,Kammanahalli,2.0,1.0,50.0,600.0,3.0
Super built-up  Area,Ready To Move,Akshaya Vana,2.0,2.0,49.0,1280.0,3.0
Super built-up  Area,Ready To Move,Balagere,2.0,1.0,62.0,1007.0,2.0
Super built-up  Area,18-May,Thanisandra,2.0,1.0,61.0,1370.0,3.0
Super built-up  Area,Ready To Move,Kalkere,2.0,2.0,35.0,925.0,2.0
Super built-up  Area,Ready To Move,TC Palaya,2.0,0.0,75.0,1500.0,2.0
Built-up  Area,Ready To Move,Attibele,1.0,1.0,12.5,450.0,1.0
Built-up  Area,Ready To Move,Peenya,4.0,1.0,140.0,1200.0,4.0
Super built-up  Area,19-Mar,Hennur Road,2.0,1.0,95.0,1341.0,2.0
Super built-up  Area,Ready To Move,2nd Phase Judicial Layout,2.0,2.0,47.25,1350.0,3.0
Super built-up  Area,Ready To Move,Tumkur Road,2.0,1.0,60.0,992.0,2.0
Super built-up  Area,Ready To Move,Uttarahalli,2.0,2.0,68.0,1163.0,2.0
Super built-up  Area,Ready To Move,Sarjapur  Road,2.0,2.0,70.0,1229.0,2.0
Plot  Area,Ready To Move,Gowdanapalya,2.0,2.0,39.0,600.0,2.0
Super built-up  Area,Ready To Move,Electronic City Phase II,2.0,1.0,61.26,1219.0,2.0
Super built-up  Area,Ready To Move,Raja Rajeshwari Nagar,2.0,2.0,99.13,1525.0,3.0
Super built-up  Area,20-Jun,Kasavanhalli,2.0,1.0,60.0,1147.0,2.0
Super built-up  Area,Ready To Move,Akshaya Nagar,2.0,3.0,88.0,1412.0,3.0
Plot  Area,Ready To Move,Munnekollal,9.0,3.0,215.0,1200.0,9.0
Super built-up  Area,19-Jun,Sarjapur  Road,2.0,1.0,34.77,1044.0,2.0
Super built-up  Area,Ready To Move,Nagarbhavi,2.0,2.0,63.0,1190.0,2.0
Super built-up  Area,Ready To Move,Nagadevanahalli,2.0,2.0,65.0,1240.0,3.0
Super built-up  Area,Ready To Move,Jigani,3.0,1.0,65.0,1352.0,3.0
Built-up  Area,Ready To Move,Ashwathnagar,2.0,2.0,55.0,1100.0,2.0
Super built-up  Area,Ready To Move,Uttarahalli,2.0,2.0,39.9,1330.0,3.0
Super built-up  Area,20-Nov,RR Layout,3.0,2.0,111.0,1700.0,3.0
Super built-up  Area,18-Apr,Electronic City,2.0,1.0,67.0,1355.0,2.0
Super built-up  Area,18-Nov,Ramamurthy Nagar,2.0,1.0,46.0,1200.0,2.0
Super built-up  Area,Ready To Move,Kengeri,2.0,1.0,25.0,400.0,1.0
Built-up  Area,Ready To Move,Sarjapur  Road,2.0,2.0,70.0,1342.0,2.0
Super built-up  Area,Ready To Move,Begur Road,3.0,2.0,50.87,1615.0,3.0
Super built-up  Area,Ready To Move,Vinayaka Nagar,2.0,1.0,65.0,1340.0,2.0
Super built-up  Area,Ready To Move,Jakkuru Layout,2.0,1.0,54.0,1200.0,2.0
Built-up  Area,Ready To Move,Yeshwanthpur,1.0,0.0,55.0,400.0,1.0
Super built-up  Area,Ready To Move,Devanahalli,2.0,1.0,52.0,1080.0,2.0
Super built-up  Area,Ready To Move,Gollahalli,2.0,1.0,31.0,1600.0,2.0
Super built-up  Area,Ready To Move,Electronic City,2.0,0.0,34.0,1200.0,2.0
Plot  Area,17-Apr,Hennur Road,3.0,2.0,150.0,2700.0,3.0
Built-up  Area,Ready To Move,Billapura,3.0,0.0,110.0,1780.0,3.0
Built-up  Area,Ready To Move,Amruthahalli,3.0,2.0,65.0,1605.0,3.0
Super built-up  Area,17-Sep,Ulsoor,5.0,2.0,1584.0,7200.0,4.0
Plot  Area,Ready To Move,Doddabommasandra,2.0,1.0,65.0,646.0,3.0
Super built-up  Area,Ready To Move,Kammanahalli,2.0,2.0,80.0,1200.0,2.0
Plot  Area,Ready To Move,Margondanahalli,2.0,0.0,49.0,900.0,2.0
Built-up  Area,19-Dec,Sarjapur,3.0,1.0,88.0,1830.0,3.0
Plot  Area,Ready To Move,Vishwapriya Layout,4.0,1.0,83.0,690.0,5.0
Built-up  Area,Ready To Move,Srirampuram,1.0,3.0,500.0,650.0,1.0
Plot  Area,Ready To Move,MS Pallya,4.0,1.0,68.0,1800.0,5.0
Built-up  Area,Ready To Move,Chandapura,2.0,0.0,32.0,715.0,3.0
Super built-up  Area,18-Sep,Chandapura,2.0,2.0,31.37,1230.0,3.0
Super built-up  Area,Ready To Move,Uttarahalli,2.0,1.0,42.59,1065.0,2.0
Plot  Area,Ready To Move,2nd Phase JP Nagar,8.0,2.0,185.0,1350.0,8.0
Plot  Area,Ready To Move,Srinagar,3.0,2.0,149.0,1080.0,3.0
Built-up  Area,Ready To Move,KHB Colony Extension,2.0,0.0,65.0,900.0,3.0
Super built-up  Area,Ready To Move,Devasthanagalu,2.0,2.0,45.0,946.0,2.0
Super built-up  Area,Ready To Move,Laggere,1.0,0.0,60.0,1500.0,1.0
Super built-up  Area,18-May,Sarjapur  Road,3.0,1.0,110.0,1711.0,3.0
Plot  Area,Ready To Move,Attur Layout,3.0,2.0,160.0,1200.0,4.0
Super built-up  Area,18-Aug,Chandapura,2.0,1.0,25.65,950.0,2.0
Super built-up  Area,Ready To Move,Kudlu Gate,3.0,2.0,80.0,1656.0,3.0
Super built-up  Area,Ready To Move,Uttarahalli,2.0,1.0,46.76,1075.0,2.0
Super built-up  Area,Ready To Move,Harlur,3.0,2.0,133.0,1752.12,3.0
Plot  Area,Ready To Move,Hebbal,8.0,0.0,220.0,6000.0,8.0
Super built-up  Area,Ready To Move,Kaverappa Layout,3.0,3.0,85.0,1540.0,3.0
Plot  Area,Ready To Move,6th Phase JP Nagar,4.0,3.0,125.0,600.0,4.0
Super built-up  Area,Ready To Move,LB Shastri Nagar,1.0,2.0,32.0,665.0,1.0
Super built-up  Area,Ready To Move,Sector 2 HSR Layout,3.0,2.0,110.0,1665.0,3.0
Super built-up  Area,18-Mar,Electronics City Phase 1,2.0,1.0,54.0,1145.0,2.0
Super built-up  Area,18-Aug,Whitefield,2.0,2.0,41.0,1185.0,2.0
Plot  Area,Ready To Move,2nd Phase JP Nagar,3.0,1.0,190.0,1200.0,3.0
Built-up  Area,Ready To Move,Marathahalli,3.0,2.0,125.0,1693.0,3.0
Super built-up  Area,Ready To Move,Dollars Layout,3.0,3.0,220.0,2456.0,3.0
Super built-up  Area,Ready To Move,Rajaji Nagar,3.0,2.0,403.0,2559.0,3.0
Super built-up  Area,Ready To Move,Uttarahalli,2.0,1.0,40.6,1155.0,2.0
Super built-up  Area,17-Oct,Divya Unnathi Layout,2.0,2.0,64.4,1610.0,3.0
Plot  Area,18-Nov,Whitefield,3.0,2.0,56.58,1200.0,3.0
Plot  Area,Ready To Move,Anjana Nagar,2.0,1.0,185.0,1530.0,2.0
Built-up  Area,Ready To Move,EPIP Zone,3.0,1.0,80.0,1709.0,3.0
Plot  Area,Ready To Move,Amruthahalli,4.0,0.0,60.0,600.0,4.0
Plot  Area,Ready To Move,Brookefield,8.0,2.0,290.0,2700.0,8.0
Plot  Area,Ready To Move,Subramanya Nagar,1.0,1.0,150.0,840.0,1.0
Super built-up  Area,Ready To Move,Gottigere,2.0,1.0,50.0,1400.0,3.0
Super built-up  Area,Ready To Move,KR Puram,2.0,1.0,42.0,1200.0,2.0
Super built-up  Area,Ready To Move,Janatha Colony,3.0,1.0,57.23,1439.0,3.0
Super built-up  Area,Ready To Move,Kasavanhalli,2.0,2.0,72.0,1375.0,2.0
Plot  Area,Ready To Move,BTM 2nd Stage,5.0,3.0,416.0,2990.0,5.0
Super built-up  Area,Ready To Move,Vijayanagar,2.0,1.0,75.0,1200.0,3.0
Built-up  Area,Ready To Move,Yelahanka,2.0,3.0,75.0,1315.0,2.0
Plot  Area,18-Mar,Dommasandra,2.0,0.0,40.0,1500.0,2.0
Built-up  Area,Ready To Move,Yelahanka,6.0,1.0,200.0,3600.0,6.0
Super built-up  Area,Ready To Move,Vijayanagar,2.0,3.0,82.0,1178.0,2.0
Super built-up  Area,Ready To Move,Bannerghatta Road,3.0,2.0,59.0,1430.0,3.0
Super built-up  Area,Ready To Move,Mahadevpura,2.0,2.0,65.8,1400.0,3.0
Super built-up  Area,Ready To Move,Thanisandra,2.0,2.0,72.0,1093.0,2.0
Super built-up  Area,Ready To Move,Horamavu Banaswadi,2.0,1.0,45.0,1200.0,2.0
Plot  Area,Ready To Move,Magadi Road,6.0,1.0,360.0,5000.0,5.0
Built-up  Area,15-Dec,1st Block Jayanagar,2.0,0.0,130.0,1200.0,3.0
Built-up  Area,18-Apr,Whitefield,3.0,2.0,156.0,2210.0,3.0
Super built-up  Area,Ready To Move,Uttarahalli,2.0,2.0,70.0,1150.0,2.0
Super built-up  Area,Ready To Move,Silk Board,2.0,1.0,60.0,1435.0,3.0
Plot  Area,Ready To Move,Mathikere,3.0,2.0,100.0,600.0,4.0
Super built-up  Area,20-Dec,Whitefield,2.0,1.0,78.2,1173.0,2.0
Super built-up  Area,Ready To Move,Thanisandra,2.0,1.0,39.0,1140.0,2.0
Super built-up  Area,Ready To Move,Jakkur Plantation,3.0,3.0,120.0,1717.0,3.0
Super built-up  Area,Ready To Move,Mallasandra,2.0,2.0,65.0,1325.0,2.0
Built-up  Area,Ready To Move,Hoodi,3.0,2.0,67.0,1370.0,3.0
Super built-up  Area,21-Aug,Electronics City Phase 1,2.0,1.0,90.0,1025.0,2.0
Super built-up  Area,Ready To Move,Doddakammanahalli,2.0,3.0,62.0,1409.0,3.0
Super built-up  Area,Ready To Move,Bellandur,2.0,1.0,52.0,1200.0,2.0
Super built-up  Area,Ready To Move,Thanisandra,2.0,1.0,53.5,1200.0,2.0
Super built-up  Area,18-Feb,Whitefield,4.0,3.0,130.0,1740.0,3.0
Super built-up  Area,19-Mar,Hennur Road,2.0,1.0,88.0,1232.0,2.0
Plot  Area,18-Nov,Chandapura,2.0,1.0,36.0,1200.0,2.0
Super built-up  Area,Ready To Move,Whitefield,4.0,3.0,625.0,5924.0,4.0
Super built-up  Area,Ready To Move,Veersandra,2.0,1.0,50.0,1250.0,2.0
Built-up  Area,Ready To Move,Munivenkatppa Layout,2.0,2.0,171.0,1475.0,2.0
Super built-up  Area,Ready To Move,Bommanahalli,4.0,2.0,85.0,2100.0,4.0
Super built-up  Area,Ready To Move,5th Phase JP Nagar,1.0,1.0,23.5,552.0,1.0
Super built-up  Area,Ready To Move,Uttarahalli,2.0,2.0,42.59,1065.0,3.0
Plot  Area,17-Aug,Hennur,3.0,1.0,130.0,1000.0,3.0
Plot  Area,Ready To Move,Lakshmipura,2.0,0.0,65.0,1225.0,2.0
Built-up  Area,Ready To Move,Harsha Layout,1.0,0.0,16.0,650.0,1.0
Super built-up  Area,Ready To Move,Padmanabhanagar,2.0,2.0,52.0,1067.0,2.0
Super built-up  Area,Ready To Move,Sarjapur,2.0,2.0,56.0,1364.0,3.0
Super built-up  Area,Ready To Move,Tata Nagar,3.0,3.0,75.0,1750.0,3.0
Super built-up  Area,Ready To Move,Bannerghatta Road,2.0,1.0,71.0,1240.0,2.0
Plot  Area,Ready To Move,Hulimavu,2.0,0.0,75.0,1200.0,2.0
Super built-up  Area,Ready To Move,Kaggadasapura,3.0,2.0,75.0,1540.0,3.0
Super built-up  Area,Ready To Move,Sathya Layout,2.0,2.0,102.0,1504.0,3.0
Super built-up  Area,Ready To Move,New Thippasandra,2.0,1.0,49.8,1116.0,2.0
Super built-up  Area,Ready To Move,Hennur Road,4.0,2.0,175.0,2365.0,3.0
Built-up  Area,Ready To Move,Sarjapura - Attibele Road,2.0,2.0,37.0,1308.0,2.0
Built-up  Area,Ready To Move,Vijayanagar,2.0,0.0,45.0,864.0,2.0
Plot  Area,Ready To Move,Vidyaranyapura,5.0,1.0,139.0,1200.0,5.0
Super built-up  Area,Ready To Move,Hoskote,2.0,2.0,38.0,1069.0,3.0
Super built-up  Area,Ready To Move,Hebbal,2.0,1.0,100.0,1333.0,2.0
Super built-up  Area,Ready To Move,Chennammana Kere,4.0,1.0,145.0,1800.0,4.0
Plot  Area,Ready To Move,Devanahalli,4.0,2.0,550.0,6136.0,4.0
Super built-up  Area,Ready To Move,Thanisandra,3.0,2.0,107.0,1698.0,3.0
Super built-up  Area,18-Jun,JP Nagar,2.0,2.0,43.6,1275.0,3.0
Super built-up  Area,Ready To Move,Raja Rajeshwari Nagar,2.0,1.0,48.0,1060.0,2.0
Super built-up  Area,Ready To Move,Hennur,2.0,1.0,49.0,1160.0,2.0
Super built-up  Area,Ready To Move,Sarjapur  Road,2.0,2.0,65.0,1484.0,3.0
Plot  Area,Ready To Move,Hosa Road,3.0,1.0,70.0,675.0,3.0
Plot  Area,Ready To Move,BEML Layout,5.0,2.0,325.0,1200.0,3.0
Super built-up  Area,Ready To Move,Hennur Road,2.0,1.0,66.0,1310.0,2.0
Plot  Area,Ready To Move,Vijayanagar,6.0,1.0,370.0,1806.0,6.0
Super built-up  Area,Ready To Move,Shanti Nagar,4.0,2.0,240.0,3000.0,4.0
Super built-up  Area,Ready To Move,Varthur,3.0,2.0,165.0,2145.0,3.0
Super built-up  Area,Ready To Move,Marathahalli,3.0,1.0,125.0,1693.0,3.0
Super built-up  Area,Ready To Move,Jigani,3.0,3.0,60.0,1230.0,3.0
Plot  Area,18-Jan,Devanahalli,3.0,1.0,145.0,1200.0,3.0
Built-up  Area,18-Aug,Bommasandra Industrial Area,2.0,1.0,37.83,1310.0,3.0
Super built-up  Area,Ready To Move,Tigalarpalya,2.0,1.0,60.0,1150.0,2.0
Super built-up  Area,18-Apr,Munnekollal,2.0,2.0,66.5,1385.0,3.0
Super built-up  Area,Ready To Move,Tumkur Road,2.0,2.0,52.5,1066.0,2.0
Super built-up  Area,19-Dec,Thanisandra,3.0,2.0,80.26,2293.0,3.0
Plot  Area,Ready To Move,Tindlu,3.0,1.0,81.0,720.0,3.0
Carpet  Area,Ready To Move,2nd Block Bel Layout,3.0,3.0,92.0,1625.0,3.0
Super built-up  Area,Ready To Move,Vittasandra,2.0,1.0,67.4,1246.0,2.0
Plot  Area,Ready To Move,Vijayanagar,6.0,1.0,252.0,2100.0,4.0
Super built-up  Area,Ready To Move,sarjapura main road,4.0,3.0,250.0,2400.0,4.0
Plot  Area,Ready To Move,Raja Rajeshwari Nagar,6.0,2.0,195.0,3900.0,6.0
Super built-up  Area,Ready To Move,7th Phase JP Nagar,2.0,1.0,70.65,1000.0,2.0
Super built-up  Area,Ready To Move,Nagavarapalya,2.0,2.0,38.0,907.0,2.0
Plot  Area,Ready To Move,Ulsoor,4.0,0.0,138.0,3500.0,4.0
Super built-up  Area,Ready To Move,Varthur,2.0,3.0,79.0,1395.0,3.0
Super built-up  Area,Ready To Move,Kumbena Agrahara,2.0,2.0,50.0,1180.0,2.0
Plot  Area,Ready To Move,Banaswadi,6.0,2.0,140.0,1903.0,5.0
Super built-up  Area,18-Mar,Electronic City,2.0,1.0,47.0,1175.0,2.0
Super built-up  Area,Ready To Move,Coconut Grove Layout,2.0,2.0,51.5,1272.0,2.0
Super built-up  Area,Ready To Move,Hiremath Layout,2.0,1.0,92.0,1490.0,3.0
Super built-up  Area,Ready To Move,Yeshwanthpur,2.0,2.0,67.0,1144.0,2.0
Plot  Area,17-Aug,Anekal - Hosur Road,5.0,2.0,140.0,2400.0,4.0
Super built-up  Area,Ready To Move,Hormavu,2.0,1.0,53.0,1143.0,2.0
Plot  Area,Ready To Move,Karuna Nagar,3.0,2.0,190.0,2500.0,3.0
Super built-up  Area,18-Dec,Whitefield,2.0,1.0,75.0,1216.0,2.0
Super built-up  Area,17-Jun,Nallurhalli,2.0,1.0,60.0,1044.0,2.0
Super built-up  Area,Ready To Move,Prithvi Layout,3.0,1.0,93.0,1352.0,2.0
Super built-up  Area,Ready To Move,Hennur Road,3.0,3.0,75.0,1552.0,3.0
Built-up  Area,Ready To Move,Bellandur,3.0,2.0,120.0,1785.0,3.0
Super built-up  Area,Ready To Move,Pai Layout,2.0,2.0,34.5,810.0,2.0
Super built-up  Area,18-May,Banashankari Stage V,3.0,2.0,51.98,1650.0,3.0
Super built-up  Area,Ready To Move,Akshayanagara East,3.0,2.0,70.39,1595.0,3.0
Super built-up  Area,Ready To Move,Whitefield,2.0,1.0,35.0,1060.0,2.0
Super built-up  Area,Ready To Move,Babusapalaya,2.0,3.0,65.0,1410.0,3.0
Super built-up  Area,Ready To Move,Nagarbhavi,2.0,2.0,56.0,1523.0,3.0
Super built-up  Area,19-Jan,Kanakpura Road,3.0,1.0,122.0,1591.0,3.0
Super built-up  Area,Ready To Move,Ashwath Nagar,3.0,3.0,84.0,1640.0,3.0
Built-up  Area,Ready To Move,Yelahanka New Town,1.0,0.0,16.0,450.0,1.0
Super built-up  Area,Ready To Move,Bannerghatta Road,2.0,2.0,60.0,1305.0,3.0
Super built-up  Area,Ready To Move,Yelahanka,3.0,1.0,54.0,1590.0,3.0
Built-up  Area,Ready To Move,Kaggadasapura,2.0,3.0,45.0,1240.0,2.0
Super built-up  Area,Ready To Move,MCECHS  layout,2.0,2.0,54.0,1200.0,2.0
Super built-up  Area,Ready To Move,Dodda Nekkundi,2.0,1.0,41.16,1100.0,2.0
Super built-up  Area,Ready To Move,Koramangala,2.0,1.0,128.0,1180.0,2.0
Super built-up  Area,Ready To Move,Sarjapur  Road,2.0,1.0,50.0,1115.0,2.0
Super built-up  Area,Ready To Move,Bisuvanahalli,2.0,1.0,33.0,845.0,2.0
Super built-up  Area,Ready To Move,4th Block Jayanagar,2.0,0.0,190.0,1567.2,3.0
Super built-up  Area,Ready To Move,Channasandra,2.0,2.0,45.0,1310.0,3.0
Plot  Area,Ready To Move,Yelahanka,1.0,0.0,150.0,26136.0,1.0
Built-up  Area,Ready To Move,Jyothi Nagar,2.0,1.0,42.5,959.0,2.0
Built-up  Area,Ready To Move,8th Phase JP Nagar,4.0,1.0,140.0,1200.0,4.0
Super built-up  Area,Ready To Move,Kambipura,2.0,1.0,37.0,883.0,2.0
Super built-up  Area,Ready To Move,Rachenahalli,2.0,2.0,55.5,1050.0,2.0
Super built-up  Area,21-Mar,Yelahanka,2.0,2.0,70.21,1390.0,2.0
Built-up  Area,Ready To Move,Hulimavu,2.0,3.0,46.0,1188.0,2.0
Super built-up  Area,Ready To Move,Kenchenahalli,2.0,2.0,69.0,1280.0,3.0
Plot  Area,Ready To Move,Lingarajapuram,5.0,3.0,150.0,1280.0,7.0
Super built-up  Area,Ready To Move,Yelahanka,3.0,2.0,95.0,1614.0,3.0
Super built-up  Area,Ready To Move,Kasturi Nagar,2.0,0.0,58.0,1000.0,2.0
Super built-up  Area,18-Apr,Marathahalli,2.0,2.0,57.9,1196.0,2.0
Super built-up  Area,Ready To Move,Sarjapur  Road,3.0,2.0,57.0,1220.0,3.0
Super built-up  Area,19-Apr,Ambalipura,2.0,1.0,31.95,950.0,2.0
Super built-up  Area,Ready To Move,Doddabommasandra,8.0,2.0,325.0,2400.0,9.0
Super built-up  Area,Ready To Move,Akshaya Vana,2.0,1.0,55.0,1141.0,2.0
Super built-up  Area,Ready To Move,5th Phase JP Nagar,2.0,2.0,51.0,1200.0,2.0
Super built-up  Area,Ready To Move,Kasavanhalli,2.0,2.0,55.0,1380.0,3.0
Super built-up  Area,Ready To Move,Doddathoguru,2.0,1.0,32.0,855.0,2.0
Super built-up  Area,18-Sep,Chandapura,1.0,1.0,16.45,645.0,1.0
Super built-up  Area,Ready To Move,Chandapura,2.0,1.0,36.0,922.0,2.0
Built-up  Area,Ready To Move,Nagappa Reddy Layout,2.0,2.0,43.2,1200.0,2.0
Super built-up  Area,Ready To Move,Nagadevanahalli,2.0,2.0,65.0,1240.0,3.0
Super built-up  Area,18-Aug,7th Phase JP Nagar,2.0,2.0,42.0,1070.0,2.0
Super built-up  Area,Ready To Move,Rajiv Gandhi Nagar,2.0,2.0,75.0,1293.0,2.0
Built-up  Area,Ready To Move,R.T. Nagar,2.0,1.0,50.0,1380.0,3.0
Super built-up  Area,Ready To Move,Yelahanka New Town,3.0,2.0,80.0,1599.0,3.0
Super built-up  Area,Ready To Move,Nehru Nagar,2.0,2.0,41.1,967.0,2.0
Super built-up  Area,Ready To Move,Silver Springs Layout,3.0,3.0,90.0,1885.0,3.0
Built-up  Area,Ready To Move,1st Block Koramangala,2.0,2.0,65.5,860.0,2.0
Plot  Area,Ready To Move,Yelahanka,1.0,0.0,19.5,1075.0,1.0
Super built-up  Area,Ready To Move,Sarjapur  Road,2.0,1.0,63.5,1050.0,2.0
Super built-up  Area,Ready To Move,Marathahalli,3.0,2.0,88.0,1595.0,3.0
Super built-up  Area,Ready To Move,Sarjapur  Road,2.0,2.0,102.0,1350.0,2.0
Built-up  Area,Ready To Move,Hebbal,2.0,2.0,45.0,1204.0,2.0
Super built-up  Area,Ready To Move,Sarjapur  Road,4.0,2.0,240.0,2990.0,4.0
Super built-up  Area,Ready To Move,Sarjapur  Road,2.0,2.0,49.0,1035.0,2.0
Super built-up  Area,18-Dec,ITPL,2.0,1.0,29.95,1000.0,2.0
Super built-up  Area,Ready To Move,Sarjapur  Road,3.0,3.0,85.0,1457.0,3.0
Super built-up  Area,Ready To Move,Haralur Road,2.0,2.0,47.0,1194.0,2.0
Super built-up  Area,21-Dec,Bannerghatta,2.0,1.0,66.0,1100.0,2.0
Super built-up  Area,18-Mar,Whitefield,3.0,3.0,120.0,1655.0,3.0
Super built-up  Area,Ready To Move,Kanakpura Road,3.0,1.0,115.0,1691.2,3.0
Super built-up  Area,18-Jun,Ramagondanahalli,2.0,1.0,46.1,1215.0,2.0
Super built-up  Area,Ready To Move,Kanakpura Road,2.0,0.0,50.125,1155.0,2.0
Super built-up  Area,22-Jun,Hoodi,3.0,2.0,129.0,1639.0,3.0
Super built-up  Area,18-Apr,Sarjapur  Road,3.0,1.0,135.0,1685.0,3.0
Built-up  Area,Ready To Move,Kaveri Nagar,4.0,2.0,180.0,1008.0,5.0
Super built-up  Area,Ready To Move,Hormavu,2.0,3.0,38.0,1100.0,2.0
Super built-up  Area,19-Sep,Marathahalli,3.0,2.0,125.0,2122.0,3.0
Super built-up  Area,Ready To Move,Vasanthapura,2.0,2.0,47.0,1050.0,2.0
Built-up  Area,Ready To Move,Kengeri,2.0,2.0,45.0,1230.0,2.0
Super built-up  Area,Ready To Move,5th Phase JP Nagar,3.0,2.0,60.0,1240.0,3.0
Built-up  Area,16-Oct,Electronic City Phase II,2.0,3.0,65.0,1252.0,3.0
Super built-up  Area,Ready To Move,Canara Bank Colony,2.0,2.0,88.0,1374.0,3.0
Super built-up  Area,18-Jul,8th Phase JP Nagar,1.0,1.0,30.0,500.0,1.0
Plot  Area,Ready To Move,Arekere,8.0,2.0,225.0,1200.0,8.0
Super built-up  Area,18-Dec,Hebbal,3.0,2.0,83.87,1355.0,3.0
Super built-up  Area,Ready To Move,Banashankari,2.0,3.0,45.0,1040.0,2.0
Super built-up  Area,Ready To Move,Sarjapur  Road,2.0,2.0,68.0,1350.0,2.0
Super built-up  Area,18-Apr,Whitefield,6.0,3.0,300.0,4003.0,4.0
Super built-up  Area,Ready To Move,Hennur,3.0,2.0,135.0,2400.0,3.0
Super built-up  Area,Ready To Move,Haralur Road,3.0,1.0,90.0,1560.0,3.0
Super built-up  Area,17-Jul,Anandapura,2.0,1.0,43.16,1151.0,2.0
Super built-up  Area,Ready To Move,Uttarahalli,2.0,2.0,47.59,1360.0,3.0
Super built-up  Area,Ready To Move,Crimson Layout,2.0,2.0,60.0,1250.0,2.0
Super built-up  Area,19-Dec,Chandapura,2.0,2.0,29.97,1110.0,3.0
Built-up  Area,Ready To Move,Hennur Road,2.0,2.0,50.0,1015.0,2.0
Super built-up  Area,Ready To Move,Kadugodi,2.0,2.0,78.0,1351.0,3.0
Super built-up  Area,Ready To Move,Yelahanka New Town,2.0,2.0,50.0,960.0,2.0
Super built-up  Area,18-May,Virat Nagar,2.0,2.0,52.0,1110.0,2.0
Built-up  Area,Ready To Move,R.T. Nagar,3.0,2.0,72.0,1680.0,3.0
Plot  Area,Ready To Move,Arekere,3.0,1.0,180.0,2400.0,3.0
Plot  Area,18-Apr,Yemlur,5.0,3.0,2000.0,11000.0,4.0
Built-up  Area,18-Mar,Ramamurthy Nagar Extension,3.0,2.0,48.6,1350.0,3.0
Super built-up  Area,Ready To Move,Horamavu Banaswadi,2.0,2.0,47.0,1254.0,2.0
Super built-up  Area,Ready To Move,Haralur Road,3.0,2.0,115.0,1255.0,3.0
Super built-up  Area,Ready To Move,CV Raman Nagar,2.0,3.0,61.0,1051.0,2.0
Plot  Area,Ready To Move,"2nd phase jp nagar, jp nagar",3.0,1.0,205.0,1200.0,3.0
Built-up  Area,Ready To Move,Uttarahalli,2.0,2.0,65.0,1099.0,2.0
Super built-up  Area,Ready To Move,Hebbal,4.0,3.0,199.0,2650.0,3.0
Built-up  Area,18-May,Mathikere Extension,2.0,1.0,160.0,2000.0,4.0
Super built-up  Area,Ready To Move,Yeshwanthpur,2.0,2.0,130.0,1541.0,2.0
Plot  Area,18-May,Sarjapur  Road,3.0,2.0,70.0,1200.0,3.0
Built-up  Area,Ready To Move,Whitefield,2.0,2.0,45.0,1125.0,2.0
Super built-up  Area,Ready To Move,Vittasandra,3.0,2.0,85.0,1650.0,3.0
Super built-up  Area,Ready To Move,Ashwini layout,1.0,1.0,62.0,834.0,1.0
Super built-up  Area,Ready To Move,Gollarapalya Hosahalli,3.0,2.0,60.0,1320.0,3.0
Plot  Area,Ready To Move,Malleshpalya,3.0,1.0,149.0,1200.0,3.0
Plot  Area,Ready To Move,Indra Nagar,7.0,0.0,160.0,1000.0,8.0
Super built-up  Area,19-Apr,Mysore Road,3.0,2.0,74.0,1500.0,3.0
Plot  Area,Ready To Move,Whitefield,5.0,2.0,500.0,4400.0,4.0
Plot  Area,Ready To Move,Kanakpura Road,1.0,0.0,125.0,87120.0,1.0
Plot  Area,Ready To Move,Moodalapalya,1.0,0.0,52.0,600.0,1.0
Super built-up  Area,Ready To Move,Whitefield,2.0,2.0,70.0,1180.0,2.0
Super built-up  Area,Ready To Move,Kadugodi,2.0,1.0,50.0,1010.0,2.0
Super built-up  Area,Ready To Move,Channasandra,2.0,1.0,38.0,1070.0,2.0
Super built-up  Area,Ready To Move,Choodasandra,3.0,3.0,105.0,1580.0,3.0
Plot  Area,Ready To Move,BEML Layout 5th Stage,5.0,2.0,325.0,1200.0,4.0
Super built-up  Area,Ready To Move,Green Glen Layout,3.0,2.0,165.0,2000.0,3.0
Super built-up  Area,Ready To Move,Iblur Village,3.0,2.0,130.0,1920.0,3.0
Super built-up  Area,Ready To Move,Sanjay nagar,2.0,1.0,76.0,1200.0,3.0
Built-up  Area,Ready To Move,Kalena Agrahara,2.0,2.0,45.0,1040.0,2.0
Super built-up  Area,Ready To Move,Hulimavu,2.0,2.0,90.0,1430.0,3.0
Super built-up  Area,Ready To Move,Uttarahalli,2.0,2.0,52.85,1215.0,3.0
Super built-up  Area,Ready To Move,Domlur,1.0,1.0,70.0,650.0,1.0
Super built-up  Area,Ready To Move,Thanisandra,3.0,1.0,105.0,1564.0,3.0
Built-up  Area,Ready To Move,Manonarayanapalya,2.0,1.0,52.0,800.0,3.0
Built-up  Area,Ready To Move,Hormavu,2.0,0.0,58.0,750.0,2.0
Super built-up  Area,Ready To Move,Kasavanhalli,2.0,2.0,60.0,1200.0,2.0
Super built-up  Area,Ready To Move,Raja Rajeshwari Nagar,2.0,1.0,48.79,1128.0,2.0
Super built-up  Area,Ready To Move,Begur Road,2.0,2.0,44.4,1200.0,2.0
Super built-up  Area,Ready To Move,Cholanayakanahalli,4.0,1.0,135.0,2000.0,4.0
Super built-up  Area,Ready To Move,Jakkur Plantation,3.0,2.0,260.0,2750.0,3.0
Plot  Area,Ready To Move,4th T block Jayanagar,4.0,2.0,480.0,2400.0,4.0
Built-up  Area,Ready To Move,Yelahanka,3.0,3.0,105.0,1650.0,3.0
Super built-up  Area,18-Jun,1st Block Jayanagar,2.0,2.0,148.0,1235.0,2.0
Built-up  Area,Ready To Move,Yelahanka,2.0,2.0,55.0,1200.0,2.0
Super built-up  Area,Ready To Move,M V Extenstion,5.0,2.0,100.0,900.0,6.0
Super built-up  Area,Ready To Move,Kengeri Satellite Town,2.0,2.0,42.0,985.0,2.0
Super built-up  Area,18-May,Ramagondanahalli,2.0,2.0,63.0,1475.0,3.0
Super built-up  Area,Ready To Move,Hebbal,5.0,0.0,348.0,3450.0,3.0
Super built-up  Area,19-Nov,Sarjapur  Road,2.0,1.0,53.99,1157.0,3.0
Built-up  Area,Ready To Move,Canara Bank Colony,2.0,3.0,35.0,900.0,2.0
Plot  Area,Ready To Move,Gottigere,3.0,2.0,120.0,2500.0,4.0
Built-up  Area,Ready To Move,GM Palaya,2.0,1.0,60.0,1030.0,2.0
Super built-up  Area,18-Apr,Kamdhenu Nagar,2.0,1.0,46.0,1000.0,2.0
Built-up  Area,Ready To Move,Sarjapur  Road,3.0,3.0,325.0,3800.0,4.0
Plot  Area,18-May,Kasavanhalli,4.0,2.0,333.0,4260.0,4.0
Plot  Area,Ready To Move,Brookefield,6.0,3.0,175.0,1950.0,5.0
Super built-up  Area,Ready To Move,Kudlu,2.0,2.0,65.94,1570.0,3.0
Super built-up  Area,18-Aug,Kanakapura,2.0,2.0,68.0,1283.0,2.0
Built-up  Area,Ready To Move,Electronic City Phase II,2.0,2.0,40.0,875.0,3.0
Super built-up  Area,Ready To Move,Vinayaka Nagar,2.0,2.0,52.0,1200.0,2.0
Plot  Area,Ready To Move,HAL 2nd Stage,3.0,0.0,500.0,2700.0,3.0
Plot  Area,Ready To Move,Konanakunte,2.0,3.0,180.0,2400.0,3.0
Super built-up  Area,Ready To Move,Kathriguppe,2.0,2.0,68.75,1250.0,3.0
Super built-up  Area,18-Feb,Old Madras Road,6.0,1.0,196.0,3630.0,4.0
Super built-up  Area,Ready To Move,Yelahanka,2.0,2.0,37.62,990.0,2.0
Super built-up  Area,Ready To Move,Panathur,2.0,1.0,85.0,1199.0,2.0
Super built-up  Area,Ready To Move,Brindavan Nagar,2.0,2.0,90.0,1280.0,2.0
Super built-up  Area,20-May,1st Block Jayanagar,4.0,0.0,413.0,2750.0,4.0
Built-up  Area,Ready To Move,Reliaable Tranquil Layout,2.0,1.0,55.0,1190.0,2.0
Super built-up  Area,Ready To Move,Yelachenahalli,2.0,2.0,60.0,1100.0,2.0
Super built-up  Area,Ready To Move,RMV,3.0,1.0,175.0,2075.0,3.0
Built-up  Area,Ready To Move,Harlur,2.0,1.0,55.0,1133.0,2.0
Built-up  Area,Ready To Move,Somasundara Palya,3.0,3.0,140.0,2400.0,4.0
Super built-up  Area,Ready To Move,Whitefield,2.0,2.0,69.0,1280.0,2.0
Super built-up  Area,Ready To Move,Horamavu Agara,3.0,2.0,65.0,1250.0,3.0
Super built-up  Area,Ready To Move,Begur Road,2.0,2.0,49.3,1565.0,3.0
Super built-up  Area,Ready To Move,Pattanagere,3.0,0.0,65.0,1900.0,3.0
Built-up  Area,Ready To Move,Munnekollal,2.0,2.0,45.0,1080.0,2.0
Super built-up  Area,Ready To Move,Battarahalli,1.0,0.0,47.0,600.0,1.0
Plot  Area,Ready To Move,Himagiri Meadows,4.0,1.0,180.0,1240.0,3.0
Built-up  Area,Ready To Move,HRBR Layout,2.0,1.0,87.0,1335.0,3.0
Super built-up  Area,Ready To Move,Vittasandra,2.0,1.0,67.3,1246.0,2.0
Super built-up  Area,18-Dec,JP Nagar,2.0,2.0,237.5,3496.5,3.0
Super built-up  Area,Ready To Move,Sarjapur  Road,3.0,1.0,55.0,1385.0,3.0
Super built-up  Area,18-Nov,Govindpura,3.0,1.0,73.9,1578.0,3.0
Super built-up  Area,Ready To Move,HSR Layout,2.0,2.0,46.0,1140.0,2.0
Super built-up  Area,18-Dec,Sarjapur  Road,3.0,1.0,79.9,1700.0,3.0
Plot  Area,Ready To Move,Ganganahalli,4.0,0.0,90.0,1050.0,4.0
Built-up  Area,Ready To Move,Vidyaranyapura,2.0,1.0,70.0,1120.0,2.0
Super built-up  Area,Ready To Move,Electronic City,1.0,1.0,22.0,435.0,1.0
Super built-up  Area,Ready To Move,Magadi Road,2.0,1.0,51.89,1116.0,2.0
Super built-up  Area,Ready To Move,Old Madras Road,3.0,2.0,95.0,1480.0,3.0
Built-up  Area,Ready To Move,Hormavu,2.0,2.0,50.0,1000.0,2.0
Super built-up  Area,Ready To Move,HSR Layout,2.0,2.0,46.0,1145.0,2.0
Super built-up  Area,Ready To Move,Bommasandra,1.0,1.0,32.0,800.0,2.0
Super built-up  Area,18-Apr,Thanisandra,2.0,1.0,83.0,1265.0,2.0
Super built-up  Area,21-Jul,Devanahalli,3.0,0.0,88.2,1700.0,3.0
Super built-up  Area,Ready To Move,Narayanappa Garden,2.0,1.0,70.0,1475.0,2.0
Super built-up  Area,Ready To Move,BTM 2nd Stage,2.0,2.0,55.0,1265.0,2.0
Built-up  Area,Ready To Move,Anandapura,2.0,0.0,58.0,1200.0,2.0
Super built-up  Area,Ready To Move,1st Phase JP Nagar,3.0,2.0,210.0,2180.0,3.0
Super built-up  Area,Ready To Move,Brookefield,2.0,3.0,50.0,1080.0,2.0
Super built-up  Area,Ready To Move,Whitefield,4.0,2.0,130.0,2023.0,3.0
Super built-up  Area,Ready To Move,Hanumantha Nagar,2.0,3.0,125.0,2400.0,2.0
Super built-up  Area,Ready To Move,Kadubeesanahalli,2.0,2.0,66.0,1545.0,3.0
Super built-up  Area,Ready To Move,Kalena Agrahara,3.0,2.0,166.0,1804.0,3.0
Plot  Area,Ready To Move,3rd Block Hrbr Layout,2.0,1.0,200.0,1200.0,2.0
Super built-up  Area,Ready To Move,6th Phase JP Nagar,2.0,2.0,58.0,1350.0,3.0
Super built-up  Area,21-Dec,Hoodi,2.0,1.0,74.23,1108.0,2.0
Super built-up  Area,Ready To Move,Marathahalli,3.0,2.0,115.0,1730.0,3.0
Super built-up  Area,Ready To Move,RWF West Colony,2.0,3.0,70.0,1427.0,3.0
Super built-up  Area,Ready To Move,Yelahanka,2.0,1.0,35.53,935.0,2.0
Super built-up  Area,Ready To Move,Sarjapura - Attibele Road,2.0,2.0,31.77,1073.0,2.0
Built-up  Area,Ready To Move,Ananth Nagar,2.0,3.0,37.0,960.0,2.0
Super built-up  Area,Ready To Move,Thigalarapalya,4.0,2.0,150.0,2215.0,3.0
Built-up  Area,18-Aug,Electronic City Phase II,2.0,1.0,32.49,1125.0,2.0
Built-up  Area,Ready To Move,Brookefield,2.0,3.0,55.0,1230.0,2.0
Super built-up  Area,Ready To Move,Mahadevpura,2.0,2.0,89.0,1438.0,2.0
Super built-up  Area,Ready To Move,7th Phase JP Nagar,2.0,2.0,75.0,1080.0,2.0
Plot  Area,Ready To Move,Hebbal Kempapura,3.0,2.0,125.0,1200.0,3.0
Plot  Area,Ready To Move,Marathahalli,1.0,1.0,103.0,1200.0,2.0
Super built-up  Area,Ready To Move,Uttarahalli,3.0,2.0,58.0,1590.0,3.0
Super built-up  Area,Ready To Move,Seetharampalya,3.0,2.0,68.0,1350.0,3.0
Super built-up  Area,Ready To Move,Raja Rajeshwari Nagar,2.0,2.0,48.0,1400.0,3.0
Super built-up  Area,Ready To Move,Kaggadasapura,2.0,3.0,72.0,1560.0,3.0
Built-up  Area,Ready To Move,Mallasandra,3.0,2.0,57.0,1810.0,4.0
Super built-up  Area,Ready To Move,Kanaka Nagar,4.0,1.0,160.0,2274.24,3.0
Super built-up  Area,18-Dec,Sonnenahalli,3.0,1.0,74.18,1484.0,3.0
Built-up  Area,Ready To Move,Indira Nagar,3.0,3.0,220.0,1650.0,3.0
Super built-up  Area,Ready To Move,Stage-4 Bommanahalli,2.0,2.0,55.0,1455.0,3.0
Super built-up  Area,Ready To Move,Thanisandra,4.0,2.0,184.0,2280.0,3.0
Super built-up  Area,Ready To Move,Rest House Road,5.0,2.0,980.0,4900.0,5.0
Built-up  Area,18-Apr,Frazer Town,3.0,3.0,220.0,2079.0,3.0
Super built-up  Area,Ready To Move,Bharathi Nagar,2.0,2.0,74.0,1351.0,2.0
Super built-up  Area,Ready To Move,Kanakpura Road,2.0,2.0,42.81,1223.0,3.0
Super built-up  Area,18-Jun,KR Puram,2.0,1.0,61.0,1430.0,3.0
Built-up  Area,Ready To Move,Whitefield,5.0,0.0,400.0,3589.0,4.0
Super built-up  Area,18-Aug,Electronic City Phase II,2.0,2.0,37.83,1310.0,3.0
Plot  Area,Ready To Move,Channasandra,4.0,1.0,300.0,1800.0,4.0
Plot  Area,18-May,Giri Nagar,4.0,2.0,175.0,1120.0,4.0
Super built-up  Area,18-Nov,Sarjapur  Road,2.0,1.0,55.0,984.0,2.0
Built-up  Area,Ready To Move,Jalahalli,3.0,3.0,100.0,1770.0,3.0
Plot  Area,Ready To Move,Immadihalli,3.0,1.0,105.0,900.0,2.0
Plot  Area,Ready To Move,Ramamurthy Nagar,5.0,1.0,120.0,1350.0,5.0
Super built-up  Area,18-Jul,Bhoganhalli,2.0,1.0,75.97,1447.0,2.0
Built-up  Area,Ready To Move,Margondanahalli,2.0,1.0,60.0,1140.0,2.0
Super built-up  Area,18-Jul,Bommanahalli,2.0,3.0,34.0,1170.0,2.0
Super built-up  Area,Ready To Move,Poorna Pragna Layout,2.0,2.0,46.39,1160.0,2.0
Super built-up  Area,19-Jul,Kanakpura Road,2.0,1.0,89.0,1296.0,2.0
Built-up  Area,Ready To Move,Kempapura,3.0,2.0,80.0,1570.0,3.0
Super built-up  Area,Ready To Move,Nagappa Reddy Layout,2.0,2.0,65.0,1495.0,3.0
Super built-up  Area,Ready To Move,Hoodi,2.0,2.0,67.0,1530.0,3.0
Plot  Area,Ready To Move,Rajaji Nagar,4.0,0.0,140.0,900.0,5.0
Super built-up  Area,Ready To Move,Gunjur,3.0,1.0,70.0,1800.0,3.0
Super built-up  Area,Ready To Move,Bellandur,2.0,2.0,48.0,1088.0,2.0
Super built-up  Area,19-Mar,Hosa Road,3.0,1.0,98.18,1533.0,3.0
Super built-up  Area,Ready To Move,Rachenahalli,2.0,1.0,68.0,1100.0,2.0
Built-up  Area,Ready To Move,Thubarahalli,3.0,3.0,90.0,1540.0,3.0
Super built-up  Area,Ready To Move,Hebbal,3.0,2.0,48.0,1244.0,2.0
Super built-up  Area,19-Mar,Hosa Road,2.0,1.0,68.59,1040.0,2.0
Built-up  Area,Ready To Move,Ex-Servicemen Colony Dinnur Main Road R.T.Nagar,6.0,2.0,101.0,1034.0,6.0
Super built-up  Area,Ready To Move,Begur Road,2.0,1.0,39.69,1260.0,2.0
Super built-up  Area,Ready To Move,Uttarahalli,2.0,1.0,41.3,1180.0,2.0
Super built-up  Area,Ready To Move,Thigalarapalya,2.0,2.0,100.0,1245.0,2.0
Super built-up  Area,Ready To Move,Dollars Colony,3.0,0.0,75.0,1350.0,3.0
Super built-up  Area,Ready To Move,KUDLU MAIN ROAD,3.0,2.0,56.0,1464.0,3.0
Super built-up  Area,Ready To Move,Alur,2.0,1.0,10.0,470.0,1.0
Super built-up  Area,Ready To Move,Vijayanagar,2.0,2.0,60.0,920.0,2.0
Built-up  Area,Ready To Move,Vijay Nagar,7.0,0.0,160.0,2300.0,6.0
Super built-up  Area,Ready To Move,Sarjapur,2.0,1.0,30.35,1124.0,2.0
Super built-up  Area,19-Sep,Yelahanka New Town,3.0,1.0,109.0,2095.0,4.0
Super built-up  Area,20-Aug,Begur Road,2.0,1.0,71.42,1100.0,2.0
Super built-up  Area,Ready To Move,Vijayanagar,2.0,1.0,58.0,1019.0,2.0
Super built-up  Area,Ready To Move,Harlur,3.0,2.0,128.0,1756.0,3.0
Super built-up  Area,18-May,Bommasandra,3.0,1.0,50.0,1280.0,3.0
Plot  Area,Ready To Move,Kenchenahalli,3.0,2.0,125.0,1200.0,4.0
Super built-up  Area,Ready To Move,Indira Nagar,3.0,2.0,150.0,1700.0,3.0
Super built-up  Area,18-Dec,Whitefield,4.0,2.0,118.0,2134.0,3.0
Super built-up  Area,18-Jun,Hosa Road,2.0,1.0,98.0,1369.1,2.0
Plot  Area,Ready To Move,Subramanyapura,3.0,1.0,69.0,600.0,3.0
Plot  Area,Ready To Move,Hennur Bande,4.0,2.0,150.0,1313.0,3.0
Super built-up  Area,Ready To Move,Carmelaram,4.0,3.0,155.0,2515.0,3.0
Super built-up  Area,Ready To Move,Thigalarapalya,4.0,2.0,154.0,2215.0,3.0
Super built-up  Area,Ready To Move,Basapura,3.0,2.0,72.0,1440.0,3.0
Super built-up  Area,Ready To Move,Hennur Road,2.0,2.0,55.33,1186.0,3.0
Super built-up  Area,Ready To Move,Uttarahalli,2.0,2.0,47.24,1350.0,3.0
Super built-up  Area,Ready To Move,Hebbal,3.0,2.0,140.0,1800.0,3.0
Built-up  Area,Ready To Move,Kudlu,3.0,3.0,79.0,1600.0,3.0
Built-up  Area,Ready To Move,GM Palaya,2.0,1.0,35.0,1000.0,2.0
Super built-up  Area,Ready To Move,Cunningham Road,3.0,3.0,285.0,2275.0,3.0
Super built-up  Area,Ready To Move,Banashankari Stage III,2.0,1.0,59.0,1305.0,3.0
Super built-up  Area,20-Jan,Binny Pete,3.0,1.0,150.0,1740.0,3.0
Built-up  Area,Ready To Move,Malleshwaram,2.0,1.0,90.0,900.0,2.0
Built-up  Area,Ready To Move,Benson Town,3.0,0.0,140.0,1567.0,2.0
Super built-up  Area,Ready To Move,Kambipura,2.0,1.0,45.5,1082.0,3.0
Built-up  Area,Ready To Move,Nagarbhavi,2.0,1.0,80.0,1050.0,2.0
Super built-up  Area,Ready To Move,Atmananda Colony,2.0,1.0,56.0,1200.0,2.0
Built-up  Area,Ready To Move,Begur,4.0,2.0,185.0,3500.0,3.0
Super built-up  Area,Ready To Move,Dasarahalli,2.0,2.0,52.0,1220.0,2.0
Super built-up  Area,18-Apr,Binny Pete,3.0,2.0,164.0,1970.0,3.0
Super built-up  Area,20-Dec,CMH Road,3.0,1.0,350.0,2665.0,3.0
Built-up  Area,Ready To Move,Kanakapura,4.0,0.0,120.0,2130.0,4.0
Super built-up  Area,Ready To Move,Harlur,3.0,2.0,120.0,1749.0,3.0
Super built-up  Area,18-Jun,Subramanyapura,2.0,1.0,108.0,1260.0,2.0
Super built-up  Area,Ready To Move,Doddaballapur,2.0,1.0,48.0,11840.289999999999,3.0
Super built-up  Area,Ready To Move,6th Phase JP Nagar,2.0,2.0,120.0,1170.0,2.0
Super built-up  Area,Ready To Move,Ankappa Layout,3.0,2.0,75.0,1670.0,3.0
Super built-up  Area,Ready To Move,Hennur Road,3.0,2.0,168.0,2264.0,3.0
Super built-up  Area,15-Oct,Byadarahalli,5.0,2.0,450.0,3500.0,4.0
Super built-up  Area,Ready To Move,Begur,2.0,2.0,55.0,1100.0,2.0
Super built-up  Area,18-Dec,Chandapura,1.0,1.0,19.9,674.0,2.0
Super built-up  Area,Ready To Move,Koramangala,2.0,1.0,160.0,1320.0,2.0
Plot  Area,Ready To Move,Vishveshwarya Layout,4.0,2.0,85.0,600.0,4.0
Super built-up  Area,Ready To Move,Electronics City Phase 1,2.0,2.0,65.0,1125.0,2.0
Super built-up  Area,Ready To Move,Nagavara,2.0,2.0,44.5,1125.0,2.0
Super built-up  Area,Ready To Move,Baba Nagar,2.0,1.0,29.0,700.0,2.0
Built-up  Area,Ready To Move,BTM Layout,2.0,1.0,75.0,1300.0,3.0
Super built-up  Area,Ready To Move,JP Nagar,3.0,2.0,83.0,1600.0,3.0
Super built-up  Area,18-Aug,Magadi Road,2.0,1.0,60.0,1052.0,3.0
Super built-up  Area,Ready To Move,Neelasandra,3.0,1.0,145.0,1140.0,4.0
Super built-up  Area,Ready To Move, Devarachikkanahalli,2.0,2.0,36.0,1130.0,2.0
Plot  Area,Ready To Move,Yediyur,3.0,2.0,225.0,1140.0,4.0
Super built-up  Area,Ready To Move,BTM 2nd Stage,3.0,3.0,220.0,2200.0,3.0
Built-up  Area,Ready To Move,Electronic City,2.0,1.0,63.0,1500.0,3.0
Super built-up  Area,20-Dec,Old Madras Road,3.0,1.0,47.25,1350.0,3.0
Super built-up  Area,Ready To Move,Gottigere,2.0,2.0,52.0,1230.0,3.0
Super built-up  Area,18-Apr,Haralur Road,2.0,2.0,85.0,1520.0,3.0
Super built-up  Area,21-Dec,Kanakpura Road,1.0,1.0,26.25,525.0,1.0
Super built-up  Area,20-Oct,Hosa Road,2.0,1.0,61.0,1040.0,2.0
Built-up  Area,Ready To Move,Upadhyaya Layout,2.0,1.0,67.0,1300.0,3.0
Super built-up  Area,18-Dec,Old Airport Road,4.0,3.0,201.0,2690.0,4.0
Super built-up  Area,Ready To Move,Domlur,1.0,1.0,70.0,780.0,1.0
Super built-up  Area,Ready To Move,Panathur,2.0,1.0,51.2,1140.0,2.0
Super built-up  Area,19-Jan,Chandapura,3.0,1.0,33.08,1225.0,3.0
Built-up  Area,Ready To Move,Nagavarapalya,1.0,0.0,25.84,646.0,1.0
Super built-up  Area,Ready To Move,Cox Town,3.0,1.0,150.0,1600.0,3.0
Super built-up  Area,18-Apr,Kadugodi,4.0,3.0,125.0,1890.0,3.0
Built-up  Area,Ready To Move,Kadugodi,2.0,1.0,34.0,1050.0,2.0
Plot  Area,Ready To Move,Ittamadu,4.0,2.0,100.0,1200.0,6.0
Super built-up  Area,Ready To Move,Whitefield,2.0,2.0,62.0,1458.0,3.0
Plot  Area,Ready To Move,Naganathapura,6.0,0.0,86.0,1200.0,5.0
Super built-up  Area,Ready To Move,Green Glen Layout,3.0,2.0,160.0,1970.0,3.0
Plot  Area,Ready To Move,Whitefield,4.0,0.0,80.0,1808.0,3.0
Built-up  Area,Ready To Move,Balagere,2.0,1.0,67.0,1007.0,2.0
Super built-up  Area,Ready To Move,Doddathoguru,2.0,1.0,50.0,1105.0,2.0
Super built-up  Area,Ready To Move,Lakshminarayana Pura,3.0,3.0,150.0,1700.0,3.0
Super built-up  Area,Ready To Move,Raja Rajeshwari Nagar,2.0,3.0,50.0,1170.0,2.0
Built-up  Area,Ready To Move,Chandapura,2.0,3.0,45.0,1080.0,2.0
Super built-up  Area,Ready To Move,Kaggalipura,2.0,1.0,62.0,1150.0,3.0
Super built-up  Area,19-Jul,Ramamurthy Nagar,2.0,1.0,57.9,1200.0,2.0
Super built-up  Area,Ready To Move,Jakkuru Layout,2.0,1.0,54.0,1200.0,2.0
Super built-up  Area,Ready To Move,Kudlu Gate,3.0,2.0,75.0,1656.0,3.0
Plot  Area,18-Apr,bsk 6th stage 2ad block near sri conversation hall,4.0,2.0,87.0,600.0,4.0
Super built-up  Area,Ready To Move,KR Puram,2.0,2.0,50.0,1040.0,2.0
Super built-up  Area,Ready To Move,Hosur Road,2.0,2.0,33.7,1085.0,2.0
Super built-up  Area,18-Apr,Virat Nagar,2.0,2.0,49.75,1215.0,3.0
Built-up  Area,Ready To Move,NRI Layout,4.0,2.0,115.0,2150.0,4.0
Plot  Area,Ready To Move,Hoodi,4.0,1.0,120.0,1100.0,4.0
Super built-up  Area,18-Feb,Panathur,2.0,1.0,77.0,1210.0,2.0
Built-up  Area,Ready To Move,Kallumantapa,2.0,1.0,55.0,1050.0,2.0
Plot  Area,Ready To Move,"Annapoorneshwari Layout, JP nagar 7th phase",3.0,1.0,70.0,600.0,3.0
Super built-up  Area,18-Aug,Iblur Village,3.0,2.0,150.0,1920.0,3.0
Super built-up  Area,Ready To Move,Uttarahalli,2.0,1.0,50.0,1250.0,3.0
Super built-up  Area,Ready To Move,Mysore Road,2.0,1.0,80.0,947.55,2.0
Built-up  Area,Ready To Move,Malleshpalya,2.0,1.0,90.0,1421.0,2.0
Plot  Area,Ready To Move,Mudalpalaya,4.0,2.0,155.0,1050.0,6.0
Super built-up  Area,18-May,Old Madras Road,2.0,2.0,74.31,1425.0,3.0
Super built-up  Area,Ready To Move,Budigere,2.0,1.0,58.0,1162.0,2.0
Super built-up  Area,18-Jul,Whitefield,1.0,1.0,60.0,905.0,1.0
Super built-up  Area,Ready To Move,Sarjapur  Road,2.0,1.0,32.0,914.0,2.0
Built-up  Area,18-Apr,elachenahalli,2.0,0.0,58.0,1258.0,2.0
Plot  Area,Ready To Move,CV Raman Nagar,4.0,2.0,220.0,1100.0,4.0
Plot  Area,Ready To Move,Hormavu,4.0,1.0,289.0,3500.0,4.0
Plot  Area,Ready To Move,Poorna Pragna Layout,6.0,2.0,450.0,2400.0,7.0
Built-up  Area,Ready To Move,Ramagondanahalli,4.0,2.0,800.0,4200.0,4.0
Super built-up  Area,Ready To Move,Whitefield,2.0,3.0,70.0,1537.0,3.0
Super built-up  Area,Ready To Move,Chikkalasandra,2.0,2.0,53.51,1230.0,3.0
Plot  Area,Ready To Move,B K Nagar,5.0,2.0,300.0,2400.0,6.0
Super built-up  Area,Ready To Move,Malleshwaram,3.0,1.0,200.0,2250.0,3.0
Plot  Area,Ready To Move,Hosur Road,4.0,1.0,69.0,2000.0,4.0
Super built-up  Area,Ready To Move,Vivek Nagar,4.0,3.0,130.0,3000.0,8.0
Built-up  Area,Ready To Move,Kumaraswami Layout,4.0,0.0,325.0,2600.0,4.0
Built-up  Area,16-Sep,Indira Nagar,3.0,2.0,250.0,3200.0,4.0
Built-up  Area,Ready To Move,Anjanapura,2.0,0.0,32.0,950.0,2.0
Super built-up  Area,Ready To Move,Marathahalli,4.0,2.0,200.0,4000.0,4.0
Super built-up  Area,Ready To Move,Yelahanka,2.0,1.0,48.72,1282.0,3.0
Built-up  Area,18-Apr,Banashankari Stage III,2.0,0.0,111.0,1304.0,2.0
Super built-up  Area,Ready To Move,7th Phase JP Nagar,3.0,2.0,200.0,2100.0,3.0
Built-up  Area,Ready To Move,Jakkur,2.0,2.0,49.0,1220.0,3.0
Super built-up  Area,Ready To Move,Budigere,3.0,2.0,85.0,1636.0,3.0
Built-up  Area,Ready To Move,7th Phase JP Nagar,3.0,1.0,65.0,1415.0,3.0
Plot  Area,Ready To Move,Bommenahalli,3.0,1.0,217.0,653400.0,3.0
Super built-up  Area,Ready To Move,Green Glen Layout,3.0,2.0,125.0,1728.0,3.0
Super built-up  Area,Ready To Move,7th Phase JP Nagar,3.0,3.0,125.0,1680.0,3.0
Super built-up  Area,19-Dec,Venkatapura,2.0,1.0,140.0,1235.0,2.0
Plot  Area,18-May,Yelachenahalli,2.0,1.0,115.0,900.0,4.0
Built-up  Area,Ready To Move,Yelahanka,4.0,1.0,260.0,3990.0,4.0
Built-up  Area,Ready To Move,Kasavanhalli,2.0,2.0,83.0,1495.0,2.0
Plot  Area,Ready To Move,Hennur Road,5.0,1.0,175.0,1500.0,5.0
Super built-up  Area,Ready To Move,Yeshwanthpur,3.0,3.0,138.0,2501.0,3.0
Carpet  Area,20-Dec,Kanakpura Road,1.0,0.0,28.0,381.0,1.0
Super built-up  Area,19-Mar,Gopalapura,5.0,2.0,570.0,3301.8,4.0
Super built-up  Area,Ready To Move,Hennur Road,3.0,2.0,120.0,2002.0,3.0
Built-up  Area,17-Mar,Meenakunte,3.0,0.0,260.0,3200.0,3.0
Plot  Area,Ready To Move,Banjara Layout,2.0,2.0,70.0,1200.0,2.0
Plot  Area,Ready To Move,Sarjapur  Road,3.0,0.0,235.0,1500.0,4.0
Plot  Area,17-Sep,Bommasandra,3.0,2.0,90.0,1942.0,3.0
Super built-up  Area,Ready To Move,Electronics City Phase 1,2.0,2.0,60.75,1522.5,3.0
Built-up  Area,Ready To Move,Thyagaraja Nagar,1.0,0.0,95.0,660.0,1.0
Plot  Area,Ready To Move,Banashankari Stage III,6.0,2.0,170.0,1200.0,4.0
Built-up  Area,Ready To Move,Basavanna Nagar,3.0,2.0,90.0,1450.0,3.0
Super built-up  Area,Ready To Move,Electronic City,2.0,1.0,50.0,1039.0,2.0
Super built-up  Area,Ready To Move,Old Madras Road,2.0,1.0,80.0,1210.0,2.0
Super built-up  Area,Ready To Move,Attibele,1.0,1.0,24.88,995.0,2.0
Built-up  Area,Ready To Move,Yelahanka,3.0,2.0,90.0,1620.0,3.0
Built-up  Area,Ready To Move,Choodasandra,4.0,3.0,395.0,3204.0,3.0
Built-up  Area,Ready To Move,Hebbal Kempapura,3.0,3.0,260.0,3408.0,3.0
Built-up  Area,Ready To Move,Marathahalli,2.0,3.0,55.0,1314.0,2.0
Super built-up  Area,Ready To Move,Bisuvanahalli,2.0,1.0,33.0,945.0,2.0
Built-up  Area,Ready To Move,Nehru Nagar,3.0,2.0,72.0,1374.0,3.0
Built-up  Area,19-Jan,Kanakpura Road,3.0,3.0,113.0,1603.0,3.0
Built-up  Area,Ready To Move,Kengeri,2.0,2.0,52.0,1230.0,3.0
Super built-up  Area,Ready To Move, Basavangudi,1.0,1.0,50.0,670.0,1.0
Super built-up  Area,Ready To Move,Sarjapur  Road,3.0,2.0,105.0,1864.0,4.0
Built-up  Area,18-Jan,Hosa Road,3.0,2.0,100.0,2500.0,3.0
Super built-up  Area,Ready To Move,Raja Rajeshwari Nagar,2.0,2.0,54.0,1625.0,3.0
Super built-up  Area,Ready To Move,Whitefield,2.0,3.0,55.0,1186.0,2.0
Plot  Area,Ready To Move,KR Puram,7.0,2.0,382.0,1500.0,8.0
Super built-up  Area,Ready To Move,Electronic City,1.0,1.0,39.9,770.0,2.0
Super built-up  Area,18-Feb,Varthur,2.0,1.0,45.0,1085.0,2.0
Super built-up  Area,Ready To Move,Dairy Circle,6.0,2.0,480.0,3754.0,4.0
Super built-up  Area,Ready To Move,Dodsworth Layout,3.0,2.0,115.0,1893.0,3.0
Plot  Area,Ready To Move,Thurahalli,3.0,2.0,65.0,600.0,4.0
Super built-up  Area,Ready To Move,Kundalahalli,2.0,3.0,78.0,1496.0,3.0
Super built-up  Area,18-Jul,Chandapura,3.0,1.0,33.28,1305.0,3.0
Super built-up  Area,Ready To Move,Electronics City Phase 1,2.0,2.0,82.0,1550.0,3.0
Super built-up  Area,Ready To Move,Marathahalli,2.0,1.0,58.17,1200.0,3.0
Super built-up  Area,20-Jan,Badavala Nagar,2.0,2.0,94.55,1494.0,3.0
Super built-up  Area,Ready To Move,Electronic City Phase II,2.0,2.0,69.0,1286.0,2.0
Plot  Area,Ready To Move,"Banashankari 6th stage , 2nd block",4.0,1.0,100.0,600.0,3.0
Super built-up  Area,Ready To Move,Hebbal,3.0,2.0,95.0,1860.0,3.0
Built-up  Area,Ready To Move,Raghuvanahalli,1.0,1.0,750.0,425.0,1.0
Super built-up  Area,Ready To Move,Haralur Road,2.0,2.0,45.0,1243.0,2.0
Super built-up  Area,Ready To Move,Brookefield,2.0,2.0,75.0,1200.0,2.0
Super built-up  Area,Ready To Move,Sarjapur,2.0,2.0,32.0,1044.0,2.0
Super built-up  Area,Ready To Move,7th Phase JP Nagar,2.0,1.0,41.59,1040.0,2.0
Super built-up  Area,18-Jun,8th Phase JP Nagar,2.0,2.0,36.94,1125.0,2.0
Super built-up  Area,19-Jul,Cunningham Road,3.0,1.0,662.0,3489.0,3.0
Super built-up  Area,Ready To Move,Subramanyapura,2.0,2.0,59.0,1278.0,3.0
Super built-up  Area,Ready To Move,Chelekare,6.0,2.0,98.0,2400.0,6.0
Super built-up  Area,Ready To Move,Belatur,2.0,1.0,43.0,1250.0,2.0
Plot  Area,Ready To Move,Vijayanagar,6.0,3.0,125.0,2400.0,5.0
Plot  Area,Ready To Move,KR Puram,5.0,2.0,560.0,4166.0,5.0
Super built-up  Area,Ready To Move,Lakshminarayana Pura,2.0,2.0,75.0,1210.0,2.0
Super built-up  Area,Ready To Move,8th Phase JP Nagar,3.0,2.0,110.0,1200.0,4.0
Super built-up  Area,18-Apr,Sarjapur  Road,2.0,1.0,57.84,1157.0,3.0
Super built-up  Area,Ready To Move,Raja Rajeshwari Nagar,2.0,1.0,51.15,1185.0,2.0
Super built-up  Area,Ready To Move,Kalena Agrahara,3.0,3.0,100.0,1450.0,3.0
Super built-up  Area,Ready To Move,Old Madras Road,3.0,2.0,121.0,1859.0,3.0
Super built-up  Area,Ready To Move,Rajaji Nagar,3.0,2.0,262.0,1763.0,2.0
Super built-up  Area,17-Sep,Attibele,1.0,1.0,25.0,900.0,2.0
Super built-up  Area,Ready To Move,Ramamurthy Nagar,3.0,1.0,60.0,1305.0,3.0
Built-up  Area,Ready To Move,Srirampuram,2.0,2.0,100.0,1200.0,3.0
Super built-up  Area,Ready To Move,Thanisandra,1.0,0.0,35.285,784.0,1.0
Super built-up  Area,Ready To Move,Sarjapur  Road,2.0,0.0,36.8,1150.0,2.0
Built-up  Area,Ready To Move,Whitefield,3.0,3.0,85.0,1806.0,3.0
Super built-up  Area,Ready To Move,Kudlu,2.0,2.0,42.0,1027.0,2.0
Super built-up  Area,19-Jul,Uttarahalli,2.0,1.0,40.08,1002.0,2.0
Super built-up  Area,18-Apr,Electronic City Phase II,2.0,1.0,36.21,1220.0,3.0
Super built-up  Area,Ready To Move,Whitefield,2.0,1.0,35.22,1109.0,2.0
Built-up  Area,Ready To Move,Uttarahalli,2.0,1.0,40.08,1002.0,2.0
Super built-up  Area,Ready To Move,Narayanapura,2.0,1.0,89.04,1308.0,2.0
Super built-up  Area,19-Mar,Hennur Road,2.0,1.0,69.6,1232.0,2.0
Super built-up  Area,18-Apr,Haralur Road,2.0,2.0,44.0,1027.0,2.0
Built-up  Area,Ready To Move,Kalyan nagar,2.0,2.0,65.0,1250.0,2.0
Plot  Area,Ready To Move,2nd Phase JP Nagar,6.0,3.0,170.0,900.0,6.0
Plot  Area,Ready To Move,KR Puram,4.0,2.0,80.0,960.0,4.0
Super built-up  Area,Ready To Move,Raja Rajeshwari Nagar,2.0,1.0,53.87,1255.0,2.0
Built-up  Area,Ready To Move,Akshaya Nagar,3.0,3.0,84.0,1434.0,3.0
Built-up  Area,Ready To Move,Doddathoguru,2.0,2.0,30.0,925.0,2.0
Super built-up  Area,19-Dec,Jakkur,3.0,1.0,123.0,1858.0,3.0
Built-up  Area,Ready To Move,Jakkuru Layout,2.0,1.0,70.0,1205.0,2.0
Plot  Area,18-Jul,Nelamangala,3.0,2.0,90.0,1500.0,3.0
Plot  Area,Ready To Move,Nagawara Junction,3.0,2.0,200.0,1200.0,3.0
Super built-up  Area,Ready To Move,Mysore Road,2.0,2.0,48.95,1020.0,2.0
Super built-up  Area,Ready To Move,Thanisandra,2.0,1.0,56.0,965.0,2.0
Plot  Area,Ready To Move,7th Phase JP Nagar,6.0,3.0,270.0,1800.0,5.0
Plot  Area,Ready To Move,Hoysalanagar,4.0,2.0,90.0,1200.0,6.0
Super built-up  Area,Ready To Move,Battarahalli,2.0,2.0,82.89,1636.0,2.0
Super built-up  Area,18-Dec,Kundalahalli,3.0,1.0,125.0,1724.0,3.0
Super built-up  Area,18-Oct,Whitefield,2.0,1.0,67.0,1216.0,2.0
Super built-up  Area,18-Feb,Yelahanka,1.0,1.0,36.25,654.0,1.0
Built-up  Area,Ready To Move,Chikkabanavar,7.0,2.0,80.0,2460.0,4.0
Super built-up  Area,Ready To Move,Abbaiah Reddy Layout,2.0,2.0,41.0,1190.0,2.0
Plot  Area,Ready To Move,Tavarekere,5.0,2.0,180.0,1200.0,7.0
Super built-up  Area,Ready To Move,Budigere,3.0,2.0,92.0,1636.0,3.0
Super built-up  Area,18-Dec,Hennur Road,2.0,2.0,73.0,1195.0,2.0
Super built-up  Area,Ready To Move,Nagavara,3.0,3.0,251.0,2400.0,3.0
Super built-up  Area,Ready To Move,1st Block HRBR Layout,2.0,1.0,67.0,1250.0,2.0
Super built-up  Area,Ready To Move,Whitefield,3.0,2.0,90.0,1452.0,3.0
Super built-up  Area,19-Dec,Thanisandra,3.0,1.0,95.0,1546.0,3.0
Built-up  Area,Ready To Move,Sarjapur  Road,6.0,0.0,142.0,3385.5,4.0
Plot  Area,Ready To Move,Indira Nagar,3.0,1.0,275.0,1440.0,3.0
Plot  Area,Ready To Move,Naganathapura,3.0,1.0,80.0,2260.0,2.0
Plot  Area,Ready To Move,Tavarekere,3.0,2.0,90.0,2700.0,4.0
Super built-up  Area,Ready To Move,Indira Nagar,2.0,2.0,171.0,1475.0,2.0
Built-up  Area,Ready To Move,JP Nagar,3.0,2.0,150.0,3000.0,4.0
Built-up  Area,Ready To Move,KG Halli,1.0,0.0,26.0,375.0,1.0
Super built-up  Area,Ready To Move,Balagere,2.0,1.0,66.0,1007.0,2.0
Plot  Area,Ready To Move,Kanakpura Road,1.0,0.0,125.0,54885.6,1.0
Super built-up  Area,Ready To Move,Cubbon Road,6.0,2.0,1900.0,5422.0,4.0
Super built-up  Area,Ready To Move,Hennur Road,2.0,3.0,47.0,1020.0,2.0
Super built-up  Area,Ready To Move,Lavelle Road,2.0,0.0,150.0,1000.0,2.0
Plot  Area,Ready To Move,Varanasi,3.0,1.0,59.5,800.0,2.0
Plot  Area,Ready To Move,Geddalahalli,3.0,2.0,95.0,1200.0,5.0
Super built-up  Area,Ready To Move,Marathahalli,2.0,3.0,55.0,1125.0,2.0
Plot  Area,Ready To Move,Kudlu Gate,9.0,2.0,140.0,1150.0,9.0
Built-up  Area,Ready To Move,Kada Agrahara,2.0,1.0,43.0,909.0,3.0
Built-up  Area,Ready To Move,Whitefield,5.0,0.0,240.0,2850.0,4.0
Super built-up  Area,Ready To Move,Dodsworth Layout,2.0,3.0,85.0,1400.0,2.0
Super built-up  Area,Ready To Move,Kadugodi,2.0,2.0,61.0,1152.0,2.0
Super built-up  Area,Ready To Move,Subramanyapura,2.0,1.0,34.49,958.0,2.0
Super built-up  Area,Ready To Move,Whitefield,2.0,2.0,55.0,1150.0,2.0
Super built-up  Area,Ready To Move,Old Madras Road,5.0,1.0,173.0,2990.0,3.0
Super built-up  Area,Ready To Move,Bellandur,2.0,2.0,85.0,1310.0,2.0
Super built-up  Area,Ready To Move,Hosur Road,2.0,2.0,126.0,1590.0,3.0
Super built-up  Area,Ready To Move,Green Glen Layout,3.0,2.0,110.0,1645.0,3.0
Built-up  Area,Ready To Move,Veerabhadra Nagar,2.0,2.0,100.0,1800.0,3.0
Super built-up  Area,Ready To Move,Thanisandra,3.0,2.0,150.0,1795.0,3.0
Super built-up  Area,Ready To Move,8th Phase JP Nagar,2.0,3.0,35.0,1100.0,2.0
Super built-up  Area,18-Nov,Thanisandra,1.0,0.0,38.535,777.0,1.0
Super built-up  Area,Ready To Move,Kalkere,2.0,2.0,70.0,925.0,2.0
Super built-up  Area,Ready To Move,Basavangudi,3.0,3.0,120.0,1542.14,3.0
Plot  Area,Ready To Move,Konanakunte,6.0,1.0,375.0,3746.0,4.0
Super built-up  Area,Ready To Move,Thanisandra,2.0,2.0,54.0,1430.0,3.0
Super built-up  Area,Ready To Move,Bommanahalli,2.0,2.0,55.0,1020.0,2.0
Plot  Area,Ready To Move,Ramamurthy Nagar Extension,2.0,1.0,42.0,750.0,4.0
Super built-up  Area,18-May,Electronic City Phase II,2.0,1.0,32.92,1140.0,2.0
Built-up  Area,Ready To Move,Anekal,2.0,1.0,45.0,967.0,3.0
Super built-up  Area,19-Jun,Hebbal,4.0,2.0,203.0,2470.0,4.0
Built-up  Area,Ready To Move,Maruthi Nagar,1.0,0.0,35.5,850.0,2.0
Super built-up  Area,Ready To Move,Vidhyanagar Cross,2.0,2.0,32.0,1100.0,2.0
Super built-up  Area,Ready To Move,Thanisandra,3.0,2.0,110.0,1697.0,3.0
Super built-up  Area,Ready To Move,Varthur,2.0,2.0,47.0,1250.0,2.0
Super built-up  Area,Ready To Move,Gottigere,2.0,2.0,50.0,1120.0,2.0
Plot  Area,Ready To Move,NRI Layout,4.0,0.0,95.0,1200.0,4.0
Plot  Area,Ready To Move,Hennur Road,6.0,3.0,375.0,5100.0,5.0
Plot  Area,Ready To Move,7th Block Jayanagar,3.0,2.0,480.0,2400.0,4.0
Super built-up  Area,Ready To Move,Hebbal,2.0,1.0,52.0,1200.0,2.0
Super built-up  Area,Ready To Move,7th Phase JP Nagar,2.0,1.0,44.0,1100.0,2.0
Super built-up  Area,Ready To Move, Devarachikkanahalli,2.0,2.0,76.0,1417.0,3.0
Built-up  Area,Ready To Move,Thanisandra,3.0,1.0,88.0,1492.0,3.0
Super built-up  Area,22-Nov,Devanahalli,3.0,3.0,79.15,1498.0,3.0
Built-up  Area,Ready To Move,Bellari Road,2.0,1.0,350.0,3500.0,4.0
Super built-up  Area,Ready To Move,Kundalahalli,2.0,1.0,48.27,1010.0,2.0
Super built-up  Area,Ready To Move,Hennur,2.0,2.0,53.5,1255.0,2.0
Super built-up  Area,Ready To Move,Channasandra,2.0,1.0,35.0,1050.0,2.0
Super built-up  Area,Ready To Move,Hegde Nagar,3.0,2.0,125.0,1847.0,3.0
Super built-up  Area,18-May,1st Stage Indira Nagar,2.0,2.0,55.0,1200.0,2.0
Super built-up  Area,Ready To Move,Bellandur,2.0,2.0,37.28,982.0,2.0
Super built-up  Area,Ready To Move,Hegde Nagar,4.0,2.0,145.0,2144.6,3.0
Super built-up  Area,Ready To Move,Kengeri,2.0,1.0,36.5,750.0,2.0
Super built-up  Area,Ready To Move,Electronic City,2.0,2.0,35.0,919.0,2.0
Super built-up  Area,Ready To Move,Budigere,2.0,1.0,54.3,1087.0,2.0
Built-up  Area,Ready To Move,Sunder Ram Shetty Nagar,3.0,2.0,74.0,1480.0,3.0
Built-up  Area,Ready To Move,Tindlu,2.0,2.0,52.0,1180.0,2.0
Super built-up  Area,Ready To Move,6th Block Jayanagar,4.0,2.0,255.0,2100.0,3.0
Super built-up  Area,Ready To Move,Jigani,3.0,2.0,65.0,1221.0,3.0
Super built-up  Area,Ready To Move,Haralur Road,2.0,2.0,46.0,1194.0,2.0
Built-up  Area,Ready To Move,Thanisandra,3.0,2.0,122.0,2072.0,3.0
Built-up  Area,18-Dec,Whitefield,3.0,2.0,69.0,1600.0,3.0
Super built-up  Area,Ready To Move,Sahakara Nagar,3.0,2.0,98.0,2200.0,3.0
Super built-up  Area,Ready To Move,Rajaji Nagar,3.0,3.0,220.0,1640.0,3.0
Super built-up  Area,Ready To Move,Kaikondrahalli,2.0,2.0,81.5,1253.0,2.0
Super built-up  Area,Ready To Move,Hennur Road,2.0,1.0,54.92,1061.0,2.0
Super built-up  Area,Ready To Move,Marathahalli,3.0,2.0,115.0,1950.0,3.0
Built-up  Area,Ready To Move,Marathahalli,2.0,2.0,68.0,1250.0,2.0
Super built-up  Area,Ready To Move,Hennur Road,2.0,3.0,80.0,1585.0,3.0
Super built-up  Area,Ready To Move,Kanakpura Road,3.0,3.0,60.98,1452.0,3.0
Super built-up  Area,Ready To Move,Kammasandra,2.0,2.0,37.0,1015.0,2.0
Super built-up  Area,19-Aug,Begur Road,6.0,0.0,118.0,2464.5,4.0
Super built-up  Area,Ready To Move,Marathahalli,2.0,2.0,56.8,1125.0,2.0
Super built-up  Area,18-May,Electronic City Phase II,2.0,2.0,40.0,1116.0,2.0
Built-up  Area,Ready To Move,Kadarenahalli,1.0,0.0,35.0,400.0,1.0
Super built-up  Area,Ready To Move,Kasavanhalli,4.0,2.0,325.0,4000.0,4.0
Super built-up  Area,Ready To Move,Hebbal,4.0,2.0,410.0,3900.0,4.0
Super built-up  Area,Ready To Move,Old Madras Road,2.0,2.0,100.0,1300.0,2.0
Super built-up  Area,Ready To Move,Raja Rajeshwari Nagar,2.0,1.0,60.42,1419.0,2.0
Super built-up  Area,Ready To Move,Punappa Layout,2.0,1.0,55.0,1310.0,3.0
Super built-up  Area,Ready To Move,Thigalarapalya,4.0,2.0,152.0,2072.0,3.0
Built-up  Area,Ready To Move,Kaggadasapura,2.0,1.0,58.58,1240.0,2.0
Built-up  Area,Ready To Move,Chamrajpet,3.0,2.0,98.91,1565.0,3.0
Super built-up  Area,Ready To Move,Budigere,3.0,2.0,89.0,1820.0,3.0
Plot  Area,Ready To Move,Gubbalala,3.0,1.0,88.0,2500.0,3.0
Plot  Area,Ready To Move,KR Puram,5.0,2.0,310.0,3657.0,5.0
Super built-up  Area,Ready To Move,Hosa Road,2.0,1.0,62.0,1245.0,2.0
Super built-up  Area,Ready To Move,GM Palaya,3.0,1.0,65.0,1315.0,3.0
Super built-up  Area,Ready To Move,Kenchenahalli,2.0,2.0,73.0,1410.0,3.0
Super built-up  Area,Ready To Move,Dasarahalli,2.0,1.0,60.0,1375.0,2.0
Super built-up  Area,Ready To Move,Old Madras Road,2.0,2.0,95.0,1299.0,2.0
Super built-up  Area,Ready To Move,Pampa Extension,2.0,3.0,45.5,993.0,2.0
Plot  Area,Ready To Move,Bommasandra Industrial Area,3.0,0.0,45.0,1200.0,2.0
Super built-up  Area,Ready To Move,Lavelle Road,2.0,1.0,156.0,985.0,2.0
Built-up  Area,Ready To Move,4th Block Koramangala,5.0,3.0,180.0,2400.0,4.0
Super built-up  Area,18-Nov,Hebbal,2.0,1.0,95.0,1255.0,3.0
Super built-up  Area,22-Jun,Hoodi,3.0,2.0,131.0,1655.0,3.0
Super built-up  Area,18-Dec,Whitefield,5.0,3.0,190.0,2830.0,4.0
Super built-up  Area,Ready To Move, Sector 1 HSR Layout,1.0,1.0,276.0,6000.0,1.0
Built-up  Area,Ready To Move,Electronic City,1.0,1.0,15.0,550.0,2.0
Super built-up  Area,Ready To Move,Balaji Gardens Layout,2.0,1.0,40.0,825.0,1.0
Super built-up  Area,20-Aug,Begur Road,3.0,1.0,111.0,1634.0,3.0
Plot  Area,Ready To Move,Kogilu,6.0,3.0,105.0,1200.0,8.0
Super built-up  Area,Ready To Move,Banaswadi,2.0,2.0,80.0,1222.0,2.0
Super built-up  Area,Ready To Move,Gottigere,3.0,2.0,63.0,1500.0,3.0
Super built-up  Area,Ready To Move,Akshaya Nagar,4.0,2.0,100.0,1890.0,3.0
Built-up  Area,Ready To Move,Hegde Nagar,6.0,2.0,375.0,3750.0,4.0
Super built-up  Area,Ready To Move,Hulimavu,1.0,1.0,39.5,850.0,2.0
Super built-up  Area,Ready To Move,Whitefield,2.0,3.0,78.5,1295.0,2.0
Super built-up  Area,Ready To Move,Sarjapur  Road,2.0,1.0,100.0,1320.0,2.0
Built-up  Area,Ready To Move,ISRO Layout,3.0,3.0,179.0,950.0,4.0
Plot  Area,Ready To Move,Hebbal,4.0,2.0,225.0,1200.0,4.0
Built-up  Area,Ready To Move,2nd Stage Nagarbhavi,3.0,3.0,170.0,3000.0,4.0
Built-up  Area,Ready To Move,Harlur,2.0,1.0,82.0,1197.0,2.0
Super built-up  Area,Ready To Move,Hoysalanagar,2.0,3.0,60.0,1320.0,3.0
Plot  Area,Ready To Move,Billekahalli,5.0,2.0,98.5,1180.0,5.0
Super built-up  Area,20-Dec,Whitefield,1.0,1.0,57.6,840.0,1.0
Super built-up  Area,20-Dec,Whitefield,1.0,0.0,19.83,640.0,1.0
Super built-up  Area,Ready To Move,Raja Rajeshwari Nagar,3.0,1.0,71.38,1693.0,3.0
Super built-up  Area,Ready To Move,Kodihalli,2.0,1.0,62.0,1000.0,2.0
Built-up  Area,Ready To Move,Babusapalaya,2.0,1.0,70.0,1305.0,2.0
Built-up  Area,Ready To Move,Kodichikkanahalli,1.0,1.0,18.0,450.0,1.0
Super built-up  Area,Ready To Move,CV Raman Nagar,1.0,1.0,57.0,705.0,1.0
Super built-up  Area,Ready To Move,Ilyas Nagar,6.0,2.0,75.0,750.0,4.0
Built-up  Area,Ready To Move,Tumkur Road,5.0,2.0,150.0,4800.0,5.0
Built-up  Area,Ready To Move,Koramangala Industrial Layout,5.0,2.0,600.0,5000.0,4.0
Plot  Area,Ready To Move,Gubbalala,4.0,3.0,425.0,5000.0,4.0
Built-up  Area,18-Dec,Whitefield,3.0,2.0,104.0,1991.0,3.0
Super built-up  Area,Ready To Move,Battarahalli,3.0,2.0,90.0,1779.0,3.0
Plot  Area,Ready To Move,Whitefield,4.0,1.0,1250.0,10200.0,4.0
Super built-up  Area,Ready To Move,Banaswadi,2.0,2.0,38.0,870.0,2.0
Super built-up  Area,18-May,Thanisandra,3.0,2.0,120.0,1595.0,3.0
Super built-up  Area,21-Dec,Kanakpura Road,1.0,1.0,26.0,525.0,1.0
Plot  Area,Ready To Move,Ramamurthy Nagar,5.0,2.0,120.0,945.0,4.0
Plot  Area,18-Apr,Basaveswarnagar,4.0,2.0,420.0,2400.0,6.0
Super built-up  Area,18-Dec,Iblur Village,4.0,2.0,138.0,2000.0,3.0
Super built-up  Area,Ready To Move,Yelahanka,3.0,2.0,93.0,1614.0,3.0
Super built-up  Area,Ready To Move,Gottigere,2.0,3.0,40.0,1200.0,2.0
Built-up  Area,Ready To Move,Electronic City Phase II,3.0,3.0,46.0,1150.0,3.0
Super built-up  Area,Ready To Move,Indira Nagar,4.0,2.0,440.0,3200.0,4.0
Super built-up  Area,18-Dec,Sonnenahalli,3.0,2.0,80.48,1610.0,3.0
Super built-up  Area,Ready To Move,Whitefield,2.0,2.0,41.0,1190.0,2.0
Super built-up  Area,Ready To Move,Kallumantapa,2.0,2.0,50.0,1050.0,2.0
Plot  Area,Ready To Move,Vaishnavi Layout,5.0,2.0,420.0,4800.0,4.0
Super built-up  Area,Ready To Move,7th Phase JP Nagar,2.0,1.0,97.0,1460.0,3.0
Super built-up  Area,Ready To Move,Jaymahal Road,3.0,3.0,400.0,3400.0,3.0
Plot  Area,Ready To Move,Naganathapura,1.0,0.0,33.0,600.0,1.0
Built-up  Area,Ready To Move,Suraksha Nagar,3.0,0.0,70.0,1569.0,3.0
Built-up  Area,18-Dec,"Off Sarjapur Road, ",3.0,2.0,147.0,2600.0,3.0
Super built-up  Area,Ready To Move,Electronics City Phase 1,1.0,0.0,42.5,645.0,1.0
Plot  Area,Ready To Move,Nagarbhavi Garden Villas Layout,3.0,1.0,180.0,1200.0,4.0
Plot  Area,Ready To Move,Nagarbhavi,3.0,0.0,95.0,800.0,3.0
Built-up  Area,Ready To Move,Mico Layout,2.0,1.0,80.0,800.0,2.0
Super built-up  Area,Ready To Move,Marathahalli,2.0,1.0,90.0,1350.0,2.0
Super built-up  Area,Ready To Move,BTM 2nd Stage,4.0,1.0,325.0,2780.0,3.0
Super built-up  Area,18-Mar,Rajarajeshwari Nagara,2.0,2.0,45.12,1410.0,3.0
Super built-up  Area,Ready To Move,Whitefield,2.0,1.0,35.47,1109.0,2.0
Super built-up  Area,Ready To Move,Vasanth nagar,3.0,2.0,1063.0,2000.0,4.0
Built-up  Area,Ready To Move,Agrahara Dasarahalli,1.0,0.0,72.0,800.0,1.0
Super built-up  Area,Ready To Move,Bannerghatta Road,2.0,1.0,68.0,1215.0,2.0
Plot  Area,Ready To Move,Basaveshwara Nagar,6.0,0.0,250.0,1230.0,8.0
Built-up  Area,Ready To Move,Prithvi Layout,4.0,2.0,192.0,2273.0,3.0
Super built-up  Area,18-Aug,Varthur Road,2.0,2.0,52.76,1255.0,2.0
Super built-up  Area,Ready To Move,B Narayanapura,2.0,1.0,49.0,1020.0,2.0
Super built-up  Area,18-Jul,T R Mill Road,2.0,2.0,82.0,1225.0,3.0
Super built-up  Area,Ready To Move,Singasandra,2.0,1.0,60.0,1120.0,2.0
Plot  Area,Ready To Move,Victoria Layout,5.0,3.0,625.0,2400.0,5.0
Super built-up  Area,Ready To Move,Kasavanhalli,2.0,1.0,69.0,1225.0,3.0
Plot  Area,Ready To Move,Whitefield,5.0,3.0,242.0,5200.0,4.0
Built-up  Area,Ready To Move,Indira Nagar,4.0,1.0,700.0,4000.0,4.0
Super built-up  Area,Ready To Move,Sarjapur  Road,4.0,1.0,145.0,1984.0,3.0
Super built-up  Area,Ready To Move,Old Madras Road,3.0,1.0,197.0,2425.0,3.0
Plot  Area,18-Sep,ITPL,3.0,1.0,56.12,1200.0,3.0
Super built-up  Area,18-Aug,Bommasandra,2.0,1.0,45.0,1127.0,2.0
Built-up  Area,18-Jun,Whitefield,3.0,2.0,97.0,1655.0,3.0
Super built-up  Area,18-Aug,Ananth Nagar,1.0,1.0,14.0,500.0,1.0
Plot  Area,18-Jul,Varthur,3.0,1.0,68.38,1200.0,3.0
Super built-up  Area,Ready To Move,Kaggadasapura,2.0,2.0,43.0,1000.0,2.0
Super built-up  Area,18-Jul,CV Raman Nagar,2.0,2.0,47.88,1225.0,2.0
Super built-up  Area,Ready To Move,Hormavu,2.0,2.0,45.0,1350.0,2.0
Plot  Area,18-Apr,Nagarbhavi,5.0,3.0,95.0,600.0,4.0
Super built-up  Area,Ready To Move,Sahakara Nagar,2.0,3.0,49.0,1175.0,2.0
Super built-up  Area,Ready To Move,Sanne Amanikere,1.0,2.0,27.0,655.0,1.0
Super built-up  Area,19-Mar,Hosa Road,2.0,1.0,84.86,1311.0,3.0
Plot  Area,Ready To Move,Banashankari Stage VI,4.0,0.0,90.0,600.0,3.0
Carpet  Area,Ready To Move,CV Raman Nagar,2.0,1.0,38.5,1000.0,2.0
Super built-up  Area,Ready To Move,Indira Nagar Stage 2,2.0,1.0,96.0,1196.0,2.0
Built-up  Area,Ready To Move,Kanakpura Road,2.0,1.0,59.0,1050.0,3.0
Super built-up  Area,Ready To Move,Somasundara Palya,2.0,2.0,52.0,1275.0,3.0
Carpet  Area,Ready To Move,Hommadevanahalli,2.0,1.0,50.0,927.0,2.0
Super built-up  Area,Ready To Move,Varthur,2.0,3.0,61.0,1520.0,3.0
Plot  Area,Ready To Move,BTM Layout 2nd Stage 1st Phase,5.0,2.0,395.0,2400.0,4.0
Built-up  Area,Ready To Move,Hebbal,2.0,1.0,104.0,1333.0,2.0
Super built-up  Area,18-Mar,Tunganagara,1.0,0.0,18.0,600.0,1.0
Super built-up  Area,18-Sep,Abbigere,2.0,1.0,34.8,1326.0,3.0
Super built-up  Area,18-Mar,Sarjapur  Road,2.0,2.0,85.125,1773.5,3.0
Built-up  Area,Ready To Move,Koramangala,2.0,2.0,125.0,1370.0,2.0
Super built-up  Area,Ready To Move,Koramangala,2.0,2.0,85.0,1100.0,2.0
Super built-up  Area,Ready To Move,Haralur Road,3.0,3.0,100.0,1650.0,3.0
Super built-up  Area,18-May,Kasavanhalli,3.0,2.0,132.0,1917.0,3.0
Carpet  Area,Ready To Move,Doddakannelli,3.0,2.0,75.0,780.0,3.0
Super built-up  Area,Ready To Move,Billekahalli,2.0,1.0,58.11,950.0,2.0
Super built-up  Area,Ready To Move,T C Palya main Road,2.0,1.0,48.72,1175.0,2.0
Super built-up  Area,Ready To Move,8th Phase JP Nagar,2.0,1.0,43.55,1089.0,2.0
Super built-up  Area,Ready To Move,Kalena Agrahara,3.0,2.0,175.0,1804.0,3.0
Super built-up  Area,Ready To Move,Hoodi,2.0,1.0,68.5,1257.0,2.0
Super built-up  Area,Ready To Move,Sarjapur,1.0,2.0,19.87,650.0,1.0
Super built-up  Area,Ready To Move,Whitefield,3.0,2.0,150.0,1850.0,3.0
Built-up  Area,Ready To Move,Vishwapriya Nagar,4.0,1.0,200.0,2800.0,4.0
Built-up  Area,Ready To Move,Vidyaranyapura,2.0,2.0,40.0,945.0,2.0
Super built-up  Area,22-Dec,Koramangala,2.0,1.0,63.85,1161.0,2.0
Super built-up  Area,17-Apr,Banashankari Stage V,3.0,2.0,51.35,1630.0,3.0
Super built-up  Area,Ready To Move,Jalahalli,2.0,2.0,60.0,1310.0,3.0
Super built-up  Area,Ready To Move,Lake City,2.0,1.0,28.0,750.0,2.0
Plot  Area,18-Sep,Whitefield,3.0,1.0,67.77,1200.0,3.0
Super built-up  Area,Ready To Move,Vittal Nagar,2.0,1.0,45.0,1000.0,2.0
Plot  Area,Ready To Move,Old Madras Road,4.0,2.0,225.0,4000.0,4.0
Built-up  Area,Ready To Move,Nagavara,2.0,2.0,70.0,1315.0,2.0
Super built-up  Area,Ready To Move,Sahakara Nagar,2.0,2.0,90.0,1370.0,3.0
Plot  Area,Ready To Move,Ulsoor,4.0,3.0,150.0,1200.0,5.0
Built-up  Area,Ready To Move,Bellandur,3.0,3.0,90.0,1465.0,2.0
Plot  Area,Ready To Move,JP Nagar,3.0,2.0,175.0,20000.0,3.0
Super built-up  Area,18-Apr,Electronic City,2.0,1.0,64.0,1128.0,2.0
Super built-up  Area,Ready To Move,Padmanabhanagar,2.0,2.0,70.0,1250.0,3.0
Super built-up  Area,19-Jun,Hebbal,3.0,2.0,117.0,1645.0,3.0
Super built-up  Area,Ready To Move,Horamavu Agara,2.0,2.0,75.0,1284.0,3.0
Super built-up  Area,18-Mar,Hebbal,3.0,2.0,199.0,2600.0,3.0
Super built-up  Area,19-Jun,Kodigehalli,3.0,2.0,150.0,1820.0,3.0
Super built-up  Area,Ready To Move,Haralur Road,3.0,1.0,73.0,1580.0,3.0
Built-up  Area,Ready To Move,Akshaya Nagar,3.0,2.0,125.0,2650.0,3.0
Super built-up  Area,Ready To Move,Bannerghatta Road,2.0,1.0,68.0,1215.0,2.0
Super built-up  Area,Ready To Move,Uttarahalli,2.0,1.0,40.0,1075.0,2.0
Super built-up  Area,Ready To Move,R.T. Nagar,2.0,3.0,78.0,1400.0,3.0
Super built-up  Area,Ready To Move,Subramanyapura,2.0,1.0,55.0,1400.0,3.0
Built-up  Area,Ready To Move,Bisuvanahalli,2.0,1.0,30.0,845.0,2.0
Super built-up  Area,Ready To Move,Hegde Nagar,4.0,3.0,40.0,2600.0,4.0
Built-up  Area,Ready To Move,Sarjapur,6.0,0.0,385.5,3854.5,4.0
Super built-up  Area,Ready To Move,Richards Town,2.0,1.0,85.0,800.0,2.0
Super built-up  Area,Ready To Move,Panathur,2.0,1.0,85.0,1199.0,2.0
Super built-up  Area,Ready To Move,Gunjur,2.0,2.0,43.48,1175.0,2.0
Plot  Area,Ready To Move,Sahakara Nagar,3.0,2.0,270.0,2400.0,3.0
Super built-up  Area,Ready To Move,Bellandur,3.0,2.0,109.0,1767.0,3.0
Super built-up  Area,Ready To Move,Sarjapur  Road,3.0,1.0,90.0,1800.0,4.0
Super built-up  Area,18-Aug,Talaghattapura,3.0,2.0,135.0,1856.0,3.0
Plot  Area,Ready To Move,R.T. Nagar,3.0,2.0,140.0,1200.0,3.0
Super built-up  Area,18-Jun,Rajaji Nagar,3.0,0.0,150.0,1613.0,3.0
Super built-up  Area,Ready To Move,Jakkur,5.0,2.0,795.0,6830.0,4.0
Built-up  Area,Ready To Move,Whitefield,2.0,0.0,90.0,1290.0,2.0
Super built-up  Area,Ready To Move,Kasavanhalli,2.0,1.0,78.0,1375.0,2.0
Super built-up  Area,Ready To Move,Bagalur,2.0,2.0,57.0,985.0,2.0
Plot  Area,Ready To Move,Jeevan bima nagar,4.0,1.0,200.0,1200.0,4.0
Super built-up  Area,Ready To Move,Singasandra,2.0,1.0,37.5,1099.0,2.0
Super built-up  Area,18-Mar,Electronic City,1.0,0.0,13.31,605.0,1.0
Super built-up  Area,Ready To Move,1 Immadihalli,12.0,2.0,150.0,6000.0,11.0
Built-up  Area,Ready To Move,RMV Extension Stage 2,7.0,3.0,160.0,3600.0,7.0
Super built-up  Area,Ready To Move,Marathahalli,2.0,1.0,53.0,1200.0,2.0
Built-up  Area,Ready To Move,Hulimavu,2.0,1.0,45.0,1000.0,2.0
Super built-up  Area,Ready To Move,Electronic City,2.0,3.0,38.0,1159.0,3.0
Super built-up  Area,Ready To Move,Sarjapur  Road,5.0,2.0,340.0,3692.0,5.0
Plot  Area,Ready To Move,Devi Nagar,2.0,1.0,80.0,600.0,2.0
Plot  Area,Ready To Move,4th Block Koramangala,4.0,3.0,600.0,2400.0,4.0
Built-up  Area,Ready To Move,BTM Layout,2.0,2.0,78.0,1540.0,3.0
Built-up  Area,Ready To Move,"JP Nagar 7th Phase, ",2.0,2.0,93.0,1503.0,3.0
Super built-up  Area,Ready To Move,Ambedkar Nagar,4.0,2.0,120.0,1850.0,3.0
Built-up  Area,Ready To Move,Uttarahalli,3.0,1.0,60.0,1580.0,3.0
Super built-up  Area,Ready To Move,Mico Layout,2.0,2.0,39.25,1190.0,2.0
Plot  Area,Ready To Move,Sampigehalli,2.0,1.0,61.0,1200.0,2.0
Plot  Area,Ready To Move,HAL 2nd Stage,7.0,3.0,250.0,1000.0,7.0
Super built-up  Area,18-Nov,Jakkur,1.0,1.0,19.9,850.0,2.0
Super built-up  Area,Ready To Move,Domlur,3.0,2.0,285.0,2180.0,3.0
Super built-up  Area,Ready To Move,Hennur Bande,2.0,1.0,60.0,2500.0,3.0
Plot  Area,18-Dec,ITPL,3.0,1.0,56.12,1200.0,3.0
Super built-up  Area,Ready To Move,Kamakshipalya,2.0,2.0,52.0,1500.0,3.0
Plot  Area,Ready To Move,Navodaya Nagar,3.0,2.0,180.0,1200.0,5.0
Super built-up  Area,Ready To Move,Thanisandra,3.0,3.0,120.0,1880.0,3.0
Super built-up  Area,Ready To Move,Padmanabhanagar,2.0,2.0,45.0,1150.0,2.0
Plot  Area,18-May,Kasavanhalli,4.0,2.0,344.0,4408.0,4.0
Super built-up  Area,Ready To Move,Bellandur,2.0,2.0,35.11,924.0,2.0
Super built-up  Area,Ready To Move,Sarjapur  Road,6.0,2.0,385.0,7800.0,5.0
Plot  Area,Ready To Move,Kumaraswami Layout,6.0,3.0,100.0,600.0,6.0
Plot  Area,18-Feb,Pattanagere,4.0,1.0,95.0,750.0,4.0
Built-up  Area,Ready To Move,Karuna Nagar,3.0,2.0,175.0,1962.0,3.0
Plot  Area,Ready To Move,2nd Stage Nagarbhavi,4.0,3.0,240.0,1200.0,5.0
Super built-up  Area,18-Nov,B Narayanapura,3.0,2.0,77.27,1765.0,3.0
Super built-up  Area,Ready To Move,Attibele,2.0,1.0,29.35,1174.0,2.0
Super built-up  Area,19-Jun,Bannerghatta Road,3.0,1.0,115.0,1894.0,3.0
Plot  Area,Ready To Move,Ramamurthy Nagar,2.0,2.0,138.0,960.0,4.0
Super built-up  Area,Ready To Move,Sector 7 HSR Layout,3.0,2.0,142.0,1760.0,3.0
Built-up  Area,Ready To Move,Doddanakundi Industrial Area 2,3.0,3.0,95.0,1768.0,3.0
Built-up  Area,Ready To Move,Kothanur,3.0,0.0,97.0,1790.0,3.0
Plot  Area,17-Jul,Kumara Park,5.0,1.0,800.0,3500.0,4.0
Plot  Area,18-Dec,Whitefield,2.0,1.0,45.0,1200.0,2.0
Built-up  Area,Ready To Move,Kengeri,4.0,0.0,160.0,2540.0,4.0
Super built-up  Area,Ready To Move,Mahadevpura,2.0,1.0,53.4,1137.0,2.0
Super built-up  Area,22-May,Jakkur,2.0,2.0,229.0,3181.0,4.0
Plot  Area,Ready To Move,Guni Agrahara,6.0,2.0,115.0,1200.0,7.0
Super built-up  Area,Ready To Move,Mysore Road,2.0,2.0,100.0,1568.0,3.0
Built-up  Area,Ready To Move,Devanahalli,4.0,0.0,393.5,4920.0,4.0
Super built-up  Area,Ready To Move,AECS Layout,2.0,1.0,60.0,1308.0,2.0
Super built-up  Area,19-Aug,Shankarapuram,4.0,2.0,350.0,3060.0,4.0
Super built-up  Area,Ready To Move,Bisuvanahalli,2.0,1.0,41.0,1200.0,3.0
Super built-up  Area,Ready To Move,Shetty Halli,1.0,2.0,32.0,800.0,1.0
Super built-up  Area,19-Dec,Electronic City,1.0,1.0,13.5,530.0,1.0
Built-up  Area,Ready To Move,Bisuvanahalli,2.0,1.0,40.0,873.0,3.0
Plot  Area,Ready To Move,AGB Layout,6.0,3.0,145.0,3000.0,7.0
Plot  Area,Ready To Move,2nd Stage Arekere Mico Layout,4.0,1.0,235.0,1200.0,4.0
Super built-up  Area,Ready To Move,Subramanyapura,2.0,1.0,33.53,958.0,2.0
Super built-up  Area,Ready To Move,Thigalarapalya,4.0,2.0,160.0,2072.0,3.0
Super built-up  Area,21-Dec,Talaghattapura,3.0,3.0,159.0,2273.0,3.0
Plot  Area,18-May,Banashankari Stage VI,3.0,2.0,90.0,600.0,3.0
Super built-up  Area,Ready To Move,Thanisandra,1.0,2.0,50.0,760.0,1.0
Super built-up  Area,Ready To Move,Dommasandra,2.0,2.0,43.5,1090.0,2.0
Super built-up  Area,Ready To Move,Thigalarapalya,4.0,2.0,155.0,2072.0,3.0
Super built-up  Area,Ready To Move,Bellandur,3.0,1.0,230.0,2666.0,3.0
Super built-up  Area,Ready To Move,Sarjapur  Road,2.0,1.0,89.0,1550.0,3.0
Super built-up  Area,18-Aug,Ramagondanahalli,2.0,1.0,50.0,1251.0,2.0
Super built-up  Area,Ready To Move,Electronic City,2.0,1.0,53.0,1070.0,2.0
Super built-up  Area,Ready To Move,Kalena Agrahara,2.0,2.0,45.0,1200.0,2.0
Built-up  Area,Ready To Move,CV Raman Nagar,2.0,2.0,60.0,1435.0,3.0
Built-up  Area,Ready To Move,Bommasandra,2.0,3.0,45.0,1400.0,3.0
Super built-up  Area,Ready To Move,Judicial Layout,3.0,2.0,94.71,2330.0,4.0
Super built-up  Area,Ready To Move,Thanisandra,2.0,3.0,60.0,1200.0,2.0
Super built-up  Area,Ready To Move,Panathur,2.0,2.0,40.0,1000.0,2.0
Super built-up  Area,18-Sep,Bannerghatta Road,2.0,2.0,62.89,1655.0,3.0
Built-up  Area,Ready To Move,Raja Rajeshwari Nagar,9.0,3.0,240.0,3600.0,9.0
Plot  Area,Ready To Move,Bidrahalli,1.0,1.0,35.0,600.0,1.0
Super built-up  Area,Ready To Move,Electronics City Phase 1,2.0,1.0,50.0,1175.0,2.0
Super built-up  Area,Ready To Move,Uttarahalli,2.0,2.0,40.43,1155.0,2.0
Plot  Area,Ready To Move,Magadi Road,3.0,2.0,98.0,1200.0,3.0
Super built-up  Area,Ready To Move,Budigere,2.0,2.0,65.0,1149.0,2.0
Super built-up  Area,Ready To Move,Jakkur,2.0,2.0,98.485,1745.0,3.0
Plot  Area,Ready To Move,Choodasandra,4.0,2.0,375.0,3200.0,4.0
Super built-up  Area,Ready To Move,Chinnapanahalli,2.0,2.0,55.0,1010.0,2.0
Super built-up  Area,Ready To Move,Hegde Nagar,3.0,2.0,119.0,1718.0,3.0
Super built-up  Area,Ready To Move,Bilal Nagar,1.0,1.0,20.0,650.0,2.0
Super built-up  Area,Ready To Move,Banashankari,2.0,2.0,77.0,1330.0,2.0
Super built-up  Area,Ready To Move,Hormavu,2.0,2.0,68.0,1200.0,2.0
Super built-up  Area,21-Dec,Bannerghatta Road,3.0,2.0,89.0,1693.0,3.0
Super built-up  Area,19-Dec,Koramangala,2.0,1.0,165.0,1249.0,2.0
Built-up  Area,Ready To Move,Thanisandra,4.0,1.0,125.0,1800.0,3.0
Plot  Area,Ready To Move,Margondanahalli,2.0,0.0,55.0,900.0,2.0
Super built-up  Area,Ready To Move,NGR Layout,2.0,1.0,46.0,1020.0,2.0
Super built-up  Area,Ready To Move,Amruthahalli,3.0,2.0,77.0,1700.0,3.0
Built-up  Area,18-Jun,Panathur,1.0,1.0,40.0,661.0,1.0
Super built-up  Area,17-Sep,Bannerghatta Road,2.0,2.0,60.16,1280.0,2.0
Plot  Area,Ready To Move,Krishna Nagar,4.0,2.0,90.0,1000.0,5.0
Super built-up  Area,Ready To Move,Hosur Road,2.0,1.0,48.0,1170.0,2.0
Super built-up  Area,Ready To Move,Thanisandra,2.0,1.0,58.0,933.0,1.0
Built-up  Area,Ready To Move,Sarjapur  Road,2.0,0.0,44.0,1150.0,2.0
Super built-up  Area,Ready To Move,Benson Town,6.0,2.0,550.0,3633.0,4.0
Super built-up  Area,Ready To Move,Rajaji Nagar,3.0,3.0,130.0,1380.0,3.0
Built-up  Area,Ready To Move,Banjara Layout,2.0,1.0,64.8,1050.0,2.0
Super built-up  Area,Ready To Move,Kanakapura Main Road,2.0,1.0,37.8,1080.0,2.0
Super built-up  Area,Ready To Move,Harlur,2.0,1.0,90.0,1303.0,2.0
Super built-up  Area,Ready To Move,Raja Rajeshwari Nagar,2.0,2.0,40.54,1196.0,2.0
Built-up  Area,Ready To Move,Nagarbhavi,3.0,2.0,180.0,2500.0,5.0
Plot  Area,Ready To Move,Sarjapur  Road,4.0,1.0,95.0,1200.0,5.0
Super built-up  Area,18-May,Bommanahalli,3.0,2.0,41.0,1250.0,3.0
Super built-up  Area,Ready To Move,Akshaya Nagar,2.0,3.0,87.0,1419.0,3.0
Super built-up  Area,Ready To Move,Banashankari,2.0,3.0,49.0,1200.0,2.0
Built-up  Area,Ready To Move,7th Phase JP Nagar,2.0,2.0,65.0,1120.0,2.0
Super built-up  Area,Ready To Move,Electronics City Phase 1,1.0,0.0,45.4,762.5,1.0
Super built-up  Area,Ready To Move,Electronics City Phase 1,2.0,1.0,75.0,1245.0,2.0
Built-up  Area,Ready To Move,Palanahalli,4.0,3.0,428.0,3978.0,4.0
Super built-up  Area,Ready To Move,Channasandra,2.0,1.0,34.0,1093.0,2.0
Super built-up  Area,18-Jul,Electronic City,1.0,1.0,26.63,1025.0,2.0
Super built-up  Area,Ready To Move,Hebbal,2.0,1.0,97.0,1345.0,2.0
Plot  Area,Ready To Move,Suryanagar,2.0,1.0,45.0,1500.0,2.0
Super built-up  Area,21-Jun,Vijayanagar,2.0,1.0,86.0,1180.0,2.0
Super built-up  Area,Ready To Move,NGR Layout,2.0,1.0,48.45,1020.0,2.0
Super built-up  Area,Ready To Move,Nanjappa Layout,3.0,3.0,85.0,1800.0,3.0
Super built-up  Area,18-Aug,Konanakunte,4.0,1.0,511.0,3621.0,4.0
Super built-up  Area,Ready To Move,Banagiri Nagar,3.0,2.0,170.0,2008.0,3.0
Super built-up  Area,18-Jun,Kothannur,2.0,2.0,39.85,1240.0,3.0
Super built-up  Area,Ready To Move,CV Raman Nagar,2.0,1.0,55.0,1020.0,2.0
Super built-up  Area,Ready To Move,2nd Stage Arekere Mico Layout,3.0,2.0,142.0,2095.0,3.0
Super built-up  Area,Ready To Move,Gunjur,3.0,2.0,62.63,1362.0,3.0
Super built-up  Area,Ready To Move,Yelahanka,1.0,0.0,30.84,694.0,1.0
Super built-up  Area,Ready To Move,Vittasandra,2.0,2.0,70.0,1404.0,2.0
Super built-up  Area,Ready To Move,Electronic City Phase II,2.0,3.0,47.0,1192.0,3.0
Plot  Area,Ready To Move,Wilson Garden,12.0,2.0,300.0,1850.0,8.0
Plot  Area,Ready To Move,Mahalakshmi Layout,1.0,0.0,35.0,1050.0,4.0
Super built-up  Area,Ready To Move,Vittasandra,2.0,1.0,67.48,1259.0,2.0
Super built-up  Area,Ready To Move,Kengeri,2.0,2.0,34.0,1000.0,2.0
Super built-up  Area,20-Dec,Rachenahalli,2.0,1.0,49.97,985.0,2.0
Built-up  Area,Ready To Move,Indira Nagar,1.0,2.0,60.0,850.0,1.0
Built-up  Area,Ready To Move,Uttarahalli,2.0,1.0,50.0,1650.0,3.0
Plot  Area,Ready To Move,Rajaji Nagar,3.0,1.0,320.0,2400.0,5.0
Super built-up  Area,Ready To Move,Sarjapur  Road,4.0,1.0,180.0,1900.0,3.0
Super built-up  Area,Ready To Move,Ambedkar Nagar,2.0,2.0,86.0,1367.0,2.0
Super built-up  Area,Ready To Move,Rajaji Nagar,2.0,2.0,81.0,1210.0,3.0
Super built-up  Area,Ready To Move,Duvasapalya,2.0,1.0,48.6,1190.0,2.0
Super built-up  Area,Ready To Move,Sarjapur,2.0,2.0,42.0,1175.0,2.0
Super built-up  Area,Ready To Move,R.T. Nagar,4.0,2.0,400.0,2800.0,4.0
Super built-up  Area,Ready To Move,Whitefield,2.0,2.0,40.0,1140.0,2.0
Super built-up  Area,Ready To Move,Hoskote,2.0,2.0,33.6,1095.0,2.0
Super built-up  Area,Ready To Move,Attibele,1.0,0.0,19.55,782.0,1.0
Super built-up  Area,Ready To Move,Gubbalala,2.0,2.0,80.0,1435.0,3.0
Super built-up  Area,Ready To Move,Choodasandra,2.0,2.0,36.0,725.0,2.0
Built-up  Area,Ready To Move,BCMC Layout,2.0,2.0,88.0,1600.0,3.0
Plot  Area,Ready To Move,9th Phase JP Nagar,5.0,2.0,160.0,1200.0,5.0
Super built-up  Area,Ready To Move,Hosakerehalli,4.0,2.0,300.0,3205.0,4.0
Plot  Area,Ready To Move,Vishwapriya Layout,3.0,1.0,95.0,720.0,4.0
Super built-up  Area,Ready To Move,Nehru Nagar,3.0,2.0,90.0,1674.0,3.0
Plot  Area,Ready To Move,Jnanabharathi Layout,4.0,2.0,125.0,860.0,4.0
Super built-up  Area,Ready To Move,Haralur Road,2.0,2.0,46.0,1243.0,2.0
Super built-up  Area,19-Jul,Kanakpura Road,3.0,2.0,130.0,1703.0,3.0
Super built-up  Area,18-May,Padmanabhanagar,3.0,1.0,71.55,1350.0,3.0
Super built-up  Area,Ready To Move,Horamavu Agara,2.0,1.0,41.21,1145.0,2.0
Super built-up  Area,18-Apr,Whitefield,2.0,1.0,75.0,1216.0,2.0
Super built-up  Area,Ready To Move,7th Phase JP Nagar,3.0,1.0,60.0,1100.0,2.0
Super built-up  Area,Ready To Move,Sarjapur  Road,5.0,1.0,201.0,2425.0,4.0
Plot  Area,Ready To Move,Kothanur,4.0,2.0,175.0,2700.0,4.0
Super built-up  Area,Ready To Move,Raja Rajeshwari Nagar,2.0,2.0,40.54,1196.0,2.0
Carpet  Area,Ready To Move,Kanakpura Road,3.0,3.0,90.0,1600.0,3.0
Super built-up  Area,17-Oct,Banashankari Stage V,3.0,3.0,47.57,1510.0,3.0
Super built-up  Area,Ready To Move,Hosakerehalli,4.0,1.0,326.0,3033.0,4.0
Plot  Area,Ready To Move,Pai Layout,2.0,1.0,72.0,780.0,2.0
Super built-up  Area,Ready To Move,Haralur Road,2.0,2.0,47.0,1194.0,2.0
Built-up  Area,Ready To Move,Banashankari Stage II,2.0,2.0,110.0,1250.0,2.0
Plot  Area,Ready To Move,Sarjapur  Road,4.0,1.0,169.0,1480.0,5.0
Plot  Area,Ready To Move,Horamavu Agara,4.0,1.0,100.0,1250.0,4.0
Plot  Area,Ready To Move,Udaya Nagar,4.0,2.0,160.0,1350.0,4.0
Built-up  Area,Ready To Move,Laggere,2.0,0.0,48.0,620.0,1.0
Super built-up  Area,Ready To Move,Raja Rajeshwari Nagar,3.0,2.0,60.65,1630.0,3.0
Built-up  Area,Ready To Move,Hennur Road,2.0,0.0,45.0,1020.0,2.0
Super built-up  Area,18-Aug,Hosakerehalli,2.0,2.0,53.58,1410.0,3.0
Carpet  Area,18-Dec,Bhoganhalli,2.0,1.0,100.0,1181.7,2.0
Plot  Area,Ready To Move,9th Block Jayanagar,8.0,3.0,270.0,1200.0,9.0
Super built-up  Area,Ready To Move,Sarjapur  Road,3.0,2.0,113.0,1691.0,3.0
Built-up  Area,Ready To Move,KR Puram,4.0,0.0,83.0,1200.0,4.0
Super built-up  Area,Ready To Move,Banaswadi,2.0,3.0,60.0,1200.0,2.0
Super built-up  Area,Ready To Move,Old Airport Road,2.0,2.0,50.0,1050.0,2.0
Super built-up  Area,Ready To Move,Kathriguppe,3.0,2.0,77.99,1300.0,3.0
Super built-up  Area,21-Dec,Whitefield,2.0,1.0,94.84,1356.0,2.0
Super built-up  Area,20-Dec,Whitefield,2.0,1.0,103.0,1338.0,2.0
Super built-up  Area,Ready To Move,Kengeri Satellite Town Stage II,1.0,1.0,20.0,500.0,1.0
Super built-up  Area,18-Aug,Vasantha Vallabha Nagar,2.0,1.0,100.0,1280.0,3.0
Super built-up  Area,Ready To Move,Raja Rajeshwari Nagar,3.0,3.0,51.77,1531.0,3.0
Super built-up  Area,18-May,Church Street,4.0,1.0,1600.0,11000.0,4.0
Built-up  Area,Ready To Move,Anekal,1.0,1.0,23.5,620.0,2.0
Super built-up  Area,Ready To Move,8th Phase JP Nagar,2.0,2.0,65.0,1605.0,3.0
Super built-up  Area,Ready To Move,Thanisandra,3.0,2.0,110.0,1917.0,3.0
Plot  Area,Ready To Move,Nagarbhavi,3.0,1.0,340.0,1200.0,4.0
Super built-up  Area,Ready To Move,Srinivas Colony,3.0,2.0,943.0,2750.0,3.0
Built-up  Area,Ready To Move,Sarjapur  Road,3.0,2.0,55.0,1400.0,3.0
Built-up  Area,Ready To Move,Thubarahalli,3.0,3.0,175.0,2625.0,3.0
Built-up  Area,Ready To Move,Sahakara Nagar,2.0,1.0,55.0,1100.0,2.0
Super built-up  Area,Ready To Move,Hennur Road,3.0,3.0,128.0,2041.0,3.0
Super built-up  Area,Ready To Move,Sarjapur  Road,4.0,2.0,160.0,2070.0,3.0
Super built-up  Area,Ready To Move,Hebbal,3.0,3.0,59.0,1110.0,3.0
Built-up  Area,Ready To Move,Uday Nagar,3.0,1.0,110.0,1650.0,3.0
Plot  Area,18-Dec,Ambedkar Nagar,4.0,3.0,255.0,3565.0,4.0
Super built-up  Area,19-Dec,Varthur Road,2.0,2.0,30.47,1033.0,3.0
Super built-up  Area,Ready To Move,HSR Layout,2.0,2.0,65.0,1142.0,2.0
Super built-up  Area,Ready To Move,Mathikere,2.0,2.0,75.0,1500.0,3.0
Super built-up  Area,Ready To Move,Electronic City Phase II,3.0,3.0,50.0,1502.0,3.0
Super built-up  Area,Ready To Move,Shree Ananth Nagar Layout,2.0,1.0,45.0,1176.0,3.0
Super built-up  Area,18-May,Hosa Road,2.0,1.0,32.8,1063.0,2.0
Built-up  Area,Ready To Move,Kammanahalli,2.0,1.0,60.0,1100.0,2.0
Plot  Area,Ready To Move,Kamakshipalya,2.0,2.0,85.0,1044.0,2.0
Plot  Area,Ready To Move,Sarjapur  Road,3.0,2.0,700.0,5400.0,3.0
Built-up  Area,Ready To Move,6th Phase JP Nagar,2.0,2.0,60.0,1216.0,2.0
Super built-up  Area,Ready To Move,Suddaguntepalya,3.0,2.0,55.0,1425.0,3.0
Plot  Area,Ready To Move,Hongasandra,8.0,2.0,150.0,1200.0,8.0
Super built-up  Area,Ready To Move,Hosur Road,2.0,2.0,108.0,1345.0,2.0
Super built-up  Area,Ready To Move,Marathahalli,2.0,1.0,130.0,1248.0,2.0
Plot  Area,Ready To Move,Chaitanya Ananya,4.0,2.0,325.0,1830.0,4.0
Built-up  Area,Ready To Move,Shankarapuram,1.0,0.0,130.0,900.0,2.0
Built-up  Area,Ready To Move,Bellandur,4.0,2.0,245.0,3600.0,4.0
Super built-up  Area,Ready To Move,Uttarahalli,2.0,1.0,35.88,1025.0,2.0
Plot  Area,Ready To Move,Nagashetty Halli,1.0,1.0,99.0,840.0,2.0
Super built-up  Area,Ready To Move,Lakshminarayana Pura,2.0,2.0,90.0,3050.0,3.0
Super built-up  Area,Ready To Move,Kadubeesanahalli,2.0,2.0,75.0,1424.0,3.0
Built-up  Area,Ready To Move,EPIP Zone,3.0,1.0,268.0,2500.0,3.0
Plot  Area,Ready To Move,ISRO Layout,6.0,2.0,230.0,1200.0,6.0
Super built-up  Area,18-Aug,Byrasandra Extension,2.0,2.0,45.0,1285.0,2.0
Super built-up  Area,Ready To Move,Babusapalaya,2.0,1.0,55.99,1450.0,2.0
Super built-up  Area,18-May,Raja Rajeshwari Nagar,2.0,1.0,70.0,1160.0,2.0
Plot  Area,Ready To Move,Yelahanka New Town,3.0,0.0,350.0,2700.0,3.0
Plot  Area,18-Apr,Gattahalli,2.0,2.0,95.0,2000.0,3.0
Super built-up  Area,Ready To Move,Uttarahalli,2.0,1.0,47.65,1125.0,2.0
Built-up  Area,Ready To Move,Old Madras Road,4.0,2.0,175.0,3900.0,4.0
Built-up  Area,Ready To Move,Raja Rajeshwari Nagar,2.0,1.0,38.37,1133.0,2.0
Super built-up  Area,Ready To Move,Arekere,2.0,2.0,60.0,1240.0,2.0
Super built-up  Area,22-Nov,Devanahalli,3.0,3.0,77.59,1466.0,3.0
Super built-up  Area,Ready To Move,Outer Ring Road East,4.0,2.0,411.0,3870.0,4.0
Super built-up  Area,Ready To Move,Ramagondanahalli,2.0,2.0,115.0,1610.0,3.0
Super built-up  Area,Ready To Move,Sarjapur  Road,3.0,2.0,56.0,1220.0,3.0
Built-up  Area,Ready To Move,Kaggadasapura,2.0,2.0,48.0,1225.0,2.0
Super built-up  Area,Ready To Move,Akshaya Nagar,2.0,1.0,54.0,1300.0,2.0
Super built-up  Area,19-May,Thanisandra,4.0,1.0,123.0,1996.0,3.0
Super built-up  Area,Ready To Move,Mallathahalli,2.0,2.0,55.0,1320.0,3.0
Super built-up  Area,Ready To Move,Rajaji Nagar,3.0,2.0,240.0,1800.0,3.0
Super built-up  Area,Ready To Move,Richmond Town,3.0,3.0,175.0,1835.0,3.0
Super built-up  Area,Ready To Move,Sarjapur  Road,3.0,2.0,90.0,1435.0,3.0
Super built-up  Area,Ready To Move,Whitefield,3.0,2.0,400.0,4097.0,3.0
Super built-up  Area,Ready To Move,Rayasandra,3.0,3.0,70.0,1601.0,3.0
Super built-up  Area,Ready To Move,Kadubeesanahalli,2.0,2.0,93.0,1257.0,2.0
Super built-up  Area,Ready To Move,Iblur Village,5.0,1.0,260.0,3596.0,4.0
Super built-up  Area,Ready To Move,Kasavanhalli,2.0,2.0,95.0,1309.0,2.0
Plot  Area,Ready To Move,Yeshwanthpur,2.0,0.0,100.0,1362.0,2.0
Super built-up  Area,Ready To Move,Whitefield,2.0,1.0,55.0,1115.0,2.0
Super built-up  Area,Ready To Move,Whitefield,3.0,2.0,90.0,1870.0,3.0
Super built-up  Area,18-Nov,manyata park,2.0,1.0,61.99,1322.0,2.0
Super built-up  Area,Ready To Move,Telecom Layout,2.0,1.0,65.0,1450.0,3.0
Super built-up  Area,Ready To Move,Banashankari,2.0,2.0,67.0,1185.0,2.0
Super built-up  Area,Ready To Move,7th Phase JP Nagar,3.0,3.0,120.0,1790.0,3.0
Plot  Area,Ready To Move,Whitefield,4.0,2.0,208.0,3450.0,3.0
Super built-up  Area,Ready To Move,Rachenahalli,2.0,2.0,52.5,1050.0,2.0
Super built-up  Area,Ready To Move,Budigere,1.0,0.0,27.375,693.0,1.0
Plot  Area,Ready To Move,Sarjapur  Road,4.0,2.0,750.0,5400.0,4.0
Super built-up  Area,Ready To Move,Devanahalli,1.0,0.0,39.0,775.0,1.0
Built-up  Area,Ready To Move,Hoodi,2.0,2.0,48.0,1000.0,2.0
Super built-up  Area,19-Mar,Thanisandra,2.0,1.0,77.25,1183.0,2.0
Super built-up  Area,20-Dec,Binny Pete,3.0,2.0,178.0,1282.0,3.0
Super built-up  Area,Ready To Move,Alur,1.0,1.0,15.0,425.0,1.0
Built-up  Area,Ready To Move,Nelamangala,2.0,2.0,30.0,820.0,2.0
Super built-up  Area,Ready To Move,Richmond Town,4.0,2.0,792.0,2230.0,4.0
Built-up  Area,Ready To Move,Hebbal,2.0,2.0,52.0,1200.0,2.0
Super built-up  Area,18-Jun,Ramagondanahalli,2.0,2.0,43.6,1151.0,2.0
Super built-up  Area,Ready To Move,Hulimavu,2.0,2.0,59.0,1320.0,3.0
Carpet  Area,18-Apr,Bikasipura,3.0,2.0,68.0,1450.0,3.0
Super built-up  Area,Ready To Move,Poorna Pragna Layout,2.0,3.0,50.79,1270.0,3.0
Super built-up  Area,Ready To Move,Hegde Nagar,3.0,2.0,123.0,1847.0,3.0
Super built-up  Area,18-May,Devanahalli,2.0,1.0,49.87,1020.0,1.0
Super built-up  Area,Ready To Move,Somasundara Palya,3.0,2.0,95.0,1650.0,3.0
Super built-up  Area,Ready To Move,Richmond Town,4.0,3.0,242.0,2380.0,4.0
Built-up  Area,Ready To Move,Electronic City,2.0,2.0,78.0,2400.0,3.0
Super built-up  Area,Ready To Move,Begur Road,2.0,2.0,44.0,1160.0,2.0
Super built-up  Area,18-Aug,Haralur Road,4.0,3.0,154.0,2805.0,4.0
Super built-up  Area,18-Jun,Mysore Road,3.0,0.0,47.6,1360.0,3.0
Super built-up  Area,Ready To Move,Brookefield,2.0,1.0,49.0,1089.0,2.0
Super built-up  Area,Ready To Move,Yelahanka,2.0,2.0,60.0,1115.0,2.0
Super built-up  Area,Ready To Move,Kudlu Gate,2.0,1.0,45.0,1215.0,2.0
Super built-up  Area,Ready To Move,Sarjapur  Road,2.0,1.0,51.0,1194.0,2.0
Super built-up  Area,18-Dec,Kannamangala,3.0,1.0,104.0,1536.0,3.0
Super built-up  Area,Ready To Move,Hennur,2.0,2.0,55.5,1255.0,2.0
Super built-up  Area,17-Oct,Electronic City,3.0,2.0,83.0,1571.0,3.0
Plot  Area,Ready To Move,Virupakshapura,1.0,0.0,70.0,900.0,2.0
Super built-up  Area,Ready To Move,Keshava Nagar,2.0,2.0,125.0,1517.0,2.0
Super built-up  Area,Ready To Move,Budigere,1.0,1.0,35.4,664.0,1.0
Super built-up  Area,Ready To Move, Devarachikkanahalli,2.0,1.0,58.0,1230.0,2.0
Super built-up  Area,Ready To Move,Hegde Nagar,2.0,2.0,72.0,1340.0,2.0
Super built-up  Area,Ready To Move,Attibele,2.0,1.0,29.38,1175.0,2.0
Plot  Area,Ready To Move,Benson Town,4.0,1.0,600.0,3569.0,4.0
Super built-up  Area,Ready To Move,Sarjapur,2.0,2.0,43.1,1240.0,2.0
Built-up  Area,Ready To Move,V.V Puram,2.0,0.0,150.0,1359.9900000000002,3.0
Super built-up  Area,Ready To Move,Electronic City,2.0,1.0,44.1,1470.0,3.0
Super built-up  Area,21-Dec,Kanakpura Road,2.0,2.0,29.25,525.0,1.0
Super built-up  Area,Ready To Move,7th Phase JP Nagar,3.0,2.0,117.0,1680.0,3.0
Super built-up  Area,Ready To Move,Sri Sai Layout,2.0,2.0,35.0,1000.0,2.0
Super built-up  Area,Ready To Move,Gunjur,2.0,1.0,51.0,1071.0,2.0
Super built-up  Area,Ready To Move,Sector 2 HSR Layout,3.0,2.0,80.0,1512.0,3.0
Built-up  Area,Ready To Move,Frazer Town,2.0,1.0,341.0,3435.0,4.0
Super built-up  Area,19-Dec,Thanisandra main road,3.0,1.0,455.0,3144.0,3.0
Built-up  Area,Ready To Move,Kalyan nagar,2.0,1.0,60.0,1190.0,2.0
Super built-up  Area,Ready To Move,Pattandur Agrahara,2.0,3.0,80.0,1550.0,3.0
Super built-up  Area,21-May,Kanakpura Road,2.0,2.0,63.22,1283.0,2.0
Built-up  Area,Ready To Move,Mallasandra,2.0,2.0,73.0,1325.0,2.0
Super built-up  Area,Ready To Move,Whitefield,2.0,1.0,35.36,1105.0,2.0
Super built-up  Area,Ready To Move,Banaswadi,3.0,2.0,74.5,1600.0,3.0
Plot  Area,Ready To Move,Devara Jeevanahalli,2.0,2.0,35.0,400.0,4.0
Super built-up  Area,18-Apr,Kanakpura Road,2.0,2.0,41.145,800.0,2.0
Super built-up  Area,Ready To Move,Hennur,2.0,1.0,44.55,1100.0,2.0
Super built-up  Area,21-Dec,Talaghattapura,3.0,3.0,147.0,2099.0,3.0
Super built-up  Area,Ready To Move,Yelachenahalli,2.0,1.0,72.0,1365.0,3.0
Super built-up  Area,Ready To Move,Hebbal Kempapura,3.0,3.0,132.0,1485.0,2.0
Super built-up  Area,Ready To Move,Hosur Road,2.0,1.0,55.0,1250.0,2.0
Super built-up  Area,Ready To Move,Chikkalasandra,2.0,2.0,56.12,1290.0,3.0
Super built-up  Area,Ready To Move,Bellandur,2.0,1.0,46.79,1170.0,2.0
Super built-up  Area,19-Jul,Kanakpura Road,2.0,3.0,91.06,1328.0,2.0
Super built-up  Area,19-Mar,Hennur Road,2.0,1.0,87.0,1232.0,2.0
Super built-up  Area,Ready To Move,1st Phase JP Nagar,2.0,2.0,88.5,1180.0,2.0
Super built-up  Area,Ready To Move,Electronic City,3.0,2.0,66.0,1350.0,3.0
Super built-up  Area,18-May,Nagawara Junction,4.0,2.0,280.0,3602.0,4.0
Super built-up  Area,Ready To Move,Nagasandra,4.0,1.0,145.0,2400.0,4.0
Super built-up  Area,Ready To Move,Electronic City Phase II,2.0,2.0,32.0,1020.0,2.0
Super built-up  Area,Ready To Move,Begur Road,2.0,3.0,49.34,1410.0,3.0
Built-up  Area,Ready To Move,Vishwanatha Nagenahalli,3.0,2.0,120.0,2159.0,3.0
Super built-up  Area,18-Apr,TC Palaya,2.0,0.0,66.0,1200.0,3.0
Super built-up  Area,Ready To Move,Hennur,2.0,1.0,57.5,1255.0,2.0
Super built-up  Area,18-Sep,Whitefield,2.0,1.0,42.79,1074.0,2.0
Plot  Area,18-Nov,Suragajakkanahalli,3.0,2.0,72.0,1200.0,3.0
Super built-up  Area,18-Apr,Sarjapur,2.0,2.0,35.41,1170.0,3.0
Super built-up  Area,21-Jun,Tumkur Road,1.0,0.0,31.315,728.5,1.0
Super built-up  Area,Ready To Move,Bommanahalli,2.0,2.0,100.0,1660.0,3.0
Plot  Area,Ready To Move,Gattigere,6.0,1.0,95.0,900.0,5.0
Built-up  Area,Ready To Move,SK Garden,3.0,0.0,175.0,1850.0,6.0
Built-up  Area,Ready To Move,Gowdanapalya,1.0,0.0,34.0,510.0,1.0
Super built-up  Area,Ready To Move,Mahadevpura,3.0,2.0,95.0,1601.0,3.0
Super built-up  Area,18-Mar,Begur Road,2.0,1.0,42.0,952.0,2.0
Super built-up  Area,Ready To Move,PNS Layout,2.0,3.0,65.0,1166.0,2.0
Built-up  Area,Ready To Move,Venkatapura,2.0,1.0,260.0,2700.0,3.0
Built-up  Area,Ready To Move,Electronic City Phase II,3.0,1.0,97.0,1900.0,4.0
Plot  Area,Ready To Move,Mathikere,2.0,0.0,175.0,1350.0,3.0
Super built-up  Area,18-Aug,Haralur Road,2.0,2.0,96.0,1520.0,3.0
Plot  Area,Ready To Move,Harsha Layout,6.0,3.0,100.0,2100.0,4.0
Super built-up  Area,Ready To Move,Yelenahalli,2.0,2.0,50.0,1175.0,2.0
Super built-up  Area,Ready To Move,Bharathi Nagar,2.0,2.0,68.0,1432.0,2.0
Super built-up  Area,18-Jun,Bommasandra Industrial Area,2.0,1.0,39.77,1005.0,2.0
Super built-up  Area,Ready To Move,Rajiv Nagar,2.0,1.0,80.0,1309.0,2.0
Super built-up  Area,Ready To Move,Dairy Circle,4.0,2.0,370.0,2251.0,3.0
Super built-up  Area,Ready To Move,7th Phase JP Nagar,2.0,1.0,77.0,1050.0,2.0
Super built-up  Area,21-Dec,Kanakpura Road,3.0,2.0,53.0,1100.0,3.0
Plot  Area,Ready To Move,Sanjay nagar,3.0,3.0,310.0,2400.0,3.0
Super built-up  Area,Ready To Move,Begur Road,2.0,2.0,56.34,1565.0,3.0
Built-up  Area,Ready To Move,1st Stage Indira Nagar,2.0,1.0,56.0,940.0,2.0
Super built-up  Area,18-Jun,Yarandahalli,2.0,1.0,40.1,1015.0,2.0
Plot  Area,Ready To Move,BTM 2nd Stage,2.0,0.0,360.0,2400.0,3.0
Super built-up  Area,Ready To Move,Electronic City,3.0,3.0,110.0,1652.0,3.0
Super built-up  Area,Ready To Move,Whitefield,2.0,2.0,52.0,1100.0,2.0
Super built-up  Area,Ready To Move,Rajiv Nagar,4.0,1.0,145.0,2340.0,4.0
Super built-up  Area,21-Jul,Koramangala,2.0,1.0,179.0,1084.0,2.0
Plot  Area,Ready To Move,Kammanahalli,1.0,1.0,81.0,1200.0,2.0
Super built-up  Area,Ready To Move,Kacharakanahalli,3.0,3.0,69.0,1400.0,3.0
Plot  Area,16-Mar,HBR Layout,5.0,0.0,320.0,2400.0,4.0
Super built-up  Area,18-Jul,Electronic City Phase II,2.0,1.0,27.43,1020.0,2.0
Super built-up  Area,Ready To Move,Whitefield,2.0,1.0,90.33,1267.0,2.0
Super built-up  Area,Ready To Move,Bhoganhalli,4.0,3.0,185.0,2439.0,4.0
Built-up  Area,Ready To Move,Ashwath Nagar,3.0,2.0,95.0,1645.0,3.0
Super built-up  Area,Ready To Move,Sahakara Nagar,2.0,2.0,75.0,1100.0,3.0
Built-up  Area,18-Dec,Electronic City,2.0,1.0,38.12,1320.0,3.0
Super built-up  Area,18-Apr,Ananth Nagar,2.0,1.0,29.7,1000.0,2.0
Built-up  Area,Ready To Move,Whitefield,5.0,2.0,550.0,5000.0,4.0
Built-up  Area,Ready To Move,KR Puram,6.0,3.0,58.0,2500.0,6.0
Plot  Area,Ready To Move,Kengeri Satellite Town,2.0,1.0,160.0,2480.0,2.0
Built-up  Area,Ready To Move,Kalyan nagar,2.0,2.0,44.5,1086.0,2.0
Super built-up  Area,18-Nov,Kengeri,1.0,1.0,18.0,416.0,1.0
Built-up  Area,Ready To Move,Hennur Road,2.0,1.0,52.23,1066.0,2.0
Super built-up  Area,Ready To Move,OMBR Layout,3.0,1.0,93.0,1730.0,3.0
Super built-up  Area,20-Jan,Balagere,2.0,1.0,63.86,1205.0,2.0
Super built-up  Area,Ready To Move,Marathahalli,5.0,2.0,175.0,2500.0,4.0
Super built-up  Area,Ready To Move,Subramanyapura,2.0,1.0,55.0,960.0,2.0
Super built-up  Area,18-Jul,Haralur Road,3.0,2.0,83.05,1510.0,3.0
Built-up  Area,Ready To Move,Kanaka Nagar,4.0,2.0,90.0,1600.0,4.0
Built-up  Area,Ready To Move,Old Madras Road,3.0,2.0,142.0,2300.0,3.0
Built-up  Area,Ready To Move,Jakkasandra Extension,2.0,1.0,63.0,1000.0,2.0
Super built-up  Area,Ready To Move,Poorna Pragna Layout,2.0,1.0,46.39,1160.0,2.0
Super built-up  Area,19-Sep,Hormavu,2.0,2.0,58.23,1553.0,3.0
Super built-up  Area,Ready To Move,Frazer Town,5.0,2.0,345.0,3436.0,4.0
Super built-up  Area,18-Aug,Seegehalli,2.0,2.0,45.0,1134.0,2.0
Plot  Area,Ready To Move,Nagasandra,4.0,2.0,80.0,600.0,4.0
Plot  Area,Ready To Move,Horamavu Agara,3.0,3.0,80.0,2400.0,5.0
Plot  Area,18-Nov,Whitefield,4.0,1.0,143.0,2400.0,4.0
Super built-up  Area,Ready To Move,Nagashetty Halli,2.0,2.0,65.0,1350.0,2.0
Super built-up  Area,Ready To Move,Sarjapur,2.0,1.0,42.0,1032.0,2.0
Super built-up  Area,Ready To Move,Tigalarpalya,3.0,2.0,117.0,1998.0,3.0
Super built-up  Area,18-Aug,Murugeshpalya,2.0,2.0,48.0,1225.0,2.0
Super built-up  Area,Ready To Move,Sarjapur  Road,2.0,2.0,67.0,1262.0,2.0
Super built-up  Area,20-Jan,Badavala Nagar,3.0,2.0,115.0,1842.0,3.0
Super built-up  Area,Ready To Move,Thomas Town,2.0,2.0,60.0,1300.0,2.0
Super built-up  Area,18-Jun,Kothannur,2.0,2.0,38.6,1070.0,2.0
Built-up  Area,21-Dec,"Electronic city Phase 1, ",2.0,1.0,33.0,950.0,2.0
Super built-up  Area,18-Mar,Balagere,2.0,1.0,53.58,1012.0,2.0
Built-up  Area,Ready To Move,TC Palaya,2.0,0.0,70.0,1000.0,2.0
Super built-up  Area,Ready To Move,Kadugodi,2.0,2.0,56.0,1394.0,2.0
Super built-up  Area,Ready To Move,Amruthahalli,2.0,1.0,85.0,1450.0,3.0
Super built-up  Area,Ready To Move, Banaswadi,1.0,0.0,35.0,527.0,1.0
Super built-up  Area,Ready To Move,Sarjapur  Road,3.0,2.0,125.0,1693.0,3.0
Super built-up  Area,Ready To Move,Thigalarapalya,6.0,2.0,235.0,3122.0,4.0
Super built-up  Area,Ready To Move,Horamavu Agara,2.0,1.0,46.0,1000.0,2.0
Built-up  Area,Ready To Move,Kogilu,2.0,2.0,49.0,952.0,2.0
Super built-up  Area,Ready To Move,Malleshwaram,4.0,2.0,270.0,2050.0,3.0
Super built-up  Area,Ready To Move,Kengeri,1.0,1.0,14.0,1200.0,1.0
Super built-up  Area,19-Apr,Mysore Road,2.0,2.0,64.0,1410.0,3.0
Super built-up  Area,Ready To Move,Hebbal Kempapura,2.0,2.0,108.0,1400.0,2.0
Plot  Area,Ready To Move,Chikka Tirupathi,5.0,2.0,100.0,3056.0,4.0
Super built-up  Area,Ready To Move,Sarjapur  Road,3.0,2.0,125.0,1826.0,3.0
Super built-up  Area,18-Jun,Hosur Road,3.0,2.0,103.0,1689.0,3.0
Super built-up  Area,Ready To Move,Bisuvanahalli,2.0,1.0,31.0,1075.0,3.0
Super built-up  Area,Ready To Move,Bannerghatta Road,4.0,2.0,1400.0,2500.0,5.0
Super built-up  Area,Ready To Move,Hennur,2.0,1.0,48.0,960.0,2.0
Built-up  Area,Ready To Move,Channasandra,2.0,1.0,40.0,808.0,2.0
Super built-up  Area,Ready To Move,Kodichikkanahalli,2.0,2.0,38.5,907.0,2.0
Super built-up  Area,Ready To Move,Uttarahalli,2.0,2.0,55.0,1300.0,2.0
Super built-up  Area,Ready To Move,Sector 1 HSR Layout,3.0,2.0,150.0,1804.0,3.0
Super built-up  Area,Ready To Move,Naidu Layout,3.0,2.0,81.0,1350.0,3.0
Super built-up  Area,Ready To Move,Whitefield,3.0,2.0,125.0,1836.0,3.0
Super built-up  Area,Ready To Move,Sugama Layout,2.0,2.0,36.0,826.0,2.0
Super built-up  Area,Ready To Move,Hormavu,2.0,3.0,68.0,1200.0,2.0
Super built-up  Area,18-Dec,1st Block Koramangala,3.0,3.0,300.0,3000.0,4.0
Plot  Area,Ready To Move,Indira Nagar,4.0,2.0,405.0,2400.0,4.0
Super built-up  Area,Ready To Move,6th Phase JP Nagar,2.0,2.0,80.0,1460.0,2.0
Plot  Area,Ready To Move,Hoskote,4.0,3.0,140.0,1200.0,4.0
Super built-up  Area,Ready To Move,BTM 2nd Stage,2.0,2.0,56.0,965.0,2.0
Carpet  Area,Ready To Move,Kothannur,4.0,2.0,95.0,2000.0,4.0
Super built-up  Area,Ready To Move,Bhoganhalli,2.0,2.0,70.0,1395.0,3.0
Super built-up  Area,Ready To Move,Sarjapur  Road,3.0,2.0,116.0,1660.0,3.0
Super built-up  Area,Ready To Move,Kada Agrahara,2.0,2.0,35.0,935.0,2.0
Super built-up  Area,Ready To Move,Hongasandra,2.0,1.0,39.0,1180.0,2.0
Built-up  Area,18-Dec,Electronic City,2.0,1.0,31.48,1090.0,2.0
Super built-up  Area,19-Jan,Kanakpura Road,2.0,1.0,82.0,1204.0,2.0
Super built-up  Area,Ready To Move,Thigalarapalya,4.0,2.0,153.0,2072.0,3.0
Built-up  Area,Ready To Move,Haralur Road,2.0,1.0,65.0,1056.0,2.0
Super built-up  Area,18-Dec,Hebbal,2.0,2.0,62.0,985.0,2.0
Super built-up  Area,Ready To Move,Banashankari Stage V,2.0,2.0,49.0,1315.0,3.0
Built-up  Area,Ready To Move,KR Puram,2.0,1.0,22.0,734.0,2.0
Built-up  Area,Ready To Move,Kammanahalli,4.0,2.0,200.0,2900.0,4.0
Super built-up  Area,Ready To Move,Yelahanka,4.0,3.0,140.0,2317.0,3.0
Built-up  Area,Ready To Move,Singasandra,1.0,0.0,45.0,600.0,1.0
Built-up  Area,Ready To Move,Vishwanatha Nagenahalli,3.0,0.0,115.0,2200.0,4.0
Super built-up  Area,Ready To Move,Attibele,2.0,1.0,25.0,656.0,2.0
Built-up  Area,Ready To Move,Attibele,1.0,1.0,11.5,400.0,1.0
Super built-up  Area,Ready To Move,Yeshwanthpur,1.0,1.0,36.8,666.0,1.0
Plot  Area,Ready To Move,Kadubeesanahalli,5.0,2.0,425.0,3293.0,4.0
Super built-up  Area,Ready To Move,7th Phase JP Nagar,2.0,1.0,47.0,1174.0,2.0
Super built-up  Area,Ready To Move,Budigere,2.0,2.0,56.7,1153.0,2.0
Plot  Area,Ready To Move,Jalahalli,4.0,1.0,90.0,1000.0,4.0
Built-up  Area,Ready To Move,Narayanapura,5.0,2.0,85.0,2400.0,5.0
Super built-up  Area,Ready To Move,Marathahalli,2.0,1.0,47.0,957.0,2.0
Built-up  Area,Ready To Move,Banashankari Stage III,2.0,2.0,160.0,910.0,2.0
Built-up  Area,17-Dec,Sarjapur  Road,2.0,1.0,50.0,1060.0,2.0
Super built-up  Area,18-Jul,Banashankari,2.0,1.0,50.0,1000.0,2.0
Super built-up  Area,Ready To Move,Kanakpura Road,3.0,2.0,88.0,1843.0,3.0
Super built-up  Area,Ready To Move,Kanakpura Road,2.0,2.0,40.25,1150.0,3.0
Super built-up  Area,18-Sep,Chandapura,2.0,2.0,31.37,1230.0,3.0
Super built-up  Area,Ready To Move,Kodihalli,5.0,2.0,335.0,3197.0,4.0
Super built-up  Area,19-Jul,Kanakpura Road,3.0,2.0,130.0,1703.0,3.0
Super built-up  Area,Ready To Move,Kaval Byrasandra,2.0,1.0,41.5,1125.0,2.0
Super built-up  Area,Ready To Move,Battarahalli,3.0,3.0,65.0,1516.0,3.0
Super built-up  Area,Ready To Move,Brookefield,2.0,2.0,56.0,1130.0,2.0
Super built-up  Area,Ready To Move,Iblur Village,5.0,1.0,279.0,3596.0,4.0
Super built-up  Area,19-Jun,Hosa Road,3.0,2.0,103.0,1512.0,3.0
Built-up  Area,Ready To Move,Thanisandra,3.0,1.0,88.0,1491.0,3.0
Super built-up  Area,Ready To Move,Cox Town,2.0,2.0,95.0,1250.0,2.0
Super built-up  Area,18-Aug,Banashankari,3.0,2.0,90.75,1650.0,3.0
Super built-up  Area,Ready To Move,Raja Rajeshwari Nagar,2.0,1.0,48.7,1140.0,2.0
Plot  Area,Ready To Move,Behind Don Bosco Church,4.0,1.0,110.0,1200.0,4.0
Super built-up  Area,Ready To Move,Thanisandra,3.0,2.0,95.0,1881.0,3.0
Super built-up  Area,21-Dec,Kanakpura Road,3.0,2.0,56.57,1100.0,3.0
Super built-up  Area,Ready To Move,Iblur Village,4.0,1.0,200.0,2666.0,3.0
Super built-up  Area,Ready To Move,Bagalur,2.0,1.0,50.0,1500.0,2.0
Super built-up  Area,18-Dec,Seshadripuram,2.0,1.0,164.0,1217.0,2.0
Built-up  Area,Ready To Move,Whitefield,2.0,1.0,50.0,1197.0,2.0
Built-up  Area,Ready To Move,BHEL Layout,4.0,1.0,170.0,2400.0,6.0
Built-up  Area,Ready To Move,Gollarapalya Hosahalli,3.0,2.0,60.0,1345.0,3.0
Plot  Area,Ready To Move,KR Puram,4.0,2.0,100.0,1200.0,4.0
Super built-up  Area,Ready To Move,Bannerghatta Road,5.0,0.0,165.0,3230.0,4.0
Super built-up  Area,Ready To Move,Banashankari Stage II,2.0,1.0,95.0,1260.0,3.0
Built-up  Area,Ready To Move,Sarjapur  Road,5.0,1.0,240.0,2750.0,4.0
Plot  Area,Ready To Move,9th Phase JP Nagar,2.0,0.0,80.0,1200.0,2.0
Built-up  Area,Ready To Move,Devara Jeevanahalli,3.0,0.0,52.0,1650.0,3.0
Super built-up  Area,Ready To Move,1st Block HBR Layout,1.0,0.0,45.0,600.0,1.0
Super built-up  Area,Ready To Move,Uttarahalli,2.0,1.0,35.88,1025.0,2.0
Super built-up  Area,18-Dec,Sarjapur,2.0,2.0,80.59,2302.5,4.0
Super built-up  Area,Ready To Move,Hennur Road,2.0,1.0,56.0,973.0,2.0
Super built-up  Area,19-Dec,Thanisandra main road,4.0,2.0,590.0,4110.0,4.0
Super built-up  Area,Ready To Move,Rajaji Nagar,3.0,3.0,425.0,2533.0,3.0
Super built-up  Area,Ready To Move,Balagere,2.0,1.0,75.0,1007.0,2.0
Super built-up  Area,19-Mar,Hosa Road,1.0,0.0,39.99,800.0,1.0
Built-up  Area,18-Dec,Sarjapur  Road,3.0,1.0,119.0,1830.0,3.0
Super built-up  Area,Ready To Move,Nagavara,2.0,1.0,50.0,1077.0,2.0
Plot  Area,Ready To Move,Immadihalli,1.0,1.0,27.0,672.0,1.0
Plot  Area,Ready To Move,Shanthi Layout,3.0,0.0,87.0,1280.0,3.0
Built-up  Area,Ready To Move,Electronics City Phase 1,2.0,0.0,40.0,865.0,2.0
Super built-up  Area,Ready To Move,Kalena Agrahara,2.0,2.0,33.0,1000.0,2.0
Super built-up  Area,Ready To Move,CV Raman Nagar,2.0,2.0,65.0,1285.0,2.0
Super built-up  Area,Ready To Move,Thanisandra,1.0,1.0,29.0,662.0,1.0
Plot  Area,Ready To Move,Whitefield,5.0,2.0,269.0,2297.0,5.0
Plot  Area,Ready To Move,Sarjapura - Attibele Road,6.0,3.0,295.0,3750.0,5.0
Super built-up  Area,Ready To Move,Kalkere,3.0,3.0,95.0,1850.0,3.0
Super built-up  Area,Ready To Move,Harlur,3.0,2.0,132.0,1754.0,3.0
Plot  Area,Ready To Move,Hennur Bande,4.0,2.0,150.0,1200.0,5.0
Plot  Area,Ready To Move,1st Phase JP Nagar,7.0,2.0,350.0,2200.0,5.0
Super built-up  Area,Ready To Move,Anugrah Layout,3.0,1.0,100.0,1567.0,3.0
Super built-up  Area,Ready To Move,Hoskote,3.0,3.0,50.0,1695.0,3.0
Plot  Area,Ready To Move,Hosahalli Extension,2.0,1.0,40.0,360.0,2.0
Super built-up  Area,Ready To Move,Bellandur,2.0,1.0,69.44,1150.0,2.0
Super built-up  Area,Ready To Move,Akshaya Nagar,3.0,2.0,85.0,1690.0,3.0
Built-up  Area,18-Mar,1st Block Koramangala,3.0,2.0,210.0,2350.0,3.0
Super built-up  Area,Ready To Move,Karuna Nagar,2.0,1.0,65.0,1057.0,2.0
Super built-up  Area,19-Dec,Hebbal,2.0,1.0,91.0,1320.0,2.0
Super built-up  Area,18-Jul,Bhoganhalli,4.0,3.0,111.0,2119.0,4.0
Super built-up  Area,Ready To Move,Bandepalya,2.0,1.0,48.0,1125.0,2.0
Super built-up  Area,18-Aug,Kanakpura Road,3.0,2.0,170.0,2254.0,3.0
Super built-up  Area,20-Jan,Balagere,1.0,1.0,34.18,645.0,1.0
Super built-up  Area,Ready To Move,Rachenahalli,2.0,2.0,52.08,1050.0,2.0
Super built-up  Area,18-May,Panathur,2.0,1.0,41.6,1040.0,2.0
Super built-up  Area,18-Jun,Sarjapur  Road,3.0,1.0,194.0,1700.0,3.0
Super built-up  Area,Ready To Move,1st Block Jayanagar,3.0,2.0,115.0,1760.0,3.0
Super built-up  Area,19-Mar,Bellandur,3.0,2.0,128.0,1138.0,3.0
Super built-up  Area,18-Apr,Sarjapur  Road,2.0,1.0,45.91,984.0,2.0
Built-up  Area,Ready To Move,Raja Rajeshwari Nagar,2.0,2.0,38.65,1140.0,2.0
Super built-up  Area,19-Dec,Whitefield,3.0,1.0,200.0,3596.0,3.0
Super built-up  Area,Ready To Move,Kalkere,3.0,2.0,54.0,1365.0,3.0
Super built-up  Area,Ready To Move,Bethel Nagar,1.0,0.0,19.0,560.0,1.0
Super built-up  Area,Ready To Move,Vittasandra,2.0,1.0,75.0,1404.0,2.0
Super built-up  Area,Ready To Move,Bellandur,4.0,3.0,45.0,1540.0,4.0
Built-up  Area,Ready To Move,Electronic City,2.0,1.0,39.0,1050.0,3.0
Plot  Area,Ready To Move,Lingarajapuram,4.0,3.0,37.0,360.0,4.0
Super built-up  Area,Ready To Move,Rachenahalli,3.0,3.0,72.5,1550.0,3.0
Super built-up  Area,Ready To Move,Yelahanka,3.0,3.0,93.0,1653.0,3.0
Super built-up  Area,Ready To Move,Parappana Agrahara,2.0,2.0,47.0,1194.0,2.0
Super built-up  Area,Ready To Move,Narayana Nagar 1st Block,2.0,3.0,75.0,1471.0,3.0
Super built-up  Area,21-Dec,Kanakpura Road,2.0,1.0,35.0,700.0,2.0
Built-up  Area,Ready To Move,Kudlu Gate,2.0,1.0,38.25,812.0,2.0
Super built-up  Area,Ready To Move,8th Phase JP Nagar,2.0,2.0,83.0,1504.0,3.0
Super built-up  Area,Ready To Move,Mahadevpura,3.0,2.0,75.0,1450.0,3.0
Super built-up  Area,Ready To Move,Kannamangala,2.0,2.0,54.5,957.0,2.0
Carpet  Area,Ready To Move,Attibele,1.0,1.0,13.0,460.0,1.0
Plot  Area,Ready To Move,poornaprajna layout,2.0,0.0,128.0,900.0,2.0
Super built-up  Area,Ready To Move,7th Phase JP Nagar,2.0,1.0,75.0,1050.0,2.0
Super built-up  Area,Ready To Move,Budigere,3.0,2.0,85.0,1820.0,3.0
Super built-up  Area,19-Dec,Varthur Road,2.0,2.0,32.0,1033.0,2.0
Plot  Area,Ready To Move,Kumaraswami Layout,1.0,1.0,90.0,800.0,2.0
Plot  Area,Ready To Move,Kadabagere,2.0,0.0,29.0,520.0,1.0
Super built-up  Area,Ready To Move,OMBR Layout,2.0,2.0,88.5,1165.0,2.0
Super built-up  Area,Ready To Move,Gottigere,2.0,1.0,61.0,1280.0,2.0
Built-up  Area,Ready To Move,Cambridge Layout,3.0,3.0,230.0,1950.0,3.0
Plot  Area,Ready To Move,BTM 4th Stage,1.0,0.0,58.0,600.0,1.0
Super built-up  Area,Ready To Move,Kanakpura Road,3.0,3.0,65.1,1550.0,3.0
Super built-up  Area,Ready To Move,Nagavarapalya,2.0,1.0,130.0,1392.0,2.0
Super built-up  Area,Ready To Move,Jigani,3.0,3.0,75.0,1221.0,3.0
Super built-up  Area,Ready To Move,AMS Layout,1.0,1.0,19.0,1000.0,1.0
Built-up  Area,Ready To Move,KR Garden,2.0,2.0,60.0,1300.0,2.0
Built-up  Area,Ready To Move,Hoskote,2.0,3.0,31.5,1065.0,2.0
Built-up  Area,Ready To Move,Yelahanka New Town,2.0,3.0,65.0,1209.0,3.0
Plot  Area,Ready To Move,BTM 1st Stage,1.0,0.0,40.0,375.0,1.0
Plot  Area,Ready To Move,Dollars Colony,3.0,2.0,2000.0,7800.0,3.0
Super built-up  Area,19-Mar,Sarjapur  Road,4.0,1.0,101.0,1929.0,3.0
Built-up  Area,Ready To Move,Hennur Road,2.0,1.0,84.0,1255.0,2.0
Super built-up  Area,19-Dec,Jalahalli,2.0,1.0,31.05,1035.0,2.0
Plot  Area,Ready To Move,Annapurneshwari Nagar,5.0,2.0,270.0,1200.0,4.0
Super built-up  Area,18-May,Banashankari,3.0,2.0,101.0,1650.0,3.0
Built-up  Area,Ready To Move,Whitefield,2.0,3.0,65.0,1275.0,3.0
Super built-up  Area,18-Aug,Electronic City,2.0,1.0,65.58,1128.0,2.0
Super built-up  Area,Ready To Move,Raja Rajeshwari Nagar,2.0,2.0,38.55,1140.0,2.0
Plot  Area,Ready To Move,OMBR Layout,4.0,2.0,200.0,1200.0,4.0
Super built-up  Area,21-Nov,Thanisandra,2.0,2.0,58.56,1183.0,2.0
Super built-up  Area,Ready To Move,Whitefield,2.0,1.0,39.0,1155.0,2.0
Super built-up  Area,Ready To Move,Kengeri,2.0,2.0,43.57,1245.0,3.0
Built-up  Area,Ready To Move,Akshaya Nagar,2.0,1.0,38.0,1000.0,2.0
Super built-up  Area,Ready To Move,7th Phase JP Nagar,2.0,1.0,75.0,1040.0,2.0
Super built-up  Area,Ready To Move,Ardendale,3.0,2.0,140.0,2062.0,4.0
Super built-up  Area,Ready To Move,Kundalahalli Colony,2.0,2.0,75.0,1477.0,3.0
Plot  Area,17-Aug,Nagadevanahalli,3.0,3.0,85.0,1050.0,4.0
Super built-up  Area,Ready To Move,Sarjapur  Road,2.0,2.0,65.0,1525.0,3.0
Super built-up  Area,Ready To Move,Kaverappa Layout,2.0,1.0,65.0,1220.0,2.0
Super built-up  Area,Ready To Move,Hebbal,3.0,1.0,195.0,2388.0,3.0
Super built-up  Area,18-Apr,Electronic City,2.0,1.0,97.6,1355.0,2.0
Built-up  Area,Ready To Move,Whitefield,2.0,1.0,62.0,1141.0,2.0
Super built-up  Area,21-Jun,Vijayanagar,2.0,0.0,49.06,1046.0,2.0
Super built-up  Area,Ready To Move,Bannerghatta Road,1.0,2.0,35.0,630.0,1.0
Super built-up  Area,Ready To Move,Pattandur Agrahara,2.0,2.0,62.35,1247.0,2.0
Built-up  Area,Ready To Move,Marathahalli,4.0,3.0,220.0,3855.0,4.0
Super built-up  Area,Ready To Move,Geddalahalli,2.0,1.0,32.5,850.0,2.0
Super built-up  Area,Ready To Move,KR Puram,2.0,2.0,36.0,1120.0,2.0
Plot  Area,Ready To Move,HSR Layout,8.0,2.0,285.0,800.0,8.0
Super built-up  Area,18-Aug,Jakkur,3.0,1.0,110.0,1798.0,3.0
Built-up  Area,Ready To Move,Bisuvanahalli,2.0,1.0,45.0,1180.0,3.0
Super built-up  Area,Ready To Move,Kereguddadahalli,2.0,1.0,34.0,1000.0,2.0
Super built-up  Area,19-Mar,Whitefield,2.0,1.0,82.0,1216.0,2.0
Built-up  Area,Ready To Move,Margondanahalli,2.0,0.0,65.0,900.0,2.0
Built-up  Area,Ready To Move,TC Palaya,2.0,0.0,65.0,1100.0,2.0
Super built-up  Area,20-Jan,Badavala Nagar,3.0,2.0,115.0,1842.0,3.0
Super built-up  Area,Ready To Move,Bisuvanahalli,2.0,1.0,43.0,1075.0,3.0
Super built-up  Area,Ready To Move,Whitefield,3.0,3.0,88.0,1495.0,2.0
Super built-up  Area,Ready To Move,Kanakpura Road,3.0,3.0,120.0,1700.0,3.0
Super built-up  Area,20-Dec,Whitefield,3.0,1.0,103.0,1564.0,3.0
Super built-up  Area,18-Apr,Reliaable Tranquil Layout,2.0,1.0,65.0,1256.0,2.0
Super built-up  Area,18-Jun,Kundalahalli,2.0,1.0,89.0,1047.0,2.0
Super built-up  Area,18-Apr,Bhoganhalli,3.0,1.0,78.45,1458.0,3.0
Super built-up  Area,19-Dec,Hoodi,2.0,1.0,61.17,1063.0,2.0
Super built-up  Area,Ready To Move,Sadashiva Nagar,5.0,2.0,1850.0,7400.0,4.0
Super built-up  Area,Ready To Move,Garudachar Palya,2.0,1.0,52.5,1150.0,2.0
Built-up  Area,Ready To Move,Chandapura,1.0,1.0,9.0,450.0,1.0
Built-up  Area,Ready To Move,Ramamurthy Nagar,2.0,0.0,45.0,1360.0,2.0
Built-up  Area,Ready To Move,Marathahalli,3.0,2.0,76.0,1605.0,3.0
Carpet  Area,Ready To Move,Nagarbhavi,4.0,2.0,205.0,1200.0,3.0
Super built-up  Area,18-Aug,Haralur Road,3.0,2.0,100.0,1810.0,3.0
Super built-up  Area,18-Aug,LB Shastri Nagar,2.0,2.0,48.5,1250.0,2.0
Super built-up  Area,Ready To Move,Poorna Pragna Layout,2.0,2.0,58.99,1475.0,3.0
Built-up  Area,Ready To Move,R.T. Nagar,3.0,0.0,125.0,1100.0,2.0
Super built-up  Area,18-Dec,Dommasandra,2.0,1.0,25.4,850.0,2.0
Built-up  Area,18-Jul,Electronic City Phase II,2.0,1.0,26.65,1025.0,2.0
Built-up  Area,Ready To Move,Uttarahalli,2.0,1.0,45.0,980.0,2.0
Super built-up  Area,Ready To Move,Basavanagara,2.0,1.0,70.0,1428.0,3.0
Super built-up  Area,Ready To Move,Shanti Nagar,2.0,2.0,74.0,1130.0,2.0
Super built-up  Area,19-Jul,Kanakpura Road,3.0,2.0,125.0,1592.0,3.0
Super built-up  Area,Ready To Move,JP Nagar,3.0,3.0,82.0,2050.0,3.0
Super built-up  Area,Ready To Move,Bagalur,2.0,1.0,83.87,1407.0,2.0
Super built-up  Area,Ready To Move,Cunningham Road,3.0,2.0,800.0,4170.0,3.0
Super built-up  Area,Ready To Move,Whitefield,3.0,1.0,84.0,1585.0,3.0
Built-up  Area,Ready To Move,Jakkur,3.0,2.0,130.0,1785.0,3.0
Built-up  Area,Ready To Move,BSM Extension,2.0,3.0,45.0,900.0,2.0
Plot  Area,Ready To Move,Somanna Garden,4.0,2.0,160.0,1350.0,4.0
Super built-up  Area,Ready To Move,Kanakpura Road,3.0,2.0,96.2,1843.0,3.0
Super built-up  Area,Ready To Move,Munivenkatppa Layout,3.0,2.0,260.0,2375.0,4.0
Super built-up  Area,Ready To Move,RPC layout,2.0,1.0,67.0,1200.0,2.0
Super built-up  Area,Ready To Move,Akshaya Nagar,2.0,1.0,52.0,1113.0,2.0
Super built-up  Area,Ready To Move,Uttarahalli,2.0,1.0,47.0,1125.0,2.0
Plot  Area,18-Jul,Whitefield,3.0,1.0,56.0,1200.0,3.0
Super built-up  Area,Ready To Move,Anekal,3.0,2.0,45.0,1150.0,3.0
Super built-up  Area,Ready To Move,Yeshwanthpur,1.0,1.0,70.0,770.0,2.0
Super built-up  Area,Ready To Move,Kodichikkanahalli,2.0,2.0,57.0,1181.0,2.0
Super built-up  Area,Ready To Move,Kanakpura Road,3.0,3.0,64.7,1550.0,3.0
Super built-up  Area,Ready To Move,1st Phase JP Nagar,2.0,2.0,86.0,1200.0,2.0
Super built-up  Area,Ready To Move,Raja Rajeshwari Nagar,2.0,2.0,55.47,1295.0,2.0
Plot  Area,Ready To Move,Kenchenahalli,3.0,3.0,65.0,480.0,3.0
Super built-up  Area,Ready To Move,Lingadheeranahalli,3.0,1.0,95.0,1506.0,3.0
Built-up  Area,Ready To Move,"HSR Layout 7th sector, ",3.0,2.0,152.0,1872.0,3.0
Super built-up  Area,Ready To Move,Sarjapur  Road,4.0,2.0,240.0,2900.0,4.0
Super built-up  Area,18-Jun,Abbigere,2.0,1.0,35.0,1326.0,3.0
Super built-up  Area,Ready To Move,Talaghattapura,2.0,1.0,33.28,1040.0,2.0
Plot  Area,Ready To Move,Bettadasanapura,5.0,1.0,90.0,1200.0,5.0
Super built-up  Area,Ready To Move,Hennur,2.0,1.0,48.0,1020.0,2.0
Super built-up  Area,Ready To Move,Gokula Extension,3.0,2.0,90.0,1400.0,3.0
Super built-up  Area,Ready To Move,Neeladri Nagar,12.0,2.0,160.0,4000.0,10.0
Plot  Area,Ready To Move,Weavers Colony,1.0,1.0,26.0,812.0,1.0
Super built-up  Area,Ready To Move,Vidyaranyapura,2.0,1.0,54.0,1100.0,2.0
Super built-up  Area,19-Aug,Kodathi,2.0,1.0,22.8,829.0,2.0
Plot  Area,Ready To Move,Vijayanagar,4.0,3.0,95.0,750.0,5.0
Plot  Area,Ready To Move,Sanjay nagar,4.0,2.0,350.0,2700.0,4.0
Super built-up  Area,21-May,Kanakpura Road,3.0,1.0,72.99,1500.0,3.0
Built-up  Area,Ready To Move,Ananth Nagar,2.0,1.0,25.99,850.0,2.0
Built-up  Area,Ready To Move,Kaval Byrasandra,2.0,2.0,60.0,1180.0,2.0
Super built-up  Area,19-Dec,Cunningham Road,5.0,2.0,995.0,5108.0,4.0
Super built-up  Area,Ready To Move,Thigalarapalya,4.0,2.0,150.0,2215.0,3.0
Super built-up  Area,Ready To Move,Channasandra,2.0,1.0,36.0,1010.0,2.0
Built-up  Area,Ready To Move,Marathahalli,2.0,2.0,60.0,1350.0,2.0
Built-up  Area,Ready To Move,Talaghattapura,2.0,0.0,50.0,1100.0,2.0
Super built-up  Area,Ready To Move,Kanakpura Road,2.0,2.0,62.93,1450.0,3.0
Super built-up  Area,Ready To Move,Raja Rajeshwari Nagar,2.0,2.0,40.0,1133.0,2.0
Super built-up  Area,Ready To Move,Thanisandra,3.0,2.0,100.0,1564.0,3.0
Plot  Area,Ready To Move,Doddaballapur,1.0,0.0,10.5,640.0,2.0
Super built-up  Area,Ready To Move,Thigalarapalya,4.0,2.0,157.0,2072.0,3.0
Plot  Area,Ready To Move,Rajaji Nagar,2.0,1.0,65.0,432.0,2.0
Super built-up  Area,Ready To Move,Kanakapura,2.0,3.0,51.1,1460.0,3.0
Super built-up  Area,Ready To Move,A Narayanapura,2.0,1.0,35.0,600.0,1.0
Super built-up  Area,Ready To Move,Rachenahalli,2.0,2.0,52.07,1050.0,2.0
Built-up  Area,21-Dec,"Judicial Layout, Kanakapura Road, ",2.0,1.0,35.0,700.0,2.0
Plot  Area,Ready To Move,TC Palaya,3.0,0.0,66.0,1200.0,3.0
Super built-up  Area,Ready To Move,Yelahanka,1.0,1.0,38.0,654.0,1.0
Super built-up  Area,Ready To Move,Ankappa Layout,2.0,2.0,50.0,1105.0,2.0
Super built-up  Area,Ready To Move,Hebbal Kempapura,3.0,3.0,150.0,1800.0,3.0
Plot  Area,Ready To Move,Yelachenahalli,2.0,2.0,160.0,1200.0,2.0
Super built-up  Area,Ready To Move,Kogilu,1.0,1.0,30.84,700.0,1.0
Super built-up  Area,Ready To Move,Amruthnagar,2.0,1.0,51.0,1000.0,2.0
Built-up  Area,Ready To Move,HSR Layout,5.0,0.0,350.0,3500.0,5.0
Super built-up  Area,18-Apr,Gattahalli,2.0,1.0,63.0,1240.0,3.0
Super built-up  Area,Ready To Move,Bellandur,2.0,3.0,45.0,1200.0,2.0
Super built-up  Area,Ready To Move,Yelahanka New Town,2.0,2.0,80.0,1400.0,3.0
Super built-up  Area,Ready To Move,HOSUR MAIN ROAD,3.0,2.0,54.0,1393.0,3.0
Super built-up  Area,Ready To Move,Whitefield,2.0,2.0,50.0,1140.0,2.0
Plot  Area,Ready To Move,Sahakara Nagar,5.0,2.0,130.0,1000.0,5.0
Built-up  Area,Ready To Move,Gulimangala,3.0,2.0,70.0,1640.0,3.0
Plot  Area,Ready To Move,Kithaganur,2.0,0.0,62.0,1200.0,2.0
Built-up  Area,Ready To Move,Rajaji Nagar,2.0,2.0,65.0,720.0,2.0
Super built-up  Area,Ready To Move,Yelenahalli,3.0,3.0,68.0,1650.0,3.0
Super built-up  Area,Ready To Move,Nagavara,4.0,2.0,125.0,2496.0,4.0
Super built-up  Area,Ready To Move,9th Phase JP Nagar,2.0,1.0,32.0,905.0,2.0
Super built-up  Area,Ready To Move,HAL 2nd Stage,3.0,1.0,125.0,1600.0,3.0
Super built-up  Area,17-Apr,Chikkalasandra,2.0,1.0,45.48,1070.0,2.0
Plot  Area,Ready To Move,Yemlur,5.0,2.0,1675.0,8400.0,4.0
Built-up  Area,Ready To Move,Koramangala,2.0,2.0,100.0,1200.0,2.0
Plot  Area,Ready To Move,Indira Nagar,5.0,2.0,350.0,1800.0,5.0
Built-up  Area,Ready To Move,8th Phase JP Nagar,4.0,2.0,115.0,2600.0,4.0
Super built-up  Area,Ready To Move,Old Airport Road,2.0,2.0,75.0,1145.0,2.0
Super built-up  Area,Ready To Move,Addischetan Layout,3.0,2.0,55.0,1495.0,3.0
Plot  Area,Ready To Move,Basavanagara,2.0,1.0,300.0,1200.0,3.0
Built-up  Area,Ready To Move,Stage-4 Bommanahalli,3.0,2.0,53.0,1400.0,3.0
Built-up  Area,18-Dec,Whitefield,3.0,2.0,90.0,1558.0,3.0
Super built-up  Area,20-Jan,Balagere,2.0,1.0,53.0,1007.0,2.0
Super built-up  Area,Ready To Move,Ananth Nagar,2.0,1.0,25.26,902.0,2.0
Super built-up  Area,Ready To Move,Kallumantapa,2.0,1.0,53.0,1054.0,2.0
Super built-up  Area,Ready To Move,Uttarahalli,2.0,3.0,39.73,1135.0,3.0
Super built-up  Area,Ready To Move,Gollarapalya Hosahalli,2.0,2.0,49.0,996.0,2.0
Super built-up  Area,18-Aug,Vimanapura,2.0,2.0,47.0,1275.0,2.0
Plot  Area,Ready To Move,NRI Layout,2.0,0.0,75.0,1250.0,2.0
Built-up  Area,Ready To Move,Hennur,4.0,2.0,170.0,2502.0,4.0
Super built-up  Area,Ready To Move,Sadaramangala,2.0,3.0,52.0,1394.0,2.0
Super built-up  Area,Ready To Move,Haralur Road,2.0,2.0,46.0,1243.0,2.0
Super built-up  Area,18-Dec,Whitefield,2.0,1.0,75.0,1216.0,2.0
Super built-up  Area,Ready To Move,Konena Agrahara,2.0,1.0,57.0,1075.0,2.0
Built-up  Area,Ready To Move,Indira Nagar,3.0,3.0,120.0,1500.0,3.0
Super built-up  Area,18-Oct,Rayasandra,3.0,1.0,76.0,1708.0,4.0
Plot  Area,Ready To Move,Whitefield,3.0,1.0,250.0,1500.0,3.0
Built-up  Area,Ready To Move,Jakkur Plantation,4.0,3.0,115.0,1800.0,3.0
Super built-up  Area,Ready To Move,Harlur,2.0,1.0,65.0,1532.0,2.0
Super built-up  Area,18-Sep,Hosa Road,3.0,2.0,81.99,1726.0,3.0
Super built-up  Area,Ready To Move,Hanumanth Nagar,2.0,2.0,54.89,1220.0,2.0
Super built-up  Area,Ready To Move,Chikkalasandra,2.0,2.0,50.0,1100.0,2.0
Super built-up  Area,Ready To Move,Electronics City Phase 1,3.0,3.0,40.0,1530.0,3.0
Super built-up  Area,18-Jan,Hosa Road,2.0,1.0,28.0,840.0,2.0
Super built-up  Area,18-Apr,Bommanahalli,4.0,3.0,39.0,1250.0,3.0
Super built-up  Area,Ready To Move,CV Raman Nagar,2.0,2.0,35.0,1030.0,2.0
Super built-up  Area,Ready To Move,Raghavendra Layout,3.0,2.0,89.0,1499.0,3.0
Super built-up  Area,Ready To Move,Varsova Layout,2.0,3.0,55.0,1280.0,3.0
Built-up  Area,Ready To Move,Munnekollal,2.0,2.0,59.0,1170.0,2.0
Plot  Area,Ready To Move,Chikka Tirupathi,3.0,2.0,99.0,2646.0,3.0
Super built-up  Area,18-Apr,Thirumenahalli,2.0,3.0,36.69,1161.0,2.0
Plot  Area,Ready To Move,Yelahanka,2.0,1.0,72.0,1633.0,2.0
Built-up  Area,Ready To Move,Richards Town,2.0,2.0,65.0,1050.0,2.0
Plot  Area,18-Apr,Hennur Road,5.0,3.0,309.0,1650.0,4.0
Super built-up  Area,19-Dec,Varthur Road,1.0,0.0,13.26,552.5,1.0
Super built-up  Area,Ready To Move,Attibele,2.0,1.0,11.5,418.0,1.0
Super built-up  Area,Ready To Move,Bhattarahalli,2.0,2.0,50.0,905.0,2.0
Super built-up  Area,Ready To Move,Raja Rajeshwari Nagar,2.0,2.0,55.0,1510.0,3.0
Super built-up  Area,Ready To Move,Chikkalasandra,2.0,3.0,60.47,1390.0,3.0
Super built-up  Area,Ready To Move,Kasturi Nagar,2.0,2.0,66.0,1101.0,2.0
Super built-up  Area,Ready To Move,Srirampura,4.0,2.0,130.0,2736.0,4.0
Super built-up  Area,18-Apr,EPIP Zone,4.0,2.0,163.0,2350.0,3.0
Super built-up  Area,Ready To Move,Raja Rajeshwari Nagar 5th Stage,2.0,2.0,55.0,1056.0,2.0
Super built-up  Area,Ready To Move,Kanakpura Road,2.0,2.0,49.88,1425.0,3.0
Super built-up  Area,17-Jun,Electronics City Phase 1,3.0,1.0,70.0,1450.0,3.0
Built-up  Area,Ready To Move,Pai Layout,2.0,2.0,34.0,1000.0,2.0
Super built-up  Area,18-Mar,Haralur Road,1.0,1.0,38.0,575.0,1.0
Super built-up  Area,Ready To Move,Uttarahalli,2.0,2.0,47.24,1350.0,3.0
Plot  Area,Ready To Move,Kanakpura Road,2.0,0.0,180.0,2000.0,3.0
Built-up  Area,Ready To Move,Raghavendra Layout,3.0,2.0,90.0,1770.0,3.0
Super built-up  Area,Ready To Move,Byadarahalli,3.0,2.0,315.0,3155.0,3.0
Plot  Area,Ready To Move,Anandapura,3.0,1.0,45.0,616.0,2.0
Super built-up  Area,Ready To Move,JP Nagar,1.0,0.0,34.27,745.0,1.0
Built-up  Area,Ready To Move,Nayandanahalli,7.0,1.0,104.0,6500.0,7.0
Plot  Area,Ready To Move,HAL 2nd Stage,4.0,1.0,650.0,2400.0,4.0
Super built-up  Area,18-Aug,Kudlu Gate,2.0,2.0,103.0,1547.0,2.0
Super built-up  Area,Ready To Move,Panathur,3.0,1.0,120.0,1713.0,3.0
Plot  Area,Ready To Move,Sarjapur,4.0,2.0,430.0,3300.0,4.0
Plot  Area,Ready To Move,Mahalakshmi Layout,4.0,1.0,190.0,1135.0,8.0
Super built-up  Area,Ready To Move,Yeshwanthpur,4.0,2.0,180.0,1856.0,3.0
Super built-up  Area,Ready To Move,RMV Extension,2.0,1.0,57.0,1152.0,2.0
Super built-up  Area,Ready To Move,Dodda Nekkundi,2.0,1.0,46.75,1100.0,2.0
Super built-up  Area,Ready To Move,Narayanapura,3.0,2.0,135.0,2357.0,3.0
Super built-up  Area,Ready To Move,Akshaya Nagar,4.0,2.0,95.0,1820.0,3.0
Super built-up  Area,18-Dec,Kannamangala,3.0,1.0,139.0,1865.0,3.0
Built-up  Area,Ready To Move,Kanakpura Road,2.0,2.0,65.0,1240.0,2.0
Super built-up  Area,Ready To Move,Padmanabhanagar,3.0,1.0,75.0,1360.0,3.0
Built-up  Area,Ready To Move,ISRO Layout,4.0,2.0,255.0,4200.0,4.0
Super built-up  Area,Ready To Move,Electronics City Phase 1,2.0,2.0,63.51,1450.0,3.0
Super built-up  Area,Ready To Move,Budigere,2.0,2.0,72.0,1139.0,2.0
Super built-up  Area,Ready To Move,Begur Road,2.0,2.0,56.0,1565.0,3.0
Plot  Area,Ready To Move,Anjanapura,3.0,2.0,165.0,1200.0,3.0
Plot  Area,Ready To Move,Kurubarahalli,4.0,0.0,77.0,600.0,4.0
Super built-up  Area,Ready To Move,Nagappa Reddy Layout,2.0,2.0,39.0,1200.0,2.0
Super built-up  Area,Ready To Move,Yeshwanthpur,3.0,3.0,140.0,1855.0,3.0
Plot  Area,Ready To Move,Margondanahalli,2.0,1.0,55.0,1100.0,2.0
Built-up  Area,Ready To Move,Arehalli,2.0,2.0,65.0,1350.0,3.0
Super built-up  Area,Ready To Move,Old Madras Road,3.0,2.0,207.0,2266.0,3.0
Super built-up  Area,Ready To Move,Hosur Road,1.0,1.0,23.0,660.0,1.0
Built-up  Area,Ready To Move,Kodihalli,2.0,1.0,150.0,1490.0,2.0
Super built-up  Area,Ready To Move,Kambipura,2.0,1.0,48.0,1083.0,3.0
Super built-up  Area,18-Mar,Hennur Road,2.0,1.0,83.0,1232.0,2.0
Super built-up  Area,Ready To Move,Raja Rajeshwari Nagar,3.0,1.0,86.8,1550.0,3.0
Super built-up  Area,Ready To Move,Whitefield,2.0,2.0,70.0,1227.0,2.0
Super built-up  Area,Ready To Move,Sarjapur  Road,2.0,2.0,68.0,1059.0,2.0
Built-up  Area,Ready To Move,Electronic City Phase II,1.0,1.0,29.0,545.0,2.0
Super built-up  Area,Ready To Move,Mahadevpura,2.0,1.0,54.0,1152.0,2.0
Super built-up  Area,Ready To Move,Kenchenahalli,1.0,1.0,45.0,870.0,2.0
Super built-up  Area,17-Dec,Panathur,2.0,1.0,78.0,1210.0,2.0
Super built-up  Area,19-Mar,Thanisandra,1.0,0.0,46.1,663.0,1.0
Super built-up  Area,Ready To Move,Hennur Gardens,2.0,1.0,135.0,1464.0,3.0
Built-up  Area,Ready To Move,Kadubeesanahalli,3.0,1.0,80.0,1365.0,3.0
Super built-up  Area,Ready To Move,Whitefield,3.0,1.0,120.0,1704.0,3.0
Super built-up  Area,18-Dec,Whitefield,2.0,2.0,60.55,1495.0,3.0
Super built-up  Area,19-Oct,Whitefield,2.0,2.0,73.0,1256.0,2.0
Built-up  Area,Ready To Move,Kengeri,2.0,0.0,49.0,883.0,2.0
Built-up  Area,Ready To Move,Bisuvanahalli,2.0,1.0,45.0,1080.0,3.0
Super built-up  Area,Ready To Move,Marsur,1.0,1.0,25.0,497.0,2.0
Super built-up  Area,21-Sep,9th Phase JP Nagar,2.0,1.0,52.36,1073.0,2.0
Super built-up  Area,Ready To Move,Rajaji Nagar,6.0,3.0,250.0,3000.0,6.0
Super built-up  Area,Ready To Move,Doddabommasandra,2.0,3.0,32.0,1300.0,2.0
Built-up  Area,Ready To Move,Thanisandra,1.0,0.0,45.0,662.0,1.0
Super built-up  Area,18-Apr,Kumara Park,2.0,2.0,75.0,1200.0,2.0
Built-up  Area,Ready To Move,5th Phase JP Nagar,3.0,3.0,75.0,1550.0,3.0
Super built-up  Area,Ready To Move,7th Block Jayanagar,3.0,2.0,171.0,1707.0,3.0
Super built-up  Area,Ready To Move,Banashankari,2.0,2.0,80.43,1310.0,2.0
Super built-up  Area,Ready To Move,Sarjapur  Road,3.0,2.0,65.0,1577.0,3.0
Super built-up  Area,Ready To Move,Kodigehaali,3.0,2.0,65.0,1324.0,3.0
Super built-up  Area,Ready To Move,Kothanur,2.0,2.0,106.0,1786.0,3.0
Super built-up  Area,Ready To Move,Harlur,2.0,1.0,75.0,1174.0,2.0
Super built-up  Area,Ready To Move,Kamala Nagar,1.0,1.0,33.0,565.0,1.0
Super built-up  Area,Ready To Move,7th Phase JP Nagar,2.0,1.0,95.0,1400.0,3.0
Built-up  Area,Ready To Move,Electronic City,1.0,1.0,28.0,635.0,1.0
Plot  Area,Ready To Move,Kalyan nagar,8.0,2.0,400.0,3000.0,6.0
Super built-up  Area,Ready To Move,8th Phase JP Nagar,2.0,1.0,54.71,1368.0,3.0
Super built-up  Area,Ready To Move,Kanakpura Road,3.0,3.0,55.0,1450.0,3.0
Super built-up  Area,Ready To Move,Devanahalli,2.0,2.0,48.0,1045.0,2.0
Super built-up  Area,18-Aug,Electronic City,2.0,1.0,65.4,1128.0,2.0
Built-up  Area,Ready To Move,Bhoganhalli,2.0,1.0,54.0,1125.0,2.0
Super built-up  Area,18-Jul,Whitefield,2.0,1.0,62.38,1195.0,2.0
Plot  Area,Ready To Move,Ramakrishnappa Layout,2.0,1.0,70.0,630.0,1.0
Plot  Area,Ready To Move,Kaggadasapura,2.0,0.0,105.0,1350.0,3.0
Super built-up  Area,Ready To Move,Domlur,3.0,0.0,120.0,1740.0,3.0
Super built-up  Area,Ready To Move,Bommasandra,2.0,1.0,29.0,877.0,2.0
Built-up  Area,Ready To Move,Whitefield,4.0,1.0,68.0,1770.0,3.0
Super built-up  Area,Ready To Move,Yelahanka New Town,1.0,1.0,15.0,450.0,1.0
Plot  Area,18-Apr,tc.palya,2.0,1.0,55.0,1000.0,2.0
Super built-up  Area,Ready To Move,Whitefield,2.0,2.0,78.0,1300.0,2.0
Super built-up  Area,Ready To Move,Doddathoguru,2.0,1.0,42.0,1300.0,3.0
Super built-up  Area,Ready To Move,Abbigere,2.0,1.0,40.39,985.0,2.0
Built-up  Area,Ready To Move,Chikkathoguru,2.0,2.0,42.0,1045.0,2.0
Super built-up  Area,Ready To Move,Chelekare,2.0,1.0,62.4,1250.0,2.0
Plot  Area,Ready To Move,Bande Nallasandra,4.0,1.0,130.0,2400.0,3.0
Super built-up  Area,Ready To Move,Haralur Road,2.0,2.0,46.0,1194.0,2.0
Super built-up  Area,Ready To Move,Kanakpura Road,3.0,3.0,68.0,1420.0,3.0
Built-up  Area,Ready To Move,Sector 1 HSR Layout,3.0,3.0,83.0,1720.0,3.0
Super built-up  Area,Ready To Move,Rachenahalli,2.0,2.0,74.4,1530.0,3.0
Plot  Area,Ready To Move,Anandapura,2.0,0.0,66.0,1200.0,3.0
Super built-up  Area,Ready To Move,Whitefield,3.0,3.0,88.0,1570.0,3.0
Super built-up  Area,18-May,Sarjapur  Road,2.0,1.0,74.0,1157.0,3.0
Super built-up  Area,Ready To Move,Sarjapur,1.0,1.0,20.0,535.0,2.0
Super built-up  Area,Ready To Move,Kanakapura,2.0,2.0,39.2,1120.0,2.0
Super built-up  Area,Ready To Move,Kenchenahalli,2.0,2.0,60.0,1150.0,2.0
Plot  Area,Ready To Move,Hebbal Kempapura,5.0,2.0,200.0,2400.0,5.0
Super built-up  Area,Ready To Move,Bannerghatta Road,2.0,1.0,68.0,1215.0,2.0
Super built-up  Area,18-Apr,Bhoganhalli,2.0,1.0,75.97,1444.0,2.0
Super built-up  Area,Ready To Move,6th Phase JP Nagar,3.0,3.0,200.0,2003.0,3.0
Carpet  Area,Ready To Move,Thirumenahalli,2.0,2.0,70.0,1100.0,2.0
Super built-up  Area,Ready To Move,Kodichikkanahalli,2.0,1.0,42.0,900.0,2.0
Super built-up  Area,Ready To Move,Talaghattapura,2.0,1.0,43.9,1372.0,3.0
Plot  Area,16-Dec,Chikka Tirupathi,5.0,3.0,150.0,4500.0,4.0
Super built-up  Area,Ready To Move,Bisuvanahalli,2.0,1.0,55.5,1180.0,3.0
Super built-up  Area,Ready To Move,Electronic City,2.0,2.0,39.0,1096.0,2.0
Super built-up  Area,Ready To Move,Yeshwanthpur,3.0,3.0,138.0,2504.0,3.0
Super built-up  Area,Ready To Move,2nd Phase Judicial Layout,2.0,2.0,47.25,1350.0,3.0
Built-up  Area,Ready To Move,Raghuvanahalli,1.0,1.0,23.5,420.0,1.0
Super built-up  Area,Ready To Move,Hennur Road,3.0,1.0,116.0,1832.0,3.0
Plot  Area,Ready To Move,Anandapura,7.0,2.0,130.0,1380.0,6.0
Built-up  Area,Ready To Move,Vasanthapura,2.0,1.0,40.0,940.0,2.0
Plot  Area,Ready To Move,Whitefield,5.0,3.0,625.0,4290.0,4.0
Built-up  Area,18-Aug,Electronic City Phase II,2.0,1.0,29.45,1020.0,2.0
Built-up  Area,Ready To Move,Abbigere,6.0,0.0,81.0,2500.0,6.0
Super built-up  Area,Ready To Move,Raja Rajeshwari Nagar,2.0,2.0,45.0,1400.0,2.0
Built-up  Area,Ready To Move,HAL Layout,3.0,2.0,65.0,1675.0,3.0
Super built-up  Area,Ready To Move,Tumkur Road,2.0,1.0,32.0,708.0,2.0
Super built-up  Area,Ready To Move,Channasandra,2.0,1.0,36.0,1123.0,2.0
Super built-up  Area,Ready To Move,Talaghattapura,2.0,1.0,49.49,1100.0,2.0
Super built-up  Area,Ready To Move,Upkar Layout,2.0,2.0,71.05,1225.0,2.0
Super built-up  Area,Ready To Move,Lingadheeranahalli,3.0,1.0,140.0,1683.0,3.0
Super built-up  Area,Ready To Move,Kengeri Satellite Town,1.0,1.0,15.0,410.0,1.0
Plot  Area,Ready To Move,Banashankari Stage II,2.0,2.0,300.0,2400.0,3.0
Plot  Area,Ready To Move,Kenchenhalli,4.0,1.0,90.0,1350.0,4.0
Super built-up  Area,Ready To Move,Gubbalala,2.0,2.0,80.0,1475.0,2.0
Super built-up  Area,Ready To Move,Kengeri Satellite Town,2.0,2.0,49.0,1120.0,2.0
Super built-up  Area,Ready To Move,KR Puram,2.0,1.0,42.0,1150.0,2.0
Super built-up  Area,Ready To Move,Yeshwanthpur,2.0,1.0,85.0,1165.0,2.0
Super built-up  Area,Ready To Move,Harlur,3.0,2.0,134.0,1756.0,3.0
Super built-up  Area,Ready To Move,Ambedkar Nagar,2.0,2.0,95.0,1409.0,2.0
Super built-up  Area,Ready To Move,Mahadevpura,2.0,1.0,56.9,1212.0,2.0
Super built-up  Area,Ready To Move,Doddathoguru,2.0,2.0,26.49,1140.0,2.0
Super built-up  Area,19-Sep,Hegde Nagar,3.0,2.0,115.0,2087.01,3.0
Super built-up  Area,Ready To Move,Jalahalli East,1.0,0.0,34.1,775.0,1.0
Super built-up  Area,18-Apr,Sarjapur  Road,3.0,1.0,118.0,1700.0,3.0
Super built-up  Area,Ready To Move,Carmelaram,3.0,0.0,91.855,1732.5,3.0
Super built-up  Area,Ready To Move,Raja Rajeshwari Nagar,2.0,1.0,52.0,1110.0,2.0
Built-up  Area,18-Aug,Electronic City Phase II,2.0,1.0,28.88,1000.0,2.0
Plot  Area,Ready To Move,Marathahalli,7.0,3.0,160.0,1550.0,7.0
Built-up  Area,Ready To Move,Chikka Tirupathi,5.0,0.0,105.0,2704.0,4.0
Plot  Area,Ready To Move,Vidya Nagar,2.0,0.0,280.0,3760.0,2.0
Plot  Area,Ready To Move,Hormavu,5.0,2.0,140.0,1600.0,5.0
Super built-up  Area,19-Dec,Bhoganhalli,2.0,2.0,64.47,1205.0,2.0
Super built-up  Area,Ready To Move,Thigalarapalya,2.0,2.0,105.0,1418.0,2.0
Built-up  Area,Ready To Move,Ardendale,3.0,3.0,82.0,1650.0,3.0
Plot  Area,Ready To Move,MS Pallya,7.0,2.0,139.0,1200.0,7.0
Super built-up  Area,Ready To Move,Electronic City,2.0,1.0,38.0,1150.0,2.0
Super built-up  Area,Ready To Move,Byadarahalli,4.0,2.0,300.0,3071.0,3.0
Built-up  Area,Ready To Move,Dasanapura,5.0,2.0,100.0,2400.0,4.0
Built-up  Area,Ready To Move,Singapura Village,2.0,0.0,34.0,850.0,2.0
Super built-up  Area,Ready To Move,Raja Rajeshwari Nagar,3.0,1.0,83.74,1580.0,3.0
Super built-up  Area,18-Dec,Whitefield,2.0,1.0,84.03,1216.0,2.0
Carpet  Area,20-Dec,Kanakpura Road,1.0,1.0,28.0,381.0,1.0
Built-up  Area,18-Feb,KR Puram,9.0,2.0,200.0,4600.0,9.0
Super built-up  Area,Ready To Move,Hebbal,2.0,1.0,55.0,1040.0,2.0
Built-up  Area,18-Apr,Choodasandra,3.0,1.0,210.0,2429.0,4.0
Super built-up  Area,Ready To Move,Akshaya Vana,2.0,1.0,49.0,1260.0,3.0
Super built-up  Area,Ready To Move,Kanakpura Road,3.0,2.0,74.9,1498.0,3.0
Super built-up  Area,Ready To Move,Vidyaranyapura,2.0,2.0,65.0,1200.0,3.0
Super built-up  Area,18-Apr,Electronic City,2.0,1.0,72.9,1355.0,2.0
Built-up  Area,Ready To Move,Canara Bank Layout,3.0,1.0,65.0,1450.0,3.0
Super built-up  Area,Ready To Move,Yeshwanthpur,3.0,2.0,168.0,1860.0,3.0
Built-up  Area,Ready To Move,Whitefield,2.0,2.0,70.0,1240.0,2.0
Super built-up  Area,Ready To Move,Kanakpura Road,2.0,2.0,55.0,1300.0,3.0
Plot  Area,Ready To Move,Kundalahalli,5.0,2.0,245.0,2500.0,4.0
Super built-up  Area,Ready To Move,Ambedkar Nagar,4.0,2.0,120.0,1950.0,3.0
Super built-up  Area,Ready To Move,Ambalipura,2.0,2.0,145.0,1625.0,3.0
Super built-up  Area,18-Jul,Electronic City,2.0,2.0,30.0,1200.0,2.0
Super built-up  Area,Ready To Move,OMBR Layout,2.0,2.0,66.0,1101.0,2.0
Super built-up  Area,18-Mar,Whitefield,2.0,1.0,72.5,1216.0,2.0
Super built-up  Area,Ready To Move,Uttarahalli,2.0,3.0,50.0,1250.0,3.0
Plot  Area,Ready To Move,Samethanahalli,3.0,0.0,70.0,2100.0,3.0
Built-up  Area,Ready To Move,Ananth Nagar,3.0,2.0,54.0,1470.0,3.0
Super built-up  Area,22-Dec,Bannerghatta Road,3.0,1.0,76.18,1365.0,3.0
Super built-up  Area,18-Jul,Hosa Road,2.0,1.0,64.79,1364.0,2.0
Super built-up  Area,20-Dec,Banashankari Stage VI,2.0,1.0,59.47,1180.0,2.0
Super built-up  Area,Ready To Move,7th Phase JP Nagar,3.0,2.0,130.0,1800.0,3.0
Super built-up  Area,Ready To Move,Kothannur,2.0,2.0,42.0,1350.0,2.0
Super built-up  Area,Ready To Move,Thanisandra,3.0,2.0,98.0,1573.0,3.0
Super built-up  Area,Ready To Move,Nallurhalli,3.0,3.0,95.0,1620.0,3.0
Super built-up  Area,Ready To Move,Doddakallasandra,2.0,1.0,42.87,1072.0,2.0
Built-up  Area,Ready To Move,Bagalakunte,1.0,1.0,21.0,560.0,1.0
Super built-up  Area,Ready To Move,Coconut Grove Layout,2.0,2.0,46.0,1156.0,2.0
Built-up  Area,18-Dec,Kudlu Gate,2.0,1.0,86.0,1336.0,2.0
Super built-up  Area,Ready To Move,Electronic City,2.0,1.0,20.0,1200.0,2.0
Super built-up  Area,Ready To Move,Marathahalli,4.0,3.0,235.0,3400.0,4.0
Super built-up  Area,Ready To Move,Raja Rajeshwari Nagar,3.0,3.0,54.51,1608.0,3.0
Super built-up  Area,18-Dec,JP Nagar,4.0,3.0,441.0,4000.0,4.0
Super built-up  Area,Ready To Move,Whitefield,2.0,2.0,40.0,1215.0,2.0
Built-up  Area,Ready To Move,Cox Town,2.0,1.0,166.0,1100.0,2.0
Super built-up  Area,Ready To Move,Green Glen Layout,3.0,3.0,100.0,1517.0,3.0
Super built-up  Area,Ready To Move,Mallasandra,2.0,2.0,69.0,1565.0,2.0
Plot  Area,Ready To Move,Palace Guttahalli,4.0,1.0,250.0,1680.0,6.0
Super built-up  Area,Ready To Move,Whitefield,4.0,2.0,115.0,2025.0,3.0
Super built-up  Area,19-Jun,Jalahalli,2.0,1.0,34.71,1057.0,2.0
Super built-up  Area,Ready To Move,Sadashiva Nagar,3.0,3.0,650.0,3850.0,3.0
Super built-up  Area,Ready To Move,Sarjapur,2.0,2.0,34.0,1044.0,2.0
Built-up  Area,Ready To Move,Domlur,3.0,2.0,125.0,1695.0,3.0
Super built-up  Area,18-Jun,Ramagondanahalli,3.0,1.0,61.0,1635.0,3.0
Super built-up  Area,Ready To Move,Hiremath Layout,2.0,2.0,56.0,1140.0,2.0
Built-up  Area,Ready To Move,Electronic City,2.0,2.0,35.0,1150.0,2.0
Built-up  Area,Ready To Move,Yelachenahalli,2.0,2.0,110.0,1110.0,2.0
Super built-up  Area,Ready To Move,Yeshwanthpur,2.0,2.0,64.08,1163.0,2.0
Super built-up  Area,Ready To Move,Thubarahalli,2.0,2.0,65.0,1418.0,3.0
Built-up  Area,18-Apr,Varthur,2.0,1.0,60.0,1155.0,2.0
Super built-up  Area,Ready To Move,Bannerghatta Road,2.0,2.0,78.0,1115.0,2.0
Built-up  Area,Ready To Move,Sanjeevini Nagar,3.0,2.0,180.0,2250.0,3.0
Super built-up  Area,Ready To Move,NGR Layout,2.0,2.0,48.45,1020.0,2.0
Super built-up  Area,Ready To Move,Naidu Layout,3.0,2.0,78.0,1485.0,3.0
Plot  Area,Ready To Move,Whitefield,5.0,2.0,250.0,1920.0,4.0
Plot  Area,Ready To Move,Shingapura,2.0,0.0,45.0,1350.0,1.0
Super built-up  Area,Ready To Move,8th block Koramangala,2.0,2.0,100.0,1209.0,2.0
Super built-up  Area,Ready To Move,8th Phase JP Nagar,2.0,1.0,43.55,1089.0,2.0
Super built-up  Area,Ready To Move,Yelahanka,2.0,2.0,82.0,1445.0,2.0
Super built-up  Area,Ready To Move,Uttarahalli,2.0,2.0,50.0,1250.0,3.0
Super built-up  Area,18-Jan,SHANTHINAGAR,3.0,1.0,95.0,1500.0,3.0
Super built-up  Area,Ready To Move, Devarachikkanahalli,3.0,2.0,75.0,1705.0,3.0
Super built-up  Area,Ready To Move,Indira Nagar,3.0,2.0,160.0,2200.0,3.0
Plot  Area,Ready To Move,Cunningham Road,5.0,3.0,936.0,2925.0,5.0
Plot  Area,Ready To Move,Laggere,8.0,1.0,110.0,1800.0,8.0
Built-up  Area,Ready To Move,Whitefield,5.0,2.0,900.0,7200.0,5.0
Super built-up  Area,Ready To Move,Bellandur,3.0,2.0,90.0,1830.0,3.0
Super built-up  Area,18-Dec,Electronics City Phase 1,3.0,2.0,58.0,1450.0,3.0
Super built-up  Area,Ready To Move,Choodasandra,3.0,2.0,56.0,1220.0,3.0
Super built-up  Area,Ready To Move,Hoodi,2.0,2.0,69.45,1259.0,2.0
Super built-up  Area,Ready To Move,Subramanyapura,2.0,1.0,73.0,1260.0,3.0
Built-up  Area,Ready To Move,Kaggadasapura,5.0,1.0,120.0,2500.0,3.0
Built-up  Area,18-Dec,Kudlu Gate,3.0,2.0,121.0,1919.0,3.0
Plot  Area,Ready To Move,Vishveshwarya Layout,6.0,3.0,160.0,1400.0,6.0
Super built-up  Area,Ready To Move,Hennur Road,3.0,2.0,120.0,2050.0,3.0
Built-up  Area,Ready To Move,Basavangudi,2.0,1.0,103.0,1050.0,2.0
Super built-up  Area,Ready To Move,Bhuvaneshwari Nagar,2.0,2.0,60.0,1000.0,2.0
Super built-up  Area,Ready To Move,Raja Rajeshwari Nagar,3.0,1.0,86.8,1640.0,3.0
Built-up  Area,Ready To Move,Kumarapalli,2.0,2.0,65.0,1488.0,3.0
Super built-up  Area,Ready To Move,Chikkalasandra,2.0,2.0,53.12,1265.0,3.0
Built-up  Area,Ready To Move,Hennur,3.0,2.0,120.0,1640.0,3.0
Super built-up  Area,Ready To Move,9th Phase JP Nagar,2.0,2.0,88.0,1719.3,3.0
Plot  Area,Ready To Move,Someshwara Layout,4.0,2.0,130.0,1200.0,4.0
Super built-up  Area,Ready To Move,Kaggadasapura,2.0,2.0,70.0,1180.0,2.0
Super built-up  Area,Ready To Move,HBR Layout,3.0,1.0,110.0,1700.0,3.0
Super built-up  Area,Ready To Move,Kudlu Gate,3.0,3.0,56.0,1464.0,2.0
Built-up  Area,Ready To Move,JP Nagar,6.0,0.0,68.0,1800.0,6.0
Built-up  Area,Ready To Move,Cox Town,2.0,1.0,300.0,1495.0,4.0
Built-up  Area,15-Aug,Yelahanka,2.0,2.0,62.0,1225.0,2.0
Super built-up  Area,Ready To Move,7th Phase JP Nagar,2.0,0.0,68.0,1050.0,2.0
Super built-up  Area,Ready To Move,Sarjapur  Road,3.0,3.0,120.0,1691.0,3.0
Built-up  Area,Ready To Move,Doopanahalli,3.0,2.0,199.0,2250.0,3.0
Super built-up  Area,Ready To Move,Munivenkatppa Layout,4.0,2.0,314.0,3700.0,4.0
Plot  Area,Ready To Move,Jalahalli,6.0,2.0,130.0,1244.0,8.0
Plot  Area,Ready To Move,Jay an agar 4 T Block,4.0,2.0,120.0,750.0,4.0
Super built-up  Area,18-Apr,Satyasaibaba Layout,2.0,3.0,42.25,1190.0,2.0
Super built-up  Area,Ready To Move,Haralur Road,2.0,2.0,46.0,1243.0,2.0
Super built-up  Area,Ready To Move,Hormavu,2.0,1.0,37.49,765.0,2.0
Super built-up  Area,Ready To Move,Chamrajpet,1.0,2.0,52.0,730.0,2.0
Built-up  Area,Ready To Move,Queens Road,3.0,0.0,169.0,1405.0,3.0
Super built-up  Area,20-Dec,Old Madras Road,3.0,1.0,45.9,1350.0,3.0
Super built-up  Area,Ready To Move,Yelahanka New Town,1.0,1.0,18.0,500.0,1.0
Super built-up  Area,Ready To Move,Amruthahalli,2.0,2.0,55.0,1200.0,2.0
Built-up  Area,18-Dec,Electronic City,2.0,1.0,33.64,1165.0,2.0
Super built-up  Area,Ready To Move,7th Phase JP Nagar,2.0,2.0,57.0,1400.0,3.0
Plot  Area,Ready To Move,Vaishnavi Layout,6.0,2.0,420.0,4800.0,4.0
Built-up  Area,Ready To Move,Hormavu,2.0,2.0,120.0,1668.0,3.0
Super built-up  Area,Ready To Move,Kenchenahalli,1.0,1.0,35.0,700.0,1.0
Super built-up  Area,Ready To Move,5th Phase JP Nagar,2.0,1.0,66.0,1485.0,3.0
Super built-up  Area,20-Oct,Kanakpura Road,2.0,1.0,41.0,700.0,2.0
Super built-up  Area,18-Dec,Whitefield,2.0,1.0,100.0,1346.0,3.0
Super built-up  Area,Ready To Move,Bisuvanahalli,2.0,1.0,47.0,1075.0,3.0
Super built-up  Area,Ready To Move,Bellari Road,2.0,1.0,43.5,1050.0,2.0
Super built-up  Area,Ready To Move,1st Block Koramangala,3.0,2.0,53.0,1800.0,3.0
Super built-up  Area,Ready To Move,Electronic City,3.0,3.0,115.0,1609.0,3.0
Built-up  Area,Ready To Move,Electronic City,1.0,1.0,35.0,770.0,2.0
Built-up  Area,Ready To Move,Kudlu,2.0,1.0,50.0,1076.0,2.0
Super built-up  Area,Ready To Move,Kengeri,2.0,2.0,51.0,1052.0,2.0
Super built-up  Area,18-Apr,Channasandra,2.0,2.0,35.0,1000.0,2.0
Built-up  Area,18-Aug,Bommasandra Industrial Area,2.0,1.0,28.88,1000.0,2.0
Super built-up  Area,Ready To Move,Thanisandra,2.0,1.0,83.0,1262.0,3.0
Plot  Area,Ready To Move,Koppa,3.0,1.0,48.0,720.0,3.0
Super built-up  Area,Ready To Move,Harsha Layout,1.0,1.0,16.0,500.0,1.0
Super built-up  Area,Ready To Move,Sadashiva Nagar,4.0,2.0,700.0,3500.0,4.0
Built-up  Area,Ready To Move,Shanthala Nagar,3.0,2.0,180.0,1600.0,3.0
Super built-up  Area,18-May,Ramagondanahalli,2.0,1.0,53.0,1251.0,2.0
Plot  Area,Ready To Move,Nagarbhavi,3.0,1.0,175.0,1050.0,3.0
Super built-up  Area,Ready To Move,Nyanappana Halli,2.0,2.0,49.0,1140.0,2.0
Super built-up  Area,18-May,Old Madras Road,2.0,2.0,47.32,1157.0,2.0
Super built-up  Area,18-Jun,RR Nagar,1.0,1.0,34.0,648.0,1.0
Super built-up  Area,Ready To Move,Harlur,2.0,1.0,78.0,1197.0,2.0
Super built-up  Area,Ready To Move,Raja Rajeshwari Nagar,3.0,3.0,51.04,1500.0,3.0
Super built-up  Area,Ready To Move,Raja Rajeshwari Nagar,2.0,1.0,51.15,1185.0,2.0
Built-up  Area,Ready To Move,Kumaraswami Layout,2.0,1.0,125.0,2400.0,3.0
Super built-up  Area,18-Aug,Kundalahalli,3.0,3.0,105.0,1397.0,3.0
Super built-up  Area,Ready To Move,Uttarahalli,2.0,2.0,47.0,1175.0,2.0
Built-up  Area,Ready To Move,Basaveshwara Nagar,2.0,1.0,60.0,900.0,2.0
Super built-up  Area,Ready To Move,Rachenahalli,3.0,2.0,170.0,2710.0,3.0
Super built-up  Area,Ready To Move,Tala Cauvery Layout,2.0,2.0,126.0,1720.0,3.0
Super built-up  Area,Ready To Move,Cambridge Layout,3.0,2.0,307.0,1756.0,3.0
Super built-up  Area,Ready To Move,Yelahanka,1.0,1.0,38.0,602.0,1.0
Super built-up  Area,Ready To Move,Sarjapur  Road,3.0,2.0,180.0,1770.0,3.0
Plot  Area,Ready To Move,Kothannur,6.0,1.0,150.0,930.0,6.0
Super built-up  Area,Ready To Move,Raja Rajeshwari Nagar,2.0,2.0,43.9,1295.0,2.0
Super built-up  Area,Ready To Move,Rachenahalli,2.0,2.0,46.5,1200.0,2.0
Built-up  Area,Ready To Move,Hagadur,2.0,2.0,45.0,1100.0,2.0
Super built-up  Area,Ready To Move,Haralur Road,2.0,2.0,46.0,1194.0,2.0
Super built-up  Area,Ready To Move,Marsur,2.0,1.0,32.0,720.0,3.0
Super built-up  Area,Ready To Move,Kasavanhalli,3.0,0.0,105.0,1476.0,3.0
Super built-up  Area,Ready To Move,Thanisandra,2.0,2.0,65.0,1056.0,2.0
Super built-up  Area,Ready To Move,Singapura Village,2.0,1.0,35.0,825.0,2.0
Super built-up  Area,18-Apr,EPIP Zone,3.0,2.0,130.0,1860.0,3.0
Super built-up  Area,Ready To Move,Gunjur,2.0,2.0,40.0,1063.0,2.0
Super built-up  Area,Ready To Move,Yelahanka,1.0,1.0,35.0,697.0,1.0
Built-up  Area,Ready To Move,Vijayanagar,2.0,0.0,230.0,2400.0,1.0
Plot  Area,19-Jan,Anekal,1.0,1.0,36.0,1200.0,2.0
Built-up  Area,Ready To Move,CV Raman Nagar,3.0,2.0,160.0,1835.0,3.0
Super built-up  Area,22-Dec,Bannerghatta Road,3.0,0.0,79.465,1532.5,3.0
Super built-up  Area,Ready To Move,BTM 2nd Stage,2.0,1.0,75.0,1147.0,2.0
Super built-up  Area,Ready To Move,Uttarahalli,2.0,2.0,47.59,1360.0,3.0
Plot  Area,Ready To Move,Kothanur,5.0,0.0,265.0,3400.0,4.0
Built-up  Area,Ready To Move,Hosakerehalli Layout,2.0,3.0,64.0,1080.0,2.0
Super built-up  Area,Ready To Move,Doddakallasandra,2.0,1.0,40.4,1010.0,2.0
Plot  Area,Ready To Move,Shanti Nagar,4.0,2.0,523.0,2600.0,4.0
Super built-up  Area,Ready To Move,Brookefield,2.0,1.0,95.0,1270.0,2.0
Super built-up  Area,Ready To Move,Basapura,2.0,1.0,61.0,1100.0,2.0
Super built-up  Area,Ready To Move,Bellandur,3.0,2.0,92.0,1410.0,2.0
Super built-up  Area,Ready To Move,Yelahanka,2.0,1.0,41.38,1065.0,2.0
Plot  Area,19-Jan,Anekal,1.0,1.0,36.0,1200.0,2.0
Super built-up  Area,Ready To Move,Hebbal,3.0,3.0,65.0,1315.0,3.0
Super built-up  Area,Ready To Move,Indira Nagar,3.0,2.0,200.0,1650.0,3.0
Super built-up  Area,Ready To Move,Haralur Road,2.0,2.0,43.0,1140.0,2.0
Super built-up  Area,Ready To Move,Kaggadasapura,2.0,1.0,45.0,960.0,2.0
Super built-up  Area,Ready To Move,Hosapalya,1.0,1.0,29.0,800.0,2.0
Super built-up  Area,Ready To Move,Doctors Layout,2.0,1.0,47.0,1225.0,2.0
Built-up  Area,Ready To Move,Whitefield,2.0,2.0,45.0,1020.0,2.0
Super built-up  Area,Ready To Move,Magadi Road,2.0,1.0,27.0,750.0,2.0
Plot  Area,Ready To Move,2nd Block Koramangala,3.0,1.0,550.0,3000.0,3.0
Super built-up  Area,Ready To Move, Mysore Highway,1.0,1.0,35.0,535.0,1.0
Super built-up  Area,Ready To Move,Varthur,2.0,1.0,60.0,1035.0,2.0
Built-up  Area,18-Aug,Bommasandra Industrial Area,2.0,1.0,29.45,1020.0,2.0
Super built-up  Area,Ready To Move,GM Palaya,3.0,0.0,64.0,1315.0,3.0
Super built-up  Area,Ready To Move,Basavangudi,2.0,2.0,130.0,1350.0,3.0
Super built-up  Area,Ready To Move,Bisuvanahalli,2.0,1.0,48.0,1075.0,3.0
Super built-up  Area,Ready To Move,Kengeri Satellite Town,2.0,3.0,50.0,1450.0,3.0
Plot  Area,Ready To Move,Gottigere,1.0,1.0,150.0,1806.0,1.0
Super built-up  Area,Ready To Move,Marathahalli,2.0,1.0,99.0,1350.0,2.0
Plot  Area,20-Dec,Binny Pete,3.0,2.0,178.0,1282.0,3.0
Super built-up  Area,18-Apr,Sarjapur  Road,3.0,1.0,103.0,1929.0,3.0
Super built-up  Area,Ready To Move,Varthur,2.0,2.0,72.0,1100.0,2.0
Built-up  Area,Ready To Move,Kundalahalli,3.0,2.0,110.0,1800.0,3.0
Super built-up  Area,Ready To Move,Gubbalala,2.0,1.0,42.81,1223.0,2.0
Super built-up  Area,Ready To Move,Bharathi Nagar,3.0,2.0,69.89,1664.0,3.0
Super built-up  Area,Ready To Move,Uttarahalli,2.0,2.0,47.59,1360.0,3.0
Super built-up  Area,Ready To Move,Kasavanhalli,2.0,2.0,67.0,1158.0,2.0
Super built-up  Area,Ready To Move,Hormavu,3.0,2.0,58.0,1420.0,3.0
Super built-up  Area,18-Aug,Rajaji Nagar,2.0,1.0,127.0,1268.0,2.0
Super built-up  Area,18-May,Sarjapur  Road,2.0,1.0,75.0,1308.0,2.0
Built-up  Area,Ready To Move,Basavangudi,3.0,1.0,140.0,1485.0,3.0
Super built-up  Area,Ready To Move,Volagerekallahalli,2.0,3.0,33.99,1067.0,2.0
Built-up  Area,Ready To Move,Hulimavu,4.0,0.0,100.0,2000.0,4.0
Super built-up  Area,Ready To Move,Rajaji Nagar,3.0,3.0,330.0,2450.0,3.0
Super built-up  Area,Ready To Move,Glass Factory Layout,2.0,1.0,42.0,1152.0,2.0
Super built-up  Area,18-May,Uttarahalli,2.0,2.0,62.82,1525.0,3.0
Super built-up  Area,20-Dec,Whitefield,2.0,1.0,32.72,935.0,2.0
Super built-up  Area,Ready To Move,Jagadish Nagar,2.0,2.0,88.0,1465.0,3.0
Built-up  Area,Ready To Move,HBR Layout,2.0,1.0,65.0,1198.0,2.0
Super built-up  Area,Ready To Move,3rd Phase Iti Layout,2.0,1.0,63.0,1145.0,2.0
Plot  Area,18-Aug,Attibele,2.0,1.0,42.0,1000.0,2.0
Built-up  Area,Ready To Move,Anekal,1.0,1.0,11.5,400.0,1.0
Built-up  Area,Ready To Move, south,3.0,2.0,410.0,3420.0,4.0
Super built-up  Area,18-Apr,Marathahalli,3.0,1.0,63.22,1310.0,3.0
Super built-up  Area,Ready To Move,Panathur,3.0,3.0,92.0,1861.0,3.0
Super built-up  Area,Ready To Move,Uttarahalli,2.0,2.0,65.0,1265.0,3.0
Super built-up  Area,Ready To Move,Green Domain Layout,2.0,2.0,75.0,1280.0,2.0
Super built-up  Area,Ready To Move,Raja Rajeshwari Nagar,2.0,1.0,53.76,1279.0,3.0
Plot  Area,18-May,TC Palaya,2.0,0.0,66.0,1200.0,3.0
Plot  Area,18-May,"Ananthapura, T C palaya Main Road",3.0,2.0,60.0,680.0,2.0
Super built-up  Area,Ready To Move,Uttarahalli,3.0,2.0,57.0,1590.0,3.0
Super built-up  Area,22-Jun,Hoodi,3.0,3.0,142.0,1837.0,3.0
Super built-up  Area,16-Dec,Hegde Nagar,3.0,2.0,130.0,1703.0,3.0
Super built-up  Area,Ready To Move,Kudlu,2.0,2.0,80.0,1293.0,3.0
Super built-up  Area,21-Dec,Kanakpura Road,2.0,1.0,35.0,700.0,2.0
Super built-up  Area,Ready To Move,Doctors Layout,3.0,2.0,75.0,1450.0,3.0
Built-up  Area,Ready To Move,5th Phase JP Nagar,2.0,2.0,57.0,1030.0,2.0
Super built-up  Area,Ready To Move,Kanakpura Road,3.0,3.0,65.93,1570.0,3.0
Built-up  Area,Ready To Move,7th Phase JP Nagar,2.0,2.0,60.0,1000.0,2.0
Super built-up  Area,Ready To Move,Bisuvanahalli,2.0,1.0,37.0,1075.0,3.0
Super built-up  Area,Ready To Move,Varthur,2.0,1.0,33.82,1091.0,2.0
Super built-up  Area,Ready To Move,EPIP Zone,3.0,3.0,165.0,2210.0,3.0
Built-up  Area,Ready To Move,Outer Ring Road East,3.0,0.0,110.0,1738.0,3.0
Super built-up  Area,Ready To Move,Rajaji Nagar,3.0,2.0,262.0,1640.0,3.0
Super built-up  Area,Ready To Move,Gottigere,2.0,1.0,56.58,1205.0,2.0
Super built-up  Area,19-May,Kengeri,2.0,1.0,30.27,1009.0,2.0
Plot  Area,Ready To Move,2nd Stage Nagarbhavi,4.0,3.0,240.0,1200.0,5.0
Built-up  Area,Ready To Move,Thigalarapalya,5.0,2.0,249.0,3362.0,4.0
Super built-up  Area,18-May,Mysore Road,2.0,2.0,83.3,1560.0,3.0
Built-up  Area,Ready To Move,Rajaji Nagar,3.0,0.0,140.0,1600.0,4.0
Super built-up  Area,Ready To Move,Sanjay nagar,2.0,1.0,55.0,960.0,2.0
Super built-up  Area,Ready To Move,Uttarahalli,2.0,2.0,46.55,1330.0,3.0
Super built-up  Area,Ready To Move,Whitefield,2.0,1.0,32.0,1024.0,2.0
Super built-up  Area,Ready To Move,Raja Rajeshwari Nagar,2.0,2.0,40.54,1196.0,2.0
Super built-up  Area,Ready To Move,Mico Layout,1.0,1.0,29.5,800.0,1.0
Super built-up  Area,Ready To Move,Sarjapur  Road,3.0,2.0,260.0,2650.0,3.0
Super built-up  Area,Ready To Move,Jakkur,2.0,2.0,60.0,1080.0,2.0
Super built-up  Area,Ready To Move,Hebbal,2.0,1.0,55.0,1150.0,2.0
Super built-up  Area,18-May,Dasanapura,2.0,1.0,68.0,1286.0,3.0
Plot  Area,Ready To Move,Whitefield,3.0,2.0,198.0,2990.0,4.0
Super built-up  Area,Ready To Move,JP Nagar,2.0,2.0,90.0,1150.0,2.0
Super built-up  Area,Ready To Move,Cooke Town,2.0,2.0,111.0,1310.0,2.0
Super built-up  Area,Ready To Move,Prithvi Layout,2.0,2.0,72.0,1352.0,2.0
Super built-up  Area,Ready To Move,Bommanahalli,2.0,1.0,50.0,1307.0,2.0
Plot  Area,18-Aug,Channasandra,4.0,1.0,89.45,1500.0,4.0
Plot  Area,Ready To Move,Singena Agrahara,3.0,1.0,90.0,1500.0,3.0
Super built-up  Area,18-Nov,Thanisandra,2.0,0.0,55.975,1131.0,2.0
Built-up  Area,Ready To Move,Whitefield,3.0,0.0,69.1,1600.0,3.0
Super built-up  Area,Ready To Move,Hosur Road,4.0,0.0,241.0,2835.0,4.0
Super built-up  Area,21-Mar,Yelahanka,1.0,1.0,36.23,682.0,1.0
Built-up  Area,Ready To Move,Whitefield,4.0,1.0,420.0,2500.0,4.0
Super built-up  Area,Ready To Move,Vittasandra,3.0,2.0,85.5,1650.0,3.0
Super built-up  Area,18-Apr,Haralur Road,3.0,2.0,120.0,1850.0,3.0
Plot  Area,Ready To Move,Gubbalala,4.0,1.0,85.0,2000.0,4.0
Super built-up  Area,18-May,Phase 1 Kammasandra,2.0,1.0,25.0,982.0,2.0
Built-up  Area,Ready To Move,Nandi Durga Road,4.0,0.0,325.0,2015.0,2.0
Super built-up  Area,Ready To Move,Thanisandra,3.0,2.0,115.0,1702.0,3.0
Super built-up  Area,Ready To Move,Amruthahalli,2.0,2.0,79.0,1250.0,2.0
Super built-up  Area,Ready To Move,Raja Rajeshwari Nagar,2.0,2.0,40.54,1240.0,2.0
Plot  Area,Ready To Move,Sneha Colony,2.0,1.0,110.0,1050.0,2.0
Super built-up  Area,19-Mar,Yelahanka,2.0,1.0,52.59,1023.0,2.0
Super built-up  Area,Ready To Move,Dairy Circle,2.0,1.0,181.0,1541.0,2.0
Super built-up  Area,Ready To Move,Siddapura,2.0,1.0,105.0,1275.0,2.0
Super built-up  Area,Ready To Move,Jakkur,2.0,0.0,71.195,1260.0,2.0
Super built-up  Area,Ready To Move,Sarjapur  Road,3.0,3.0,125.0,1580.0,3.0
Super built-up  Area,Ready To Move,Thanisandra,2.0,2.0,75.0,1343.0,2.0
Super built-up  Area,18-Jun,Bommasandra,3.0,1.0,52.81,1365.0,3.0
Super built-up  Area,Ready To Move,Kundalahalli,2.0,1.0,72.0,1047.0,2.0
Built-up  Area,Ready To Move,Shampura,2.0,2.0,42.0,1187.0,2.0
Plot  Area,Ready To Move,Banashankari Stage III,3.0,0.0,147.0,1050.0,4.0
Plot  Area,18-Feb,Frazer Town,1.0,0.0,90.0,560.0,1.0
Built-up  Area,Ready To Move,Banashankari Stage III,2.0,1.0,120.0,1000.0,3.0
Plot  Area,Ready To Move,Nagadevanahalli,5.0,2.0,260.0,1200.0,5.0
Super built-up  Area,Ready To Move,Choodasandra,2.0,2.0,45.0,1075.0,2.0
Super built-up  Area,21-May,Dairy Circle,3.0,2.0,206.0,2048.0,3.0
Super built-up  Area,Ready To Move,Raja Rajeshwari Nagar,2.0,1.0,57.0,1090.0,2.0
Super built-up  Area,Ready To Move,Doddakammanahalli,2.0,1.0,48.5,1119.0,3.0
Super built-up  Area,Ready To Move,Poornapragna Housing Society Layout,2.0,3.0,58.25,1355.0,3.0
Super built-up  Area,Ready To Move,Hennur Road,2.0,2.0,86.69,1445.0,3.0
Plot  Area,Ready To Move,Electronics City Phase 1,5.0,1.0,120.0,1314.0,6.0
Super built-up  Area,19-Jan,Malleshwaram,4.0,3.0,1400.0,6500.0,4.0
Super built-up  Area,Ready To Move,Yeshwanthpur,2.0,2.0,64.08,1165.0,2.0
Super built-up  Area,Ready To Move,Hormavu,2.0,0.0,38.665,1081.5,2.0
Super built-up  Area,Ready To Move,Kothanur,3.0,2.0,107.0,1787.0,3.0
Plot  Area,Ready To Move,Mico Layout,4.0,2.0,330.0,3600.0,4.0
Plot  Area,Ready To Move,Battarahalli,6.0,1.0,100.0,1200.0,6.0
Built-up  Area,18-Dec,Electronic City,2.0,1.0,29.45,1020.0,2.0
Super built-up  Area,18-Jul,Sarjapur  Road,4.0,1.0,95.0,1797.0,3.0
Super built-up  Area,Ready To Move,Whitefield,2.0,2.0,58.0,1205.0,2.0
Super built-up  Area,18-Dec,Chennammana Kere,2.0,2.0,55.85,1095.0,2.0
Built-up  Area,Ready To Move,Yelahanka,2.0,2.0,98.0,1560.0,3.0
Super built-up  Area,Ready To Move,5th Phase JP Nagar,2.0,1.0,68.0,1200.0,2.0
Plot  Area,Ready To Move,Rajaji Nagar,1.0,1.0,200.0,1200.0,2.0
Super built-up  Area,Ready To Move,Kanakpura Road,3.0,2.0,65.0,1450.0,3.0
Super built-up  Area,18-Mar,Whitefield,2.0,1.0,718.0,1496.0,3.0
Super built-up  Area,Ready To Move,Thanisandra,4.0,2.0,122.0,1935.0,3.0
Super built-up  Area,Ready To Move,Hosa Road,2.0,1.0,45.0,1016.0,2.0
Super built-up  Area,19-Dec,Jakkur,3.0,1.0,119.0,1816.0,3.0
Super built-up  Area,Ready To Move,7th Phase JP Nagar,3.0,2.0,125.0,1680.0,3.0
Super built-up  Area,19-Dec,Hoodi,4.0,0.0,91.915,2065.5,4.0
Super built-up  Area,Ready To Move,Kengeri,2.0,2.0,63.0,1220.0,2.0
Plot  Area,Ready To Move,Hosur Road,4.0,2.0,160.0,3000.0,4.0
Super built-up  Area,Ready To Move,7th Phase JP Nagar,2.0,1.0,86.0,980.0,2.0
Plot  Area,Ready To Move,Nagarbhavi,4.0,3.0,210.0,1200.0,4.0
Super built-up  Area,Ready To Move,Hormavu,2.0,2.0,60.0,1250.0,2.0
Super built-up  Area,Ready To Move,Jakkur,2.0,3.0,80.0,1424.0,2.0
Built-up  Area,Ready To Move,Hennur Road,2.0,1.0,49.9,1297.0,2.0
Plot  Area,18-Dec,Karuna Nagar,3.0,1.0,170.0,1300.0,3.0
Super built-up  Area,Ready To Move,Harlur,2.0,1.0,89.9,1290.0,2.0
Super built-up  Area,Ready To Move,Koramangala,2.0,1.0,130.0,1720.0,3.0
Super built-up  Area,Ready To Move,Judicial Layout,7.0,2.0,199.0,1200.0,7.0
Plot  Area,Ready To Move,Deepanjali Nagar,2.0,0.0,160.0,2320.0,3.0
Super built-up  Area,Ready To Move,Nallurhalli,3.0,2.0,78.0,1237.0,3.0
Super built-up  Area,Ready To Move,Whitefield,3.0,3.0,98.97,1720.0,3.0
Built-up  Area,Ready To Move,Chikkalasandra,2.0,2.0,45.0,1224.0,2.0
Super built-up  Area,Ready To Move,Yelahanka,3.0,2.0,107.0,1780.0,3.0
Plot  Area,Ready To Move,Seegehalli,5.0,3.0,800.0,4700.0,4.0
Super built-up  Area,Ready To Move,Electronics City Phase 1,3.0,2.0,93.0,1800.0,3.0
Super built-up  Area,Ready To Move,Budigere,2.0,2.0,56.5,1139.0,2.0
Plot  Area,18-May,Pulkeshi Nagar,1.0,0.0,88.2,588.0,1.0
Super built-up  Area,22-Dec,2nd Phase Judicial Layout,2.0,1.0,35.0,700.0,2.0
Plot  Area,Ready To Move,Kengeri,1.0,0.0,52.0,1150.0,1.0
Super built-up  Area,18-Aug,Channasandra,2.0,2.0,51.83,1330.0,3.0
Super built-up  Area,18-Dec,Old Airport Road,4.0,3.0,194.0,2732.0,4.0
Super built-up  Area,Ready To Move,Kodigehaali,2.0,1.0,38.0,965.0,2.0
Super built-up  Area,Ready To Move,Whitefield,3.0,2.0,95.0,1600.0,3.0
Super built-up  Area,Ready To Move,KUDLU MAIN ROAD,2.0,2.0,56.0,1464.0,2.0
Super built-up  Area,Ready To Move,Frazer Town,3.0,2.0,400.0,3100.0,3.0
Super built-up  Area,Ready To Move,Bisuvanahalli,2.0,1.0,45.0,1075.0,3.0
Plot  Area,Ready To Move,Kengeri Hobli,1.0,0.0,95.0,1840.0,2.0
Super built-up  Area,Ready To Move,Gubbalala,3.0,2.0,39.14,1223.0,3.0
Super built-up  Area,18-Dec,Ramamurthy Nagar,2.0,2.0,44.0,1170.0,2.0
Super built-up  Area,18-Apr,Old Madras Road,6.0,1.0,207.0,3630.0,4.0
Super built-up  Area,Ready To Move,Bellandur,2.0,2.0,35.0,950.0,2.0
Super built-up  Area,Ready To Move,Frazer Town,3.0,2.0,400.0,5400.0,3.0
Super built-up  Area,Ready To Move,Electronic City,2.0,1.0,40.0,865.0,2.0
Plot  Area,Ready To Move,Kirloskar Layout,4.0,2.0,89.0,2400.0,4.0
Built-up  Area,Ready To Move,Lakshminarayana Pura,2.0,2.0,75.0,1169.0,2.0
Built-up  Area,Ready To Move,Hormavu,2.0,2.0,40.0,1206.0,2.0
Plot  Area,Ready To Move,SARJAPUR BAGALUR ROAD,4.0,1.0,80.0,10961.0,4.0
Super built-up  Area,Ready To Move,Lingadheeranahalli,3.0,1.0,110.0,1683.0,3.0
Super built-up  Area,18-May,Mico Layout,2.0,2.0,44.0,1250.0,3.0
Super built-up  Area,Ready To Move,Green Glen Layout,4.0,3.0,218.0,3150.0,4.0
Plot  Area,Ready To Move,B Y Raveshwara Nagar,2.0,1.0,140.0,1200.0,4.0
Carpet  Area,18-Dec,Bhoganhalli,3.0,1.0,104.0,1234.6,3.0
Super built-up  Area,21-Jun,Vijayanagar,1.0,1.0,40.0,492.0,1.0
Built-up  Area,Ready To Move,Banashankari,1.0,0.0,27.0,600.0,2.0
Super built-up  Area,Ready To Move,Kalena Agrahara,3.0,2.0,89.0,1902.0,3.0
Plot  Area,18-May,Kothnur Narayanapura,6.0,2.0,125.0,1200.0,6.0
Super built-up  Area,18-Nov,Govindpura,3.0,1.0,77.89,1639.0,3.0
Super built-up  Area,Ready To Move,Kasavanhalli,2.0,3.0,67.0,1214.0,2.0
Built-up  Area,Ready To Move,Kadabagere,2.0,1.0,15.0,565.0,2.0
Plot  Area,Ready To Move,Basaveshwara Nagar,4.0,1.0,378.0,2520.0,5.0
Super built-up  Area,18-Dec,Harlur,2.0,2.0,85.0,1386.0,2.0
Super built-up  Area,Ready To Move,Bannerghatta Road,3.0,3.0,60.0,1535.0,3.0
Super built-up  Area,Ready To Move,Marathahalli,3.0,2.0,175.0,1720.0,3.0
Super built-up  Area,Ready To Move,7th Phase JP Nagar,2.0,2.0,54.79,1370.0,3.0
Built-up  Area,18-Mar,Bannerghatta Road,3.0,3.0,90.0,1655.0,3.0
Built-up  Area,Ready To Move,Vidyaranyapura,2.0,2.0,52.0,1200.0,2.0
Super built-up  Area,Ready To Move,Horamavu Banaswadi,3.0,3.0,68.0,1610.0,3.0
Plot  Area,Ready To Move,Ramamurthy Nagar,4.0,2.0,130.0,2200.0,4.0
Plot  Area,Ready To Move,TC Palaya,2.0,0.0,66.0,1200.0,3.0
Super built-up  Area,Ready To Move,Mahalakshmi Layout,2.0,1.0,80.0,1105.0,2.0
Plot  Area,Ready To Move,Banjara Layout,3.0,3.0,59.5,753.0,2.0
Super built-up  Area,Ready To Move,Whitefield,3.0,1.0,108.0,1655.0,3.0
Built-up  Area,Ready To Move,KR Garden,3.0,1.0,250.0,1700.0,3.0
Super built-up  Area,Ready To Move,Vishwapriya Layout,2.0,2.0,30.0,770.0,2.0
Super built-up  Area,18-May,Balagere,2.0,1.0,69.0,1210.0,2.0
Super built-up  Area,Ready To Move,Hormavu,2.0,2.0,37.15,965.0,2.0
Super built-up  Area,20-Dec,Kanakpura Road,1.0,1.0,41.0,700.0,2.0
Super built-up  Area,Ready To Move,Whitefield,3.0,2.0,95.0,1740.0,3.0
Built-up  Area,18-Dec,Electronic City Phase II,2.0,1.0,37.84,1310.0,3.0
Super built-up  Area,17-Oct,Sarjapur  Road,3.0,3.0,98.0,1763.25,3.0
Super built-up  Area,Ready To Move,Basaveshwara Nagar,3.0,3.0,150.0,1900.0,3.0
Plot  Area,Ready To Move,Kammanahalli,6.0,3.0,150.0,1000.0,6.0
Super built-up  Area,Ready To Move,JP Nagar,2.0,2.0,55.0,1450.0,3.0
Super built-up  Area,Ready To Move,CV Raman Nagar,3.0,2.0,148.0,1836.0,3.0
Super built-up  Area,Ready To Move,Hoodi Layout,2.0,2.0,75.0,1160.0,2.0
Super built-up  Area,Ready To Move,Hennur Road,2.0,1.0,43.0,1153.0,2.0
Super built-up  Area,Ready To Move,Marathahalli,2.0,2.0,55.0,1285.0,2.0
Super built-up  Area,Ready To Move,Rest House Road,3.0,2.0,400.0,2500.0,3.0
Super built-up  Area,Ready To Move,Haralur Road,2.0,2.0,47.0,1194.0,2.0
Super built-up  Area,Ready To Move,Kadubeesanahalli,2.0,1.0,105.0,1257.0,2.0
Plot  Area,Ready To Move,Whitefield,3.0,1.0,56.72,1200.0,3.0
Carpet  Area,19-Jun,Hormavu,1.0,0.0,28.275,583.0,1.0
Super built-up  Area,Ready To Move,Tumkur Road,2.0,1.0,79.0,1240.0,3.0
Super built-up  Area,Ready To Move,Basapura,2.0,2.0,52.0,1294.0,3.0
Super built-up  Area,Ready To Move,Nagondanahalli,2.0,1.0,45.0,1095.0,2.0
Super built-up  Area,Ready To Move,HSR Layout,2.0,2.0,46.0,1145.0,2.0
Super built-up  Area,Ready To Move,Sarjapur  Road,3.0,2.0,130.0,1826.0,3.0
Super built-up  Area,18-Jul,Electronics City Phase 1,2.0,2.0,60.0,1314.0,2.0
Super built-up  Area,Ready To Move,Koramangala,2.0,1.0,120.0,1900.0,3.0
Super built-up  Area,18-May,KEB Colony,2.0,2.0,36.84,1040.0,2.0
Super built-up  Area,Ready To Move,Jakkur,2.0,1.0,85.0,1290.0,2.0
Plot  Area,Ready To Move,Kodigehaali,4.0,0.0,130.0,1200.0,4.0
Super built-up  Area,Ready To Move,Gollahalli,2.0,1.0,47.0,1325.0,3.0
Super built-up  Area,19-Oct,Hebbal,3.0,2.0,195.0,2600.0,3.0
Super built-up  Area,Ready To Move,Hormavu,2.0,1.0,44.0,1129.0,2.0
Super built-up  Area,20-Jan,Balagere,1.0,0.0,42.295,790.5,1.0
Built-up  Area,Ready To Move,Hebbal,2.0,0.0,52.0,1075.0,2.0
Super built-up  Area,Ready To Move,Green View Layout,2.0,1.0,48.0,1108.0,2.0
Built-up  Area,Ready To Move,Ananth Nagar,2.0,1.0,25.5,810.0,2.0
Super built-up  Area,Ready To Move,Gopalkrishna Nagar,2.0,1.0,65.0,1155.0,2.0
Super built-up  Area,Ready To Move,Rajaji Nagar,6.0,3.0,260.0,3900.0,6.0
Super built-up  Area,Ready To Move,Rajaji Nagar,3.0,3.0,375.0,2367.0,3.0
Super built-up  Area,Ready To Move,Sarjapur  Road,2.0,2.0,98.0,1550.0,3.0
Super built-up  Area,Ready To Move,Babusapalaya,2.0,2.0,38.0,1100.0,2.0
Super built-up  Area,Ready To Move,Kanakpura Road,3.0,3.0,54.2,1452.0,3.0
Super built-up  Area,Ready To Move,Kothanur,2.0,2.0,54.0,1141.0,2.0
Super built-up  Area,Ready To Move,HOSUR RMAIN ROAD,3.0,2.0,56.0,1464.0,3.0
Super built-up  Area,Ready To Move,Hanumanth Nagar,3.0,3.0,67.49,1500.0,3.0
Super built-up  Area,Ready To Move,Anekal,1.0,1.0,15.0,456.0,1.0
Plot  Area,Ready To Move,Ramamurthy Nagar,4.0,1.0,125.0,1200.0,4.0
Super built-up  Area,Ready To Move,Thigalarapalya,6.0,2.0,245.0,3122.0,4.0
Built-up  Area,Ready To Move,Horamavu Agara,2.0,2.0,37.49,760.0,2.0
Plot  Area,Ready To Move,Koramangala,6.0,0.0,480.0,2400.0,6.0
Built-up  Area,Ready To Move,Electronic City,2.0,2.0,32.0,800.0,2.0
Super built-up  Area,Ready To Move,Choodasandra,2.0,1.0,71.22,1180.0,2.0
Carpet  Area,Ready To Move,Kaggadasapura,2.0,2.0,29.5,775.0,2.0
Super built-up  Area,Ready To Move,Sarjapur  Road,2.0,2.0,49.5,1145.0,2.0
Super built-up  Area,Ready To Move,Konappana Agrahara,2.0,1.0,42.5,1060.0,2.0
Super built-up  Area,Ready To Move,Cooke Town,5.0,2.0,415.0,3900.0,4.0
Super built-up  Area,19-Sep,Yelahanka New Town,2.0,1.0,75.0,1420.0,3.0
Super built-up  Area,Ready To Move,Bhoganhalli,4.0,3.0,190.0,2439.0,4.0
Plot  Area,Ready To Move,1st Phase JP Nagar,4.0,2.0,300.0,1200.0,4.0
Super built-up  Area,19-Dec,Hoodi,2.0,1.0,49.43,1111.0,2.0
Built-up  Area,Ready To Move,Jeevan bima nagar,2.0,2.0,125.0,984.0,2.0
Super built-up  Area,Ready To Move,Begur Road,2.0,2.0,42.0,1200.0,2.0
Super built-up  Area,18-Oct,Bannerghatta Road,2.0,1.0,47.39,1247.0,2.0
Super built-up  Area,Ready To Move,7th Phase JP Nagar,2.0,1.0,77.47,1050.0,2.0
Super built-up  Area,Ready To Move,Devanahalli,3.0,1.0,85.0,1550.0,3.0
Super built-up  Area,Ready To Move,7th Phase JP Nagar,2.0,1.0,80.0,1270.0,2.0
Super built-up  Area,18-Apr,Balagere,2.0,1.0,65.0,1012.0,2.0
Super built-up  Area,Ready To Move,Electronic City,2.0,2.0,34.0,970.0,2.0
Super built-up  Area,18-Feb,Thanisandra,2.0,1.0,55.0,933.0,2.0
Plot  Area,18-Aug,Sarjapur,3.0,2.0,76.13,1200.0,3.0
Super built-up  Area,Ready To Move,Dodda Nekkundi Extension,2.0,2.0,69.0,1148.0,2.0
Super built-up  Area,Ready To Move,7th Phase JP Nagar,2.0,1.0,61.45,1463.0,3.0
Super built-up  Area,Ready To Move,Jakkur Plantation,3.0,2.0,110.0,1719.0,3.0
Super built-up  Area,19-Dec,Whitefield,2.0,1.0,88.0,1350.0,2.0
Built-up  Area,Ready To Move,Kaggadasapura,2.0,2.0,47.0,1250.0,3.0
Built-up  Area,Ready To Move,1st Block Jayanagar,3.0,2.0,50.0,1700.0,8.0
Plot  Area,Ready To Move,Mahalakshmi Layout,7.0,2.0,821.0,4320.0,9.0
Built-up  Area,Ready To Move,Lakshminarayana Pura,2.0,1.0,75.0,1200.0,2.0
Built-up  Area,Ready To Move,Whitefield,2.0,2.0,44.0,1030.0,2.0
Super built-up  Area,Ready To Move,Rajasree Layout,3.0,3.0,70.0,1420.0,3.0
Plot  Area,Ready To Move,Ramagondanahalli,6.0,1.0,1800.0,9600.0,5.0
Super built-up  Area,19-Jul,Kanakpura Road,3.0,2.0,126.0,1703.0,3.0
Super built-up  Area,Ready To Move,Old Madras Road,2.0,1.0,80.0,1210.0,2.0
Super built-up  Area,Ready To Move,Horamavu Banaswadi,2.0,1.0,50.0,1210.0,2.0
Plot  Area,18-Aug,Veer Sandra,4.0,3.0,264.0,3000.0,4.0
Super built-up  Area,Ready To Move,Chikkadunnasandra,3.0,0.0,51.0,1398.0,3.0
Super built-up  Area,Ready To Move,Nagavarapalya,2.0,3.0,110.0,1335.0,2.0
Super built-up  Area,Ready To Move,Hennur,2.0,1.0,52.32,1255.0,2.0
Plot  Area,Ready To Move,Mysore Road,4.0,2.0,85.0,540.0,4.0
Super built-up  Area,18-Apr,Babusapalaya,2.0,1.0,36.37,1213.0,3.0
Super built-up  Area,Ready To Move,Raja Rajeshwari Nagar,2.0,2.0,42.04,1240.0,2.0
Super built-up  Area,Ready To Move,Yelahanka,2.0,1.0,78.0,1076.0,2.0
Built-up  Area,Ready To Move,3rd Block Hrbr Layout,2.0,3.0,90.0,1320.0,2.0
Super built-up  Area,19-Mar,Whitefield,2.0,1.0,80.0,1216.0,2.0
Super built-up  Area,Ready To Move,Thanisandra,2.0,2.0,42.0,1100.0,2.0
Super built-up  Area,19-Mar,Thanisandra,2.0,1.0,77.3,1183.0,2.0
Super built-up  Area,20-Jan,Balagere,1.0,1.0,38.77,656.0,1.0
Super built-up  Area,19-Dec,Sarjapur  Road,1.0,1.0,19.65,534.0,1.0
Super built-up  Area,Ready To Move,Shikaripalya,2.0,2.0,45.0,1285.0,3.0
Super built-up  Area,Ready To Move,Hegde Nagar,4.0,2.0,135.0,2087.01,3.0
Built-up  Area,18-Dec,"Off Sarjapur Road, ",2.0,1.0,59.0,1161.0,2.0
Built-up  Area,Ready To Move,Begur,2.0,3.0,65.0,1306.0,2.0
Super built-up  Area,22-May,Jakkur,4.0,2.0,245.0,2249.81,4.0
Built-up  Area,Ready To Move,Tata Nagar,3.0,2.0,67.0,1504.0,3.0
Super built-up  Area,18-May,Balagere,1.0,1.0,39.0,645.0,1.0
Plot  Area,Ready To Move,Esther Enclave Layout,2.0,0.0,68.0,1230.0,2.0
Built-up  Area,Ready To Move,Hebbal,2.0,2.0,42.0,1100.0,2.0
Super built-up  Area,Ready To Move,Yelahanka,1.0,0.0,14.0,1000.0,1.0
Super built-up  Area,18-Jun,Sadaramangala,2.0,1.0,62.0,1260.0,2.0
Built-up  Area,Ready To Move,Ambalipura,3.0,3.0,102.0,1817.0,3.0
Super built-up  Area,19-Jan,Kodihalli,5.0,3.0,785.0,3626.0,4.0
Super built-up  Area,18-Apr,Basavangudi,2.0,3.0,124.0,1180.0,2.0
Built-up  Area,Ready To Move,KR Puram,2.0,2.0,55.0,1050.0,2.0
Plot  Area,Ready To Move,Whitefield,4.0,3.0,225.0,2900.0,4.0
Built-up  Area,Ready To Move,Kasavanhalli,4.0,3.0,120.0,2110.0,3.0
Built-up  Area,Ready To Move,Mysore Road,1.0,1.0,17.5,500.0,1.0
Super built-up  Area,Ready To Move,Murugeshpalya,3.0,3.0,75.0,1930.0,3.0
Plot  Area,Ready To Move,Harappanahalli,5.0,2.0,430.0,4560.0,4.0
Super built-up  Area,Ready To Move,Mahadevpura,3.0,2.0,64.0,1505.0,3.0
Plot  Area,Ready To Move,Jayamahal,3.0,1.0,750.0,2400.0,4.0
Super built-up  Area,Ready To Move,Ananth Nagar,2.0,1.0,27.0,890.0,2.0
Plot  Area,19-Jan,Anekal,1.0,1.0,36.0,1200.0,2.0
Super built-up  Area,18-Dec,Gunjur Palya,2.0,2.0,25.4,849.0,2.0
Plot  Area,Ready To Move,Chikka Tirupathi,3.0,1.0,100.0,1555.0,3.0
Plot  Area,Ready To Move,8th block Koramangala,2.0,1.0,85.0,600.0,3.0
Carpet  Area,Ready To Move,KR Puram,2.0,2.0,30.0,1057.0,2.0
Super built-up  Area,Ready To Move,7th Phase JP Nagar,3.0,2.0,122.0,1680.0,3.0
Built-up  Area,Ready To Move,Samethanahalli,2.0,1.0,35.0,799.0,2.0
Built-up  Area,Ready To Move,Sarjapur  Road,2.0,1.0,75.0,1450.0,3.0
Super built-up  Area,18-Dec,Sarjapur  Road,3.0,2.0,100.0,1819.0,3.0
Super built-up  Area,Ready To Move,Kanakpura Road,2.0,1.0,56.74,1135.0,2.0
Super built-up  Area,Ready To Move,HSR Layout,3.0,2.0,160.0,2020.0,3.0
Super built-up  Area,Ready To Move,Vinayaka Layout,4.0,2.0,170.0,2700.0,5.0
Super built-up  Area,18-Jan,Hosa Road,3.0,2.0,72.6,1730.0,3.0
Built-up  Area,Ready To Move,Dasarahalli,3.0,2.0,125.0,1950.0,3.0
Super built-up  Area,Ready To Move,Thirumalashettyhally,2.0,1.0,34.46,1077.0,2.0
Super built-up  Area,Ready To Move,Brookefield,3.0,2.0,115.0,1706.0,3.0
Built-up  Area,Ready To Move,New Gurappana Palya,4.0,0.0,300.0,3000.0,5.0
Super built-up  Area,Ready To Move,Channasandra,2.0,1.0,37.0,1093.0,2.0
Super built-up  Area,Ready To Move,Ambalipura,4.0,2.0,142.0,2750.0,4.0
Super built-up  Area,18-Feb,Whitefield,2.0,1.0,101.0,1340.0,2.0
Super built-up  Area,18-Nov,Sarjapur  Road,2.0,1.0,59.0,984.0,2.0
Super built-up  Area,Ready To Move,AECS Layout,2.0,2.0,68.0,1135.0,2.0
Plot  Area,18-Dec,Bannerghatta Road,4.0,1.0,344.0,2400.0,4.0
Super built-up  Area,Ready To Move,Varthur,2.0,2.0,39.0,1155.0,2.0
Super built-up  Area,Ready To Move,Kaggalipura,1.0,0.0,35.0,700.0,1.0
Super built-up  Area,Ready To Move,Horamavu Agara,2.0,1.0,42.0,1150.0,2.0
Super built-up  Area,Ready To Move,Hormavu,2.0,1.0,69.25,1385.0,3.0
Super built-up  Area,Ready To Move,Akshaya Nagar,4.0,2.0,175.0,2061.0,3.0
Super built-up  Area,Ready To Move,Kathriguppe,2.0,3.0,73.43,1335.0,3.0
Super built-up  Area,Ready To Move,Bellandur,2.0,1.0,60.0,1015.0,2.0
Built-up  Area,Ready To Move,Banashankari Stage III,6.0,2.0,150.0,3000.0,6.0
Super built-up  Area,Ready To Move,Electronic City,2.0,1.0,63.0,1108.0,2.0
Super built-up  Area,Ready To Move,Frazer Town,2.0,1.0,105.0,1180.0,2.0
Super built-up  Area,18-Sep,Hennur Road,2.0,1.0,83.0,1445.0,3.0
Super built-up  Area,Ready To Move,Vasanthapura,2.0,2.0,65.0,1500.0,2.0
Plot  Area,Ready To Move,Ramamurthy Nagar,1.0,1.0,48.0,2400.0,1.0
Super built-up  Area,18-Jun,KR Puram,2.0,1.0,46.5,1085.0,2.0
Super built-up  Area,Ready To Move,Rachenahalli,2.0,2.0,52.08,1050.0,2.0
Plot  Area,Ready To Move,Kadugodi,4.0,2.0,290.0,2760.0,4.0
Built-up  Area,Ready To Move,Sarjapura - Attibele Road,2.0,1.0,49.0,1330.0,3.0
Plot  Area,18-May,Ramagondanahalli,2.0,1.0,45.82,845.0,2.0
Super built-up  Area,18-Mar,Kadugodi,3.0,3.0,112.0,1762.0,3.0
Super built-up  Area,Ready To Move,Ambalipura,2.0,2.0,80.0,1303.0,2.0
Super built-up  Area,Ready To Move,Banagiri Nagar,2.0,2.0,125.0,1560.0,3.0
Super built-up  Area,19-Jan,Chandapura,2.0,2.0,29.97,1110.0,3.0
Super built-up  Area,18-May,Doddabanahalli,3.0,2.0,45.33,1290.0,3.0
Super built-up  Area,Ready To Move,Bannerghatta Road,2.0,0.0,49.49,1237.5,2.0
Super built-up  Area,18-Mar,9th Phase JP Nagar,3.0,2.0,88.0,1780.0,3.0
Super built-up  Area,Ready To Move,Budigere,3.0,2.0,83.0,1636.0,3.0
Built-up  Area,18-May,Hennur,2.0,2.0,170.0,2557.0,4.0
Built-up  Area,Ready To Move,Sector 2 HSR Layout,2.0,2.0,101.0,1332.0,2.0
Super built-up  Area,Ready To Move,Sadashiva Nagar,5.0,2.0,1500.0,7500.0,5.0
Built-up  Area,Ready To Move,Kodbisanhalli,2.0,2.0,59.0,1012.0,2.0
Super built-up  Area,Ready To Move,Kengeri,2.0,2.0,53.5,1192.0,2.0
Super built-up  Area,Ready To Move,Abbigere,2.0,1.0,32.54,795.0,2.0
Super built-up  Area,Ready To Move,Uttarahalli,2.0,2.0,48.0,1213.0,2.0
Super built-up  Area,Ready To Move,Sarjapur  Road,3.0,2.0,88.0,1489.0,3.0
Super built-up  Area,Ready To Move,Sarjapur,2.0,2.0,62.0,1200.0,2.0
Super built-up  Area,18-Jul,Electronic City Phase II,2.0,2.0,28.5,1140.0,2.0
Super built-up  Area,18-Apr,Devanahalli,2.0,1.0,55.08,1200.0,3.0
Super built-up  Area,18-Aug,Ananth Nagar,2.0,1.0,36.0,1200.0,2.0
Plot  Area,Ready To Move,Vidyaranyapura,6.0,1.0,225.0,2640.0,5.0
Super built-up  Area,Ready To Move,Bannerghatta Road,3.0,1.0,94.0,1650.0,3.0
Plot  Area,Ready To Move,Bharathnagar,2.0,1.0,120.0,1245.0,2.0
Super built-up  Area,Ready To Move,Ardendale,2.0,2.0,67.0,1224.0,2.0
Super built-up  Area,18-Aug,Gunjur,2.0,2.0,52.76,1235.0,2.0
Super built-up  Area,Ready To Move,Yelenahalli,2.0,2.0,45.6,1200.0,2.0
Built-up  Area,Ready To Move,Yelahanka,2.0,2.0,75.0,1342.0,3.0
Plot  Area,Ready To Move,9th Phase JP Nagar,3.0,2.0,79.0,600.0,3.0
Built-up  Area,Ready To Move,TC Palaya,2.0,2.0,80.0,1800.0,2.0
Plot  Area,Ready To Move,HAL 2nd Stage,4.0,2.0,615.0,2280.0,4.0
Plot  Area,Ready To Move,Rajaji Nagar,2.0,0.0,415.0,2440.0,4.0
Super built-up  Area,Ready To Move,Abbigere,2.0,1.0,46.33,1130.0,2.0
Built-up  Area,Ready To Move,Somasundara Palya,2.0,3.0,72.0,1186.0,2.0
Super built-up  Area,Ready To Move,Hennur,2.0,1.0,64.0,1295.0,2.0
Super built-up  Area,Ready To Move,Kudlu Gate,3.0,2.0,85.0,1535.0,3.0
Super built-up  Area,Ready To Move,Bannerghatta Road,2.0,1.0,65.0,905.0,2.0
Super built-up  Area,18-Jul,Bhoganhalli,2.0,1.0,75.97,1447.0,2.0
Super built-up  Area,Ready To Move,Hormavu,2.0,1.0,40.0,1165.0,2.0
Super built-up  Area,19-Jul,Kanakpura Road,2.0,2.0,107.0,1328.0,2.0
Super built-up  Area,Ready To Move,Gandhi Bazar,2.0,3.0,110.0,1485.0,3.0
Super built-up  Area,Ready To Move,Uttarahalli,2.0,3.0,59.0,1475.0,3.0
Super built-up  Area,Ready To Move,Vidyaranyapura,2.0,2.0,35.0,1175.0,2.0
Super built-up  Area,Ready To Move,Thigalarapalya,2.0,2.0,100.0,1245.0,2.0
Plot  Area,Ready To Move,Vishwanatha Nagenahalli,4.0,1.0,95.0,720.0,4.0
Super built-up  Area,20-Nov,Rachenahalli,2.0,1.0,49.97,985.0,2.0
Plot  Area,Ready To Move,Koramangala,5.0,0.0,800.0,4000.0,5.0
Super built-up  Area,Ready To Move,Hoskote,2.0,2.0,63.0,1395.0,3.0
Super built-up  Area,21-Dec,Hoodi,1.0,0.0,42.65,711.0,1.0
Super built-up  Area,18-Apr,Electronic City,1.0,1.0,40.5,630.0,1.0
Super built-up  Area,Ready To Move,MS Pallya,4.0,1.0,88.0,2400.0,4.0
Super built-up  Area,Ready To Move,Gottigere,2.0,2.0,40.0,1170.0,2.0
Super built-up  Area,Ready To Move,Marathahalli,5.0,2.0,181.0,2500.0,4.0
Super built-up  Area,Ready To Move,Gubbalala,2.0,2.0,49.5,1100.0,2.0
Super built-up  Area,18-Mar,Hulimavu,5.0,3.0,318.0,3560.0,4.0
Plot  Area,Ready To Move,Margondanahalli,2.0,0.0,55.0,900.0,2.0
Built-up  Area,18-Dec,Bommasandra Industrial Area,2.0,1.0,33.51,1160.0,2.0
Super built-up  Area,18-Jan,Varthur,2.0,2.0,55.0,1180.0,2.0
Super built-up  Area,21-Jan,Tumkur Road,2.0,1.0,95.0,1441.0,3.0
Super built-up  Area,Ready To Move,Channasandra Layout,2.0,1.0,50.0,1115.0,2.0
Super built-up  Area,Ready To Move,Yeshwanthpur,3.0,2.0,145.0,1825.0,3.0
Carpet  Area,Ready To Move,Challaghatta,2.0,0.0,101.0,1489.0,2.0
Super built-up  Area,Ready To Move,Defence Colony,4.0,3.0,365.0,2800.0,4.0
Super built-up  Area,Ready To Move,Subramanyapura,3.0,2.0,62.71,1278.0,3.0
Super built-up  Area,Ready To Move,Subramanyapura,2.0,2.0,42.81,1223.0,3.0
Super built-up  Area,Ready To Move,Hormavu,2.0,1.0,50.92,1065.0,2.0
Super built-up  Area,Ready To Move,Whitefield,2.0,1.0,64.0,1190.0,2.0
Super built-up  Area,22-Jun,Koramangala,2.0,2.0,63.0,1130.0,2.0
Super built-up  Area,18-Apr,Banashankari,2.0,2.0,87.8,1430.0,2.0
Built-up  Area,Ready To Move,HRBR Layout,3.0,1.0,90.0,1900.0,4.0
Super built-up  Area,Ready To Move,Sarjapur  Road,2.0,1.0,34.22,1104.0,2.0
Super built-up  Area,Ready To Move,Begur Road,2.0,2.0,45.88,1240.0,2.0
Built-up  Area,Ready To Move,Choodasandra,2.0,2.0,62.0,1140.0,2.0
Super built-up  Area,Ready To Move,Haralur Road,2.0,2.0,47.0,1194.0,2.0
Super built-up  Area,Ready To Move,KUDLU MAIN ROAD,3.0,2.0,56.0,1464.0,3.0
Super built-up  Area,Ready To Move,Sarjapur,6.0,2.0,425.0,3508.0,4.0
Super built-up  Area,Ready To Move,KR Puram,3.0,3.0,105.0,1700.0,3.0
Super built-up  Area,18-Dec,Old Airport Road,5.0,3.0,189.0,2658.0,4.0
Super built-up  Area,Ready To Move,Canara Bank Colony,2.0,1.0,90.0,1600.0,3.0
Super built-up  Area,Ready To Move,OMBR Layout,4.0,2.0,275.0,3400.0,4.0
Super built-up  Area,18-Apr,Reliaable Tranquil Layout,3.0,1.0,75.0,1508.0,3.0
Built-up  Area,18-Jan,Balagere,1.0,1.0,41.0,645.0,1.0
Super built-up  Area,Ready To Move,Hormavu,2.0,1.0,60.0,1046.0,2.0
Plot  Area,Ready To Move,Munnekollal,8.0,3.0,230.0,1200.0,10.0
Built-up  Area,Ready To Move,5th Block Jayanagar,1.0,1.0,300.0,1500.0,1.0
Built-up  Area,Ready To Move,Mahalakshmi Puram,6.0,3.0,300.0,3000.0,6.0
Super built-up  Area,18-May,Hosa Road,2.0,1.0,32.37,1079.0,2.0
Super built-up  Area,Ready To Move,Thubarahalli,2.0,1.0,50.0,975.0,2.0
Built-up  Area,Ready To Move,ISRO Layout,2.0,1.0,51.0,1050.0,2.0
Plot  Area,Ready To Move,HSR Layout,9.0,0.0,350.0,1200.0,9.0
Super built-up  Area,Ready To Move,"Jayanagar, ",3.0,2.0,165.0,1903.0,3.0
Built-up  Area,Ready To Move,Bommenahalli,3.0,1.0,232.0,26460.0,3.0
Super built-up  Area,Ready To Move,Asthagrama Layout,2.0,2.0,38.0,1200.0,2.0
Super built-up  Area,Ready To Move,Avalahalli,4.0,3.0,200.0,2996.0,4.0
Built-up  Area,Ready To Move,Manayata Tech Park,4.0,2.0,200.0,3400.0,4.0
Plot  Area,Ready To Move,Whitefield,4.0,1.0,312.0,2000.0,4.0
Plot  Area,Ready To Move,Jigani,4.0,1.0,160.0,1453.0,4.0
Super built-up  Area,Ready To Move,Parappana Agrahara,2.0,2.0,43.0,1092.0,2.0
Super built-up  Area,Ready To Move,Hormavu,2.0,0.0,75.0,1400.0,2.0
Super built-up  Area,Ready To Move,Bommanahalli,2.0,1.0,85.0,1416.0,3.0
Built-up  Area,Ready To Move,ITI Layout,2.0,1.0,75.0,1602.0,3.0
Super built-up  Area,Ready To Move,Electronic City,2.0,1.0,41.0,1100.0,2.0
Super built-up  Area,Ready To Move,Kothanur,3.0,2.0,110.0,1760.0,3.0
Super built-up  Area,Ready To Move,Marathahalli,4.0,3.0,235.0,3800.0,4.0
Super built-up  Area,Ready To Move,Vasanthapura,2.0,1.0,36.28,1037.0,2.0
Super built-up  Area,Ready To Move,Yeshwanthpur,2.0,2.0,76.18,1384.0,3.0
Super built-up  Area,22-Jan,Vajarahalli,1.0,1.0,30.0,551.0,1.0
Plot  Area,Ready To Move,Indira Nagar,5.0,2.0,1250.0,2400.0,4.0
Plot  Area,Ready To Move,7th Phase JP Nagar,1.0,0.0,70.0,500.0,1.0
Super built-up  Area,18-Apr,Sarjapur,2.0,2.0,27.98,900.0,2.0
Plot  Area,Ready To Move,Anandapura,2.0,1.0,74.0,1415.0,3.0
Super built-up  Area,18-Mar,Rajarajesheari nagar,2.0,1.0,44.8,1400.0,2.0
Plot  Area,Ready To Move,Devara Jeevanahalli,4.0,1.0,52.0,1300.0,7.0
Built-up  Area,Ready To Move,Millers Road,4.0,3.0,460.0,2850.0,3.0
Built-up  Area,Ready To Move,Kudlu,2.0,2.0,75.0,1030.0,2.0
Built-up  Area,Ready To Move,Kambipura,2.0,1.0,39.0,883.0,2.0
Super built-up  Area,Ready To Move,Celebrity Paradise Layout,1.0,1.0,16.0,550.0,1.0
Super built-up  Area,Ready To Move,Anjanapura,4.0,2.0,55.0,1800.0,4.0
Plot  Area,Ready To Move,Yemlur,5.0,2.0,1950.0,10000.0,5.0
Super built-up  Area,Ready To Move,Old Madras Road,2.0,1.0,77.0,1210.0,2.0
Plot  Area,Ready To Move,Vishveshwarya Layout,3.0,0.0,90.0,2000.0,4.0
Super built-up  Area,21-Oct,Kanakpura Road,3.0,1.0,58.0,1100.0,3.0
Super built-up  Area,Ready To Move,Lavakusha Nagar,3.0,1.0,100.0,1780.0,3.0
Plot  Area,Ready To Move,2nd Block Hbr Layout,5.0,2.0,55.0,950.0,5.0
Built-up  Area,Ready To Move,Panathur,2.0,2.0,60.0,1050.0,2.0
Super built-up  Area,Ready To Move,Hosur Road,3.0,3.0,38.36,1370.0,3.0
Super built-up  Area,Ready To Move,Marathahalli,4.0,3.0,230.0,3951.0,4.0
Super built-up  Area,Ready To Move,Bellandur,4.0,2.0,112.0,2500.0,3.0
Built-up  Area,Ready To Move,Sri Venkateshpura Layout,2.0,1.0,49.5,1050.0,2.0
Super built-up  Area,Ready To Move,Anjanapura,3.0,1.0,87.54,1843.0,3.0
Plot  Area,Ready To Move,3rd Block Banashankari,4.0,1.0,175.0,1200.0,4.0
Super built-up  Area,Ready To Move,Somasundara Palya,2.0,1.0,76.0,1186.0,2.0
Super built-up  Area,18-Aug,Haralur Road,1.0,1.0,45.0,560.0,1.0
Super built-up  Area,Ready To Move,Narayanapura,3.0,2.0,135.0,2357.0,3.0
Plot  Area,Ready To Move,Mahalakshmi Layout,3.0,1.0,160.0,1200.0,4.0
Super built-up  Area,20-Jan,Yelahanka,3.0,2.0,103.0,1823.0,3.0
Built-up  Area,Ready To Move,Rajasree Layout,3.0,3.0,90.0,1310.0,3.0
Super built-up  Area,Ready To Move,Varthur,2.0,2.0,60.0,1520.0,3.0
Super built-up  Area,18-Jul,Bhoganhalli,3.0,1.0,74.03,1610.0,3.0
Plot  Area,18-Aug,Whitefield,3.0,1.0,78.57,1500.0,3.0
Super built-up  Area,Ready To Move,LB Shastri Nagar,2.0,2.0,80.0,1400.0,3.0
Super built-up  Area,Ready To Move,HRBR Layout,3.0,2.0,120.0,1625.0,3.0
Plot  Area,Ready To Move,Chikkalasandra,5.0,3.0,265.0,1500.0,5.0
Built-up  Area,Ready To Move,Hessarghatta,2.0,1.0,24.0,900.0,2.0
Built-up  Area,Ready To Move,Talaghattapura,2.0,0.0,32.0,1100.0,2.0
Super built-up  Area,Ready To Move,Bannerghatta Road,2.0,1.0,50.0,1000.0,2.0
Super built-up  Area,18-Dec,Old Airport Road,4.0,3.0,197.0,2774.0,4.0
Super built-up  Area,Ready To Move,Yeshwanthpur,2.0,0.0,54.67,994.0,1.0
Super built-up  Area,Ready To Move,Kaggadasapura,3.0,3.0,75.0,1455.0,3.0
Plot  Area,Ready To Move,Chandapura,3.0,1.0,79.0,1200.0,5.0
Built-up  Area,Ready To Move,Lakshminarayana Pura,2.0,1.0,75.0,1172.0,2.0
Super built-up  Area,Ready To Move,Hennur,3.0,2.0,102.0,1935.0,3.0
Super built-up  Area,Ready To Move,Rachenahalli,3.0,3.0,106.0,1856.0,3.0
Super built-up  Area,Ready To Move,Old Airport Road,3.0,2.0,249.0,2392.0,3.0
Super built-up  Area,Ready To Move,Uttarahalli,2.0,2.0,35.0,900.0,2.0
Built-up  Area,Ready To Move,Raja Rajeshwari Nagar,3.0,3.0,98.0,1757.0,3.0
Super built-up  Area,Ready To Move,Kudlu,2.0,2.0,44.0,1027.0,2.0
Super built-up  Area,Ready To Move,Whitefield,3.0,3.0,85.0,1626.0,3.0
Super built-up  Area,Ready To Move,Dr Shivarama Karantha Nagar,2.0,1.0,54.0,1200.0,2.0
Super built-up  Area,19-Dec,Hoodi,3.0,1.0,81.55,1559.0,3.0
Super built-up  Area,Ready To Move,Amruthahalli,2.0,2.0,50.0,1190.0,2.0
Super built-up  Area,Ready To Move,KR Puram,2.0,1.0,72.0,1200.0,2.0
Super built-up  Area,Ready To Move,Harlur,2.0,1.0,74.0,1174.0,2.0
Built-up  Area,Ready To Move,Kanakpura Road,2.0,1.0,65.0,1140.0,2.0
Built-up  Area,Ready To Move,Vibuthipura,2.0,0.0,125.0,1603.0,3.0
Super built-up  Area,Ready To Move,Subramanyapura,3.0,2.0,70.0,1278.0,3.0
Super built-up  Area,Ready To Move,Krishna Reddy Layout,3.0,2.0,285.0,2180.0,3.0
Super built-up  Area,Ready To Move,Banashankari Stage III,2.0,1.0,50.0,1085.0,2.0
Super built-up  Area,19-Jun,Whitefield,2.0,1.0,61.36,1195.0,2.0
Plot  Area,Ready To Move,Kamakshipalya,1.0,0.0,30.0,450.0,1.0
Super built-up  Area,19-Jan,Rajaji Nagar,5.0,2.0,1400.0,6500.0,4.0
Super built-up  Area,Ready To Move,Attibele,1.0,1.0,11.5,550.0,1.0
Super built-up  Area,Ready To Move,Kenchenahalli,2.0,2.0,45.0,1165.0,2.0
Super built-up  Area,Ready To Move,1st Stage Indira Nagar,4.0,2.0,301.0,3000.0,4.0
Super built-up  Area,Ready To Move,Kanakpura Road,3.0,3.0,60.0,1452.0,3.0
Super built-up  Area,18-Jan,Sarjapur  Road,1.0,1.0,52.0,702.0,1.0
Super built-up  Area,Ready To Move,Banashankari,2.0,1.0,42.83,1020.0,2.0
Super built-up  Area,18-May,Devanahalli,2.0,1.0,65.0,1340.0,2.0
Super built-up  Area,18-Apr,Marathahalli,2.0,1.0,54.8,1125.0,2.0
Super built-up  Area,Ready To Move,JCR Layout,2.0,1.0,40.53,1160.0,2.0
Built-up  Area,Ready To Move,Vidyaranyapura,2.0,1.0,50.0,1050.0,2.0
Super built-up  Area,19-Dec,JP Nagar,3.0,1.0,138.0,1960.0,3.0
Built-up  Area,Ready To Move,Ganga Nagar,3.0,2.0,52.0,1200.0,2.0
Plot  Area,Ready To Move,Judicial Layout,4.0,1.0,220.0,1200.0,3.0
Super built-up  Area,18-Dec,Old Airport Road,4.0,2.0,262.0,3496.0,4.0
Super built-up  Area,Ready To Move,Electronic City,2.0,1.0,32.0,975.0,2.0
Super built-up  Area,Ready To Move,Kudlu,3.0,3.0,125.0,1700.0,3.0
Built-up  Area,Ready To Move,8th Phase JP Nagar,4.0,0.0,230.0,1800.0,4.0
Plot  Area,Ready To Move,Madavara,3.0,0.0,47.0,612.0,4.0
Built-up  Area,Ready To Move,Brooke Bond First Cross,2.0,3.0,69.0,1275.0,2.0
Built-up  Area,Ready To Move,Yeshwanthpur,1.0,0.0,40.0,650.0,1.0
Super built-up  Area,Ready To Move,Kasavanhalli,2.0,2.0,110.0,1495.0,2.0
Super built-up  Area,Ready To Move,Hebbal,2.0,2.0,48.0,1200.0,2.0
Plot  Area,Ready To Move,Sarjapura - Attibele Road,6.0,2.0,295.0,3750.0,5.0
Super built-up  Area,19-Mar,Hennur Road,3.0,2.0,94.86,1679.0,3.0
Super built-up  Area,Ready To Move,Kaval Byrasandra,3.0,2.0,75.0,1450.0,3.0
Super built-up  Area,18-Nov,Balagere,2.0,1.0,82.0,1210.0,2.0
Super built-up  Area,18-May,Dwaraka Nagar,2.0,1.0,51.0,1300.0,3.0
Super built-up  Area,Ready To Move,Judicial Layout,2.0,1.0,49.61,1165.0,2.0
Super built-up  Area,Ready To Move,Keshava Nagar,3.0,3.0,155.0,1623.0,3.0
Super built-up  Area,Ready To Move,Channasandra,2.0,1.0,35.8,1115.0,2.0
Super built-up  Area,Ready To Move,BTM Layout,1.0,1.0,20.0,450.0,1.0
Super built-up  Area,18-Apr,Electronics City Phase 1,2.0,1.0,62.0,1170.0,2.0
Built-up  Area,Ready To Move,KR Puram,4.0,0.0,248.0,2065.0,4.0
Built-up  Area,Ready To Move,Marathahalli,3.0,2.0,126.0,1700.0,3.0
Plot  Area,Ready To Move,Uttarahalli,5.0,2.0,160.0,1080.0,6.0
Super built-up  Area,Ready To Move,Malleshpalya,2.0,1.0,55.0,1245.0,2.0
Built-up  Area,19-Dec,Kanakapura,2.0,1.0,66.0,1017.0,2.0
Plot  Area,Ready To Move,7th Phase JP Nagar,6.0,2.0,80.0,650.0,6.0
Super built-up  Area,18-Mar,Sarjapur  Road,2.0,1.0,75.0,1242.0,2.0
Super built-up  Area,18-Mar,Yelahanka,3.0,1.0,104.0,1792.0,3.0
Super built-up  Area,18-Aug,Garebhavipalya,3.0,2.0,55.0,1275.0,3.0
Plot  Area,Ready To Move,8th Phase JP Nagar,6.0,1.0,260.0,1200.0,6.0
Plot  Area,Ready To Move,7th Block Jayanagar,3.0,0.0,408.0,2400.0,3.0
Super built-up  Area,Ready To Move,Electronic City,1.0,1.0,22.0,605.0,1.0
Plot  Area,Ready To Move,HBR Layout,4.0,2.0,115.0,1200.0,4.0
Super built-up  Area,18-Dec,Electronics City Phase 1,3.0,2.0,79.0,1450.0,3.0
Plot  Area,Ready To Move,Bommenahalli,3.0,1.0,96.0,1232.0,3.0
Plot  Area,Ready To Move,Laggere,5.0,0.0,70.0,1800.0,5.0
Built-up  Area,Ready To Move,Sidedahalli,1.0,1.0,52.3,900.0,1.0
Super built-up  Area,Ready To Move,Kaggadasapura,2.0,2.0,40.0,1200.0,2.0
Super built-up  Area,Ready To Move,Kadugodi,3.0,2.0,204.0,2100.0,4.0
Super built-up  Area,18-Aug,Uttarahalli,2.0,1.0,42.6,1065.0,2.0
Super built-up  Area,Ready To Move,AGS Layout,2.0,1.0,48.38,1075.0,2.0
Plot  Area,Ready To Move,Anand Nagar,5.0,2.0,240.0,1508.0,6.0
Super built-up  Area,Ready To Move,Lake City,2.0,1.0,31.0,780.0,2.0
Super built-up  Area,Ready To Move,7th Phase JP Nagar,2.0,1.0,42.79,1070.0,2.0
Super built-up  Area,Ready To Move,Haralur Road,3.0,2.0,56.0,1464.0,3.0
Super built-up  Area,18-Oct,Ramagondanahalli,3.0,2.0,150.0,1910.0,3.0
Built-up  Area,Ready To Move,Cox Town,2.0,1.0,120.0,1280.0,2.0
Super built-up  Area,Ready To Move,Raja Rajeshwari Nagar,3.0,2.0,64.0,1530.0,3.0
Built-up  Area,Ready To Move,Bhoganhalli,5.0,2.0,170.0,2439.0,4.0
Super built-up  Area,Ready To Move,Varsova Layout,2.0,2.0,43.5,1088.0,2.0
Super built-up  Area,Ready To Move,Harlur,2.0,1.0,78.0,1174.0,2.0
Super built-up  Area,18-Dec,Raja Rajeshwari Nagar,3.0,1.0,73.8,1587.0,3.0
Built-up  Area,Ready To Move,Kaggadasapura,2.0,2.0,55.0,1045.0,2.0
Super built-up  Area,Ready To Move,Yelahanka,2.0,1.0,69.97,1304.0,2.0
Super built-up  Area,Ready To Move,Whitefield,2.0,2.0,65.0,1100.0,2.0
Super built-up  Area,18-May,Hennur Road,2.0,1.0,68.9,1482.0,3.0
Built-up  Area,18-Mar,Devanahalli,3.0,1.0,107.0,2125.0,3.0
Super built-up  Area,Ready To Move,Varthur,4.0,0.0,65.0,1000.0,5.0
Super built-up  Area,Ready To Move,Parappana Agrahara,2.0,2.0,45.0,1194.0,2.0
Super built-up  Area,Ready To Move,Kengeri,2.0,3.0,42.0,1200.0,2.0
Super built-up  Area,Ready To Move,Volagerekallahalli,2.0,2.0,32.99,1070.0,2.0
Super built-up  Area,Ready To Move,Whitefield,2.0,1.0,46.5,1100.0,2.0
Built-up  Area,Ready To Move,Whitefield,2.0,2.0,65.0,1270.0,3.0
Super built-up  Area,Ready To Move,Marasandra,2.0,1.0,31.0,1000.0,2.0
Super built-up  Area,Ready To Move,Vittasandra,2.0,1.0,69.0,1246.0,2.0
Super built-up  Area,Ready To Move,Raja Rajeshwari Nagar,3.0,3.0,51.77,1529.0,3.0
Super built-up  Area,Ready To Move,Thanisandra,2.0,2.0,42.0,1185.0,2.0
Super built-up  Area,Ready To Move,Gubbalala,2.0,1.0,46.0,1060.0,2.0
Super built-up  Area,Ready To Move,Ananth Nagar,3.0,1.0,37.75,1319.0,3.0
Super built-up  Area,Ready To Move,Kaikondrahalli,2.0,0.0,64.0,991.0,2.0
Super built-up  Area,Ready To Move,Thanisandra,1.0,0.0,38.0,662.0,1.0
Built-up  Area,Ready To Move,Nandini Layout,2.0,1.0,110.0,1200.0,2.0
Plot  Area,18-Apr,tc.palya,2.0,1.0,78.0,1400.0,3.0
Super built-up  Area,Ready To Move,Talaghattapura,3.0,2.0,80.0,1575.0,3.0
Plot  Area,Ready To Move,Hosakerehalli,2.0,0.0,65.0,600.0,2.0
Plot  Area,Ready To Move,Electronic City,5.0,1.0,78.0,717.0,5.0
Super built-up  Area,Ready To Move,Ananth Nagar,3.0,1.0,42.0,1319.0,3.0
Plot  Area,Ready To Move,Brookefield,3.0,2.0,300.0,2000.0,3.0
Plot  Area,Ready To Move,9th Phase JP Nagar,3.0,2.0,85.0,600.0,3.0
Super built-up  Area,Ready To Move,Electronics City Phase 1,2.0,1.0,48.0,940.0,2.0
Built-up  Area,Ready To Move,Singasandra,1.0,0.0,45.0,600.0,1.0
Super built-up  Area,18-Sep,Chandapura,2.0,1.0,25.12,985.0,2.0
Plot  Area,Ready To Move,Kodigehalli,1.0,0.0,55.0,500.0,2.0
Super built-up  Area,Ready To Move,Bharathi Nagar,2.0,2.0,56.7,1349.0,2.0
Built-up  Area,18-Jun,Whitefield,3.0,2.0,261.0,3117.0,3.0
Super built-up  Area,Ready To Move,HSR Layout,3.0,3.0,95.0,1844.0,3.0
Super built-up  Area,Ready To Move,Thigalarapalya,4.0,2.0,150.0,1830.0,3.0
Super built-up  Area,Ready To Move,Sarjapur  Road,4.0,2.0,185.0,2275.0,3.0
Super built-up  Area,18-Jul,Bannerghatta,2.0,2.0,246.0,2895.5,4.0
Super built-up  Area,18-Aug,Varthur Road,2.0,2.0,49.11,1140.0,2.0
Plot  Area,Ready To Move,Banjara Layout,3.0,1.0,79.0,900.0,3.0
Super built-up  Area,Ready To Move,Jaya Mahal layout,3.0,3.0,238.0,2648.0,3.0
Plot  Area,Ready To Move,Judicial Layout,4.0,2.0,700.0,5400.0,5.0
Super built-up  Area,Ready To Move,Banashankari,2.0,2.0,48.02,1372.0,3.0
Built-up  Area,Ready To Move,Sanne Amanikere,2.0,1.0,45.0,1455.0,3.0
Super built-up  Area,Ready To Move,Hebbal,2.0,2.0,38.0,1100.0,2.0
Super built-up  Area,Ready To Move,Raja Rajeshwari Nagar,2.0,1.0,55.47,1295.0,2.0
Super built-up  Area,22-Jan,Vajarahalli,3.0,1.0,80.0,1475.0,3.0
Super built-up  Area,18-Apr,Nagavarapalya,3.0,1.0,164.0,1788.0,3.0
Super built-up  Area,Ready To Move,Haralur Road,2.0,1.0,46.0,1243.0,2.0
Super built-up  Area,Ready To Move,Yeshwanthpur,3.0,3.0,140.0,1855.0,3.0
Super built-up  Area,18-Aug,Kudlu Gate,3.0,2.0,120.0,1850.0,3.0
Super built-up  Area,Ready To Move,Marathahalli,2.0,2.0,60.0,1315.0,3.0
Super built-up  Area,18-May,Whitefield,2.0,1.0,73.0,1216.0,2.0
Super built-up  Area,Ready To Move,Brooke Bond First Cross,3.0,2.0,93.0,1721.0,3.0
Super built-up  Area,17-Nov,Sonnenahalli,2.0,1.0,62.0,1059.0,2.0
Built-up  Area,Ready To Move,Kadubeesanahalli,2.0,1.0,55.0,1184.0,2.0
Plot  Area,Ready To Move,Yelahanka,5.0,2.0,175.0,1400.0,7.0
Super built-up  Area,Ready To Move,Koramangala,3.0,2.0,300.0,2223.0,3.0
Built-up  Area,Ready To Move,Kodbisanhalli,3.0,2.0,75.0,1480.0,3.0
Super built-up  Area,Ready To Move,Kodigehalli,1.0,1.0,28.0,635.0,2.0
Plot  Area,Ready To Move,BEML Layout,2.0,1.0,228.0,2400.0,2.0
Built-up  Area,Ready To Move,JP Nagar,2.0,0.0,87.0,1500.0,4.0
Super built-up  Area,18-May,Hosa Road,2.0,1.0,34.2,1143.0,2.0
Plot  Area,Ready To Move,Sarjapur  Road,4.0,1.0,350.0,3200.0,4.0
Plot  Area,20-Jul,Kanakpura Road,4.0,3.0,250.0,3170.0,4.0
Built-up  Area,Ready To Move,Vaishnavi Layout,4.0,3.0,420.0,4800.0,4.0
Super built-up  Area,Ready To Move,Kothannur,2.0,2.0,59.4,1485.0,3.0
Super built-up  Area,Ready To Move,Rajaji Nagar,3.0,2.0,251.0,1640.0,3.0
Super built-up  Area,Ready To Move,Hennur,2.0,1.0,70.5,1655.0,3.0
Super built-up  Area,22-Jun,2nd Phase Judicial Layout,2.0,2.0,41.0,900.0,2.0
Super built-up  Area,Ready To Move,Somasundara Palya,3.0,3.0,69.0,1600.0,3.0
Built-up  Area,Ready To Move,Neelamangala,2.0,2.0,68.0,1163.0,2.0
Carpet  Area,Ready To Move,Yelahanka New Town,2.0,1.0,18.0,485.021334,1.0
Super built-up  Area,Ready To Move,Hennur Road,3.0,2.0,97.8,1654.0,3.0
Super built-up  Area,18-Apr,Pragathi Nagar,1.0,0.0,33.645,801.0,1.0
Built-up  Area,Ready To Move,Ngef Layout,3.0,1.0,1000.0,2100.0,4.0
Super built-up  Area,18-Jan,Bellandur,3.0,3.0,101.0,1685.0,3.0
Built-up  Area,Ready To Move,Banashankari,3.0,3.0,80.0,1540.0,3.0
Super built-up  Area,18-Jan,Thanisandra,2.0,1.0,72.0,1265.0,2.0
Super built-up  Area,Ready To Move,Kasavanhalli,2.0,3.0,38.4,1200.0,3.0
Built-up  Area,Ready To Move,Amblipura,2.0,1.0,80.0,1300.0,3.0
Super built-up  Area,Ready To Move,Sultan Palaya,2.0,1.0,65.0,1009.0,2.0
Super built-up  Area,Ready To Move,Ramamurthy Nagar Extension,3.0,2.0,65.0,1540.0,3.0
Built-up  Area,Ready To Move,Bellandur,3.0,3.0,105.0,1735.0,3.0
Plot  Area,Ready To Move,HSR Layout,4.0,3.0,300.0,2500.0,4.0
Super built-up  Area,Ready To Move,Marsur,1.0,1.0,20.0,497.0,2.0
Super built-up  Area,Ready To Move,Hosakerehalli,4.0,1.0,265.0,2480.0,3.0
Built-up  Area,Ready To Move,Electronic City,2.0,0.0,35.0,1142.0,2.0
Super built-up  Area,18-May,Doctors Layout,2.0,2.0,46.8,1215.0,3.0
Super built-up  Area,Ready To Move,Electronic City,2.0,1.0,48.0,1070.0,2.0
Super built-up  Area,18-May,Electronic City Phase II,2.0,1.0,32.49,1125.0,2.0
Built-up  Area,18-Jul,Bommasandra Industrial Area,2.0,1.0,32.49,1125.0,2.0
Super built-up  Area,Ready To Move,Kasavanhalli,2.0,3.0,85.0,1575.0,2.0
Super built-up  Area,18-Dec,Hosa Road,2.0,1.0,77.61,1360.0,2.0
Super built-up  Area,Ready To Move,Haralur Road,3.0,2.0,85.0,1710.0,3.0
Super built-up  Area,18-May,Electronic City Phase II,2.0,1.0,34.65,1200.0,2.0
Super built-up  Area,Ready To Move,Bannerghatta Road,3.0,3.0,120.0,2185.0,4.0
Built-up  Area,Ready To Move,Bagalur,4.0,3.0,135.0,2400.0,4.0
Super built-up  Area,Ready To Move,Banashankari,2.0,1.0,35.84,1195.0,2.0
Super built-up  Area,Ready To Move,Vittasandra,2.0,1.0,67.0,1246.0,2.0
Super built-up  Area,Ready To Move,Bannerghatta Road,2.0,1.0,45.0,1012.0,2.0
Super built-up  Area,Ready To Move,Ganga Nagar,2.0,2.0,65.0,998.0,2.0
Plot  Area,Ready To Move,Doddaballapur,3.0,1.0,250.0,2400.0,3.0
Super built-up  Area,Ready To Move,7th Phase JP Nagar,2.0,2.0,85.0,1130.0,2.0
Super built-up  Area,Ready To Move,Koramangala,4.0,1.0,210.0,1744.0,3.0
Super built-up  Area,18-Jul,Rajaji Nagar,5.0,2.0,259.0,2733.0,4.0
Super built-up  Area,Ready To Move,Karuna Nagar,2.0,1.0,98.0,1354.0,3.0
Plot  Area,Ready To Move,Maruthi Nagar,9.0,2.0,450.0,3300.0,10.0
Super built-up  Area,Ready To Move,Brookefield,2.0,2.0,94.0,1389.0,2.0
Plot  Area,Ready To Move,Sarjapur,3.0,3.0,130.0,2970.0,4.0
Super built-up  Area,Ready To Move,Cooke Town,4.0,2.0,310.0,2560.0,3.0
Super built-up  Area,Ready To Move,Lakshminarayana Pura,2.0,2.0,75.0,1172.0,2.0
Plot  Area,Ready To Move,5th Block Jayanagar,2.0,1.0,75.0,500.0,3.0
Super built-up  Area,Ready To Move,Kaggadasapura,3.0,2.0,60.0,1495.0,3.0
Super built-up  Area,Ready To Move,Varthur,2.0,1.0,57.35,1738.0,2.0
Super built-up  Area,Ready To Move,Dodda Nekkundi,2.0,2.0,50.0,1315.0,2.0
Super built-up  Area,Ready To Move,Marathahalli,2.0,3.0,73.0,1270.0,2.0
Super built-up  Area,18-May,Electronic City Phase II,2.0,1.0,52.2,1160.0,2.0
Super built-up  Area,Ready To Move,Raja Rajeshwari Nagar,2.0,1.0,67.0,1450.0,3.0
Built-up  Area,Ready To Move,Rayasandra,1.0,1.0,21.0,470.0,1.0
Built-up  Area,Ready To Move,2nd Phase JP Nagar,2.0,2.0,78.0,1040.0,2.0
Super built-up  Area,Ready To Move,Sarjapur,2.0,2.0,29.0,1205.0,2.0
Super built-up  Area,Ready To Move,KSRTC Layout,2.0,3.0,50.0,1215.0,3.0
Super built-up  Area,Ready To Move,Whitefield,2.0,2.0,58.0,1135.0,2.0
Super built-up  Area,Ready To Move,8th Phase JP Nagar,2.0,2.0,48.95,1224.0,3.0
Built-up  Area,Ready To Move,Budigere,1.0,1.0,34.0,664.0,1.0
Super built-up  Area,Ready To Move,Electronic City,2.0,2.0,42.0,1160.0,3.0
Plot  Area,Ready To Move,Babusapalaya,2.0,0.0,105.0,1200.0,2.0
Built-up  Area,18-Aug,Bommasandra Industrial Area,2.0,1.0,35.2,1220.0,3.0
Super built-up  Area,Ready To Move,Bharathi Nagar,2.0,2.0,69.0,1328.0,2.0
Super built-up  Area,Ready To Move,BSM Extension,2.0,2.0,45.0,975.0,2.0
Built-up  Area,Ready To Move,Ambedkar Colony,2.0,1.0,200.0,1907.0,3.0
Built-up  Area,Ready To Move,Malleshwaram,2.0,1.0,72.0,900.0,2.0
Super built-up  Area,Ready To Move,Banashankari 6th Stage,2.0,2.0,80.0,1330.0,2.0
Super built-up  Area,Ready To Move,Rajiv Nagar,5.0,1.0,175.0,2330.0,4.0
Built-up  Area,Ready To Move,Munnekollal,3.0,2.0,95.0,1222.0,3.0
Plot  Area,Ready To Move,Dodsworth Layout,3.0,2.0,410.0,4446.0,3.0
Super built-up  Area,Ready To Move,Sarjapur  Road,3.0,1.0,135.0,2100.0,3.0
Super built-up  Area,Ready To Move,Sarjapur  Road,4.0,3.0,290.0,3335.0,4.0
Built-up  Area,18-Apr,Whitefield,3.0,1.0,290.0,3150.0,3.0
Plot  Area,Ready To Move,Jnana Ganga Nagar,2.0,1.0,95.0,1320.0,3.0
Plot  Area,Ready To Move,9th Phase JP Nagar,7.0,3.0,140.0,820.0,7.0
Plot  Area,Ready To Move,Shetty Halli,5.0,3.0,550.0,8000.0,5.0
Plot  Area,Ready To Move,Hennur Road,5.0,3.0,500.0,2400.0,4.0
Super built-up  Area,Ready To Move,Uttarahalli,2.0,2.0,46.55,1330.0,3.0
Plot  Area,Ready To Move,Hosur Road,4.0,1.0,130.0,2000.0,4.0
Super built-up  Area,18-Jun,Electronic City Phase II,2.0,1.0,55.0,1244.0,2.0
Super built-up  Area,Ready To Move,Konena Agrahara,2.0,1.0,50.0,1000.0,2.0
Super built-up  Area,18-May,Gunjur Palya,3.0,2.0,45.0,1400.0,3.0
Super built-up  Area,Ready To Move,Vignana Nagar,2.0,2.0,35.0,1000.0,2.0
Plot  Area,Ready To Move,Rajaji Nagar,1.0,0.0,250.0,1056.0,2.0
Super built-up  Area,Ready To Move,Uttarahalli,2.0,2.0,50.0,1250.0,3.0
Super built-up  Area,19-Jun,Hebbal,5.0,0.0,188.0,2630.0,4.0
Super built-up  Area,18-Aug,Jeevan bima nagar,2.0,2.0,48.0,1225.0,2.0
Super built-up  Area,19-Jun,Hebbal,5.0,3.0,198.0,2790.0,4.0
Super built-up  Area,Ready To Move,Indira Nagar,4.0,3.0,365.0,2800.0,4.0
Super built-up  Area,Ready To Move,Seegehalli,3.0,3.0,80.0,1683.0,3.0
Built-up  Area,Ready To Move,Yelahanka,2.0,2.0,54.0,1250.0,2.0
Super built-up  Area,Ready To Move,Hennur Road,2.0,1.0,110.0,1305.0,3.0
Plot  Area,Ready To Move,Sarjapur  Road,3.0,1.0,331.0,3009.0,3.0
Super built-up  Area,Ready To Move,Kaggalipura,2.0,1.0,57.5,1150.0,3.0
Built-up  Area,Ready To Move,Kaggadasapura,3.0,3.0,70.0,1654.0,3.0
Carpet  Area,Ready To Move,Munivenkatppa Layout,3.0,0.0,225.0,4500.0,4.0
Super built-up  Area,18-May,Kadugodi,4.0,3.0,125.0,1890.0,3.0
Super built-up  Area,Ready To Move,Kasavanhalli,2.0,2.0,55.0,1069.0,2.0
Super built-up  Area,Ready To Move,Chandapura,1.0,1.0,18.5,750.0,2.0
Plot  Area,Ready To Move,Banashankari,4.0,0.0,140.0,675.0,4.0
Built-up  Area,17-Dec,Hormavu,3.0,1.0,177.0,2400.0,3.0
Plot  Area,Ready To Move,2nd Stage Nagarbhavi,4.0,2.0,240.0,1200.0,5.0
Plot  Area,Ready To Move,Koramangala,2.0,0.0,280.0,1410.0,4.0
Super built-up  Area,Ready To Move,7th Phase JP Nagar,3.0,3.0,130.0,1680.0,3.0
Super built-up  Area,Ready To Move,Sadanand Nagar,4.0,2.0,500.0,3500.0,3.0
Super built-up  Area,18-Jul,Sarjapur  Road,3.0,2.0,93.5,1700.0,3.0
Plot  Area,Ready To Move,Brindavan Layout,2.0,0.0,150.0,2200.0,4.0
Super built-up  Area,Ready To Move,Thanisandra,3.0,1.0,105.0,1595.0,3.0
Super built-up  Area,15-Nov,Hennur Road,3.0,2.0,100.0,1480.0,3.0
Plot  Area,Ready To Move,Bethel Nagar,3.0,1.0,95.0,1092.0,3.0
Super built-up  Area,19-Sep,Koramangala,4.0,2.0,245.0,1866.0,3.0
Super built-up  Area,Ready To Move,Hebbal,3.0,2.0,390.0,3895.0,3.0
Super built-up  Area,Ready To Move,Banashankari,3.0,2.0,115.0,1683.0,3.0
Super built-up  Area,Ready To Move,Dasanapura,2.0,1.0,22.34,545.0,2.0
Super built-up  Area,Ready To Move,Banaswadi,2.0,2.0,73.0,1340.0,2.0
Built-up  Area,21-Dec,"Judicial Layout, Kanakapura Road, ",3.0,2.0,53.0,1100.0,3.0
Plot  Area,Ready To Move,Akshaya Nagar,1.0,0.0,200.0,2000.0,1.0
Super built-up  Area,Ready To Move,Whitefield,2.0,2.0,56.0,1185.0,2.0
Super built-up  Area,18-Aug,Chandapura,2.0,2.0,27.68,1025.0,2.0
Super built-up  Area,Ready To Move,Haralur Road,3.0,1.0,95.0,1730.0,3.0
Super built-up  Area,19-Sep,Hennur Road,3.0,1.0,88.6,1450.0,3.0
Super built-up  Area,Ready To Move,Sarjapur  Road,4.0,1.0,110.0,1862.0,3.0
Plot  Area,Ready To Move,Sarjapur  Road,5.0,1.0,578.0,4000.0,4.0
Built-up  Area,Ready To Move,Old Madras Road,5.0,2.0,180.0,2430.0,3.0
Super built-up  Area,20-Sep,Hoodi,1.0,0.0,40.55,863.0,1.0
Super built-up  Area,Ready To Move,Chambenahalli,2.0,3.0,50.0,1170.0,2.0
Super built-up  Area,Ready To Move,B Narayanapura,2.0,2.0,50.0,1075.0,2.0
Super built-up  Area,Ready To Move,Kodichikkanahalli,2.0,1.0,34.0,1060.0,2.0
Super built-up  Area,17-Jun,Sarjapur,2.0,2.0,32.0,850.0,2.0
Super built-up  Area,Ready To Move,P&T Layout,2.0,1.0,45.9,935.0,2.0
Built-up  Area,Ready To Move,Gollarapalya Hosahalli,3.0,2.0,86.0,1905.0,4.0
Built-up  Area,Ready To Move,8th Block Jayanagar,6.0,3.0,300.0,2000.0,6.0
Super built-up  Area,Ready To Move,Uttarahalli,2.0,1.0,47.0,1125.0,2.0
Plot  Area,Ready To Move,9th Phase JP Nagar,6.0,2.0,75.0,600.0,6.0
Built-up  Area,Ready To Move,Chikkabanavar,4.0,1.0,105.0,1500.0,4.0
Built-up  Area,Ready To Move,Bannerghatta Road,3.0,3.0,85.0,1725.0,3.0
Super built-up  Area,Ready To Move,Dodda Banaswadi,2.0,3.0,36.0,1120.0,2.0
Super built-up  Area,Ready To Move,Brookefield,2.0,2.0,75.0,1750.0,3.0
Super built-up  Area,18-Jul,7th Phase JP Nagar,3.0,2.0,77.0,2000.0,3.0
Built-up  Area,Ready To Move,Koramangala,3.0,3.0,98.0,1745.0,3.0
Plot  Area,Ready To Move,Bagalakunte,3.0,1.0,95.0,750.0,5.0
Super built-up  Area,Ready To Move,Uttarahalli,2.0,2.0,55.25,1270.0,3.0
Super built-up  Area,Ready To Move,Iblur Village,5.0,3.0,420.0,5384.0,5.0
Super built-up  Area,Ready To Move,Sahakara Nagar,2.0,2.0,72.0,1180.0,2.0
Built-up  Area,Ready To Move,Shanti Nagar,2.0,1.0,75.0,1130.0,2.0
Super built-up  Area,18-Dec,Old Airport Road,4.0,3.0,197.0,2774.0,4.0
Super built-up  Area,Ready To Move,Ardendale,3.0,2.0,95.0,1723.0,3.0
Built-up  Area,Ready To Move,Mysore Road,2.0,2.0,70.5,1175.0,2.0
Super built-up  Area,Ready To Move,Ambalipura,2.0,2.0,112.0,1607.0,3.0
Built-up  Area,18-May,Varanasi,2.0,1.0,62.0,1334.0,2.0
Built-up  Area,Ready To Move,Vishwapriya Layout,5.0,3.0,130.0,2800.0,5.0
Super built-up  Area,19-Mar,Bellandur,3.0,2.0,128.0,1138.0,3.0
Super built-up  Area,19-Dec,Bannerghatta,2.0,1.0,70.0,1113.0,2.0
Built-up  Area,Ready To Move,9th Phase JP Nagar,2.0,2.0,58.0,1300.0,3.0
Plot  Area,Ready To Move,Judicial Layout,4.0,2.0,350.0,2400.0,4.0
Built-up  Area,Ready To Move,Sahakara Nagar,2.0,2.0,60.0,1200.0,2.0
Super built-up  Area,Ready To Move,cooketown,3.0,2.0,190.0,1900.0,3.0
Super built-up  Area,Ready To Move,Jakkur,4.0,3.0,559.0,5150.0,4.0
Plot  Area,Ready To Move,2nd Stage Nagarbhavi,5.0,2.0,290.0,1200.0,5.0
Super built-up  Area,18-Dec,Whitefield,5.0,2.0,234.0,2956.0,4.0
Plot  Area,Ready To Move,Begur Road,5.0,1.0,165.0,1100.0,5.0
Super built-up  Area,18-May,Panathur,2.0,1.0,97.0,1398.0,2.0
Plot  Area,Ready To Move,Margondanahalli,1.0,0.0,66.0,1152.0,2.0
Plot  Area,Ready To Move,Rajarajeshwarinagar,5.0,2.0,325.0,1200.0,4.0
Super built-up  Area,Ready To Move,Nagavara,2.0,2.0,44.95,1110.0,2.0
Built-up  Area,Ready To Move, Devarachikkanahalli,2.0,1.0,47.0,1116.0,2.0
Super built-up  Area,Ready To Move,Babusapalaya,2.0,1.0,33.84,1061.0,2.0
Super built-up  Area,Ready To Move,Malleshwaram,1.0,1.0,86.8,620.0,1.0
Super built-up  Area,Ready To Move,7th Phase JP Nagar,2.0,2.0,52.0,1300.0,3.0
Built-up  Area,Ready To Move,Yelahanka,2.0,2.0,57.0,1270.0,2.0
Super built-up  Area,18-Apr,Peenya,2.0,2.0,50.0,966.0,2.0
Plot  Area,Ready To Move,AMS Layout,4.0,1.0,110.0,1200.0,4.0
Plot  Area,Ready To Move,Kodigehalli,4.0,3.0,249.0,1320.0,4.0
Super built-up  Area,Ready To Move,Iblur Village,5.0,1.0,297.0,3596.0,4.0
Super built-up  Area,18-May,Kathriguppe IV Phase,3.0,2.0,131.0,1630.0,3.0
Super built-up  Area,Ready To Move,Kodipalya,6.0,3.0,72.0,600.0,5.0
Plot  Area,Ready To Move,Ramchandrapuram,4.0,2.0,60.0,600.0,4.0
Super built-up  Area,Ready To Move,Amruthahalli,2.0,1.0,65.0,1202.0,2.0
Plot  Area,Ready To Move,Pampa Extension,4.0,2.0,250.0,1200.0,4.0
Built-up  Area,Ready To Move,Jakkur,2.0,2.0,80.0,1300.0,2.0
Plot  Area,Ready To Move,Uttarahalli,6.0,2.0,330.0,1200.0,6.0
Super built-up  Area,Ready To Move,Electronic City,2.0,1.0,70.0,1360.0,3.0
Super built-up  Area,Ready To Move,Hennur Road,2.0,1.0,69.18,1155.0,2.0
Super built-up  Area,Ready To Move,Hosakerehalli,3.0,1.0,310.0,2378.0,3.0
Super built-up  Area,Ready To Move,Hulimavu,2.0,2.0,38.0,1011.0,2.0
Built-up  Area,Ready To Move,HSR Layout,2.0,2.0,72.0,1203.0,2.0
Super built-up  Area,19-Dec,Hebbal,3.0,2.0,113.0,1645.0,3.0
Super built-up  Area,Ready To Move,Horamavu Agara,2.0,3.0,50.0,1364.0,3.0
Plot  Area,19-Jan,Anekal,1.0,1.0,36.0,1200.0,2.0
Built-up  Area,Ready To Move,KR Layout,2.0,2.0,41.0,1050.0,1.0
Super built-up  Area,Ready To Move,Kothanur,3.0,3.0,66.0,1365.0,3.0
Super built-up  Area,Ready To Move,Jigani,3.0,3.0,70.0,1252.0,3.0
Super built-up  Area,Ready To Move,Jigani,3.0,2.0,65.0,1221.0,3.0
Built-up  Area,Ready To Move,Panathur,2.0,1.0,58.0,1065.0,2.0
Super built-up  Area,Ready To Move,Uttarahalli,2.0,1.0,55.25,1270.0,3.0
Built-up  Area,Ready To Move,Sahakara Nagar,2.0,2.0,45.0,1032.0,2.0
Super built-up  Area,Ready To Move,Frazer Town,4.0,2.0,325.0,2900.0,4.0
Super built-up  Area,Ready To Move,Sector 2 HSR Layout,2.0,3.0,69.0,1515.0,3.0
Super built-up  Area,Ready To Move,Akshaya Vana,2.0,2.0,52.0,1427.0,2.0
Super built-up  Area,Ready To Move,Magadi Road,2.0,2.0,50.0,940.0,2.0
Plot  Area,18-Mar,Medahalli,5.0,1.0,95.0,800.0,5.0
Super built-up  Area,Ready To Move,Bannerghatta Road,2.0,2.0,80.0,1460.0,3.0
Super built-up  Area,Ready To Move,Sarjapur  Road,4.0,2.0,175.0,2275.0,3.0
Super built-up  Area,21-Sep,9th Phase JP Nagar,3.0,2.0,90.0,1522.0,3.0
Plot  Area,19-Jan,Basaveshwara Nagar Yelahanka,4.0,2.0,380.0,3210.0,3.0
Super built-up  Area,Ready To Move,Thanisandra,2.0,2.0,42.67,1185.0,2.0
Super built-up  Area,Ready To Move,1Hoysalanagar,13.0,0.0,275.0,5425.0,13.0
Built-up  Area,Ready To Move,Banashankari,3.0,2.0,125.0,1800.0,3.0
Super built-up  Area,17-May,Electronics City Phase 1,2.0,1.0,44.0,940.0,2.0
Plot  Area,Ready To Move,Andrahalli,4.0,2.0,135.0,1200.0,4.0
Super built-up  Area,Ready To Move,Marathahalli,3.0,2.0,71.0,1530.0,3.0
Built-up  Area,Ready To Move,Gollahalli,2.0,1.0,48.0,1050.0,2.0
Super built-up  Area,Ready To Move,Subramanyapura,2.0,2.0,49.0,929.0,2.0
Built-up  Area,Ready To Move,Banjara Layout,5.0,3.0,145.0,3750.0,4.0
Super built-up  Area,Ready To Move,Whitefield,3.0,3.0,75.0,1530.0,3.0
Plot  Area,Ready To Move,PC Palaya,2.0,1.0,48.0,900.0,2.0
Super built-up  Area,Ready To Move,Vasanthapura,2.0,1.0,34.22,978.0,2.0
Built-up  Area,Ready To Move,Sathya Sai Layout,4.0,2.0,345.0,4041.0,4.0
Super built-up  Area,Ready To Move,Ambalipura,1.0,2.0,43.82,770.0,1.0
Built-up  Area,Ready To Move,Kaval Byrasandra,2.0,3.0,55.0,1066.0,2.0
Super built-up  Area,Ready To Move,Electronic City,1.0,0.0,28.0,635.0,1.0
Super built-up  Area,Ready To Move,Whitefield,2.0,1.0,45.0,1015.0,2.0
Built-up  Area,Ready To Move,Hebbal,2.0,0.0,54.05,1175.0,2.0
Plot  Area,Ready To Move,Chikkabanavar,4.0,2.0,130.0,1200.0,4.0
Super built-up  Area,18-May,Vidyaranyapura,2.0,1.0,50.0,1188.0,2.0
Plot  Area,Ready To Move,Indira Nagar,5.0,2.0,700.0,2400.0,5.0
Super built-up  Area,19-Oct,Soppahalli,1.0,1.0,25.0,620.0,1.0
Built-up  Area,Ready To Move,Ejipura,2.0,0.0,75.0,1210.0,2.0
Plot  Area,18-Apr,Attibele,3.0,1.0,90.0,1000.0,3.0
Super built-up  Area,Ready To Move,Rajaji Nagar,2.0,2.0,99.0,1500.0,3.0
Plot  Area,Ready To Move,Electronic City,3.0,2.0,190.0,1800.0,4.0
Super built-up  Area,Ready To Move,Thanisandra,2.0,2.0,43.66,1185.0,2.0
Built-up  Area,Ready To Move,Basavangudi,3.0,3.0,130.0,1600.0,3.0
Super built-up  Area,Ready To Move,Gottigere,2.0,1.0,28.0,1100.0,2.0
Super built-up  Area,Ready To Move,Yelahanka,2.0,2.0,69.23,1300.0,2.0
Super built-up  Area,Ready To Move,Kasavanhalli,2.0,1.0,68.0,1100.0,2.0
Super built-up  Area,19-Apr,Ambalipura,2.0,1.0,28.93,860.0,2.0
Super built-up  Area,18-Jun,Panathur,2.0,1.0,64.0,1007.0,2.0
Super built-up  Area,Ready To Move,Akshaya Nagar,2.0,2.0,48.0,1100.0,2.0
Super built-up  Area,Ready To Move,Whitefield,2.0,1.0,38.0,1187.0,2.0
Super built-up  Area,Ready To Move,R.T. Nagar,2.0,2.0,72.0,1150.0,2.0
Super built-up  Area,Ready To Move,Nagavara,3.0,2.0,252.0,2400.0,3.0
Super built-up  Area,18-Apr,Aavalahalli,2.0,3.0,41.94,1180.0,2.0
Super built-up  Area,Ready To Move,Budigere,3.0,2.0,85.2,1820.0,3.0
Plot  Area,Ready To Move,Hennur Bande,6.0,3.0,180.0,1200.0,6.0
Plot  Area,Ready To Move,Sector 1 HSR Layout,6.0,2.0,775.0,2400.0,3.0
Super built-up  Area,Ready To Move,KR Puram,4.0,1.0,246.0,3628.0,4.0
Built-up  Area,Ready To Move,Kodbisanhalli,3.0,2.0,70.0,1430.0,3.0
Super built-up  Area,21-Jan,Kanakpura Road,2.0,1.0,40.0,700.0,2.0
Plot  Area,Ready To Move,Kattigenahalli,1.0,0.0,70.0,1200.0,2.0
Super built-up  Area,20-Dec,Old Madras Road,2.0,1.0,40.77,1165.0,2.0
Super built-up  Area,Ready To Move,Jalahalli,3.0,2.0,118.0,1569.0,3.0
Super built-up  Area,Ready To Move,Basaveshwara Nagar Yelahanka,4.0,3.0,95.0,1950.0,3.0
Plot  Area,Ready To Move,Jayanti Nagar,3.0,1.0,70.0,1200.0,2.0
Super built-up  Area,Ready To Move,Yelahanka New Town,3.0,2.0,125.0,2437.0,3.0
Super built-up  Area,Ready To Move,Marathahalli,2.0,2.0,46.7,950.0,2.0
Built-up  Area,18-Jul,Bellandur,3.0,3.0,115.0,1685.0,3.0
Super built-up  Area,Ready To Move,Green Glen Layout,4.0,3.0,205.0,3270.0,4.0
Super built-up  Area,Ready To Move,Sarjapur  Road,2.0,2.0,110.0,1314.0,2.0
Super built-up  Area,18-May,New Gurappana Palya,3.0,2.0,40.0,1250.0,3.0
Built-up  Area,Ready To Move,Virudhu Nagar,2.0,2.0,68.0,1130.0,2.0
Plot  Area,Ready To Move,Doddakannelli,9.0,3.0,122.0,1200.0,6.0
Plot  Area,Ready To Move,Sultan Palaya,5.0,2.0,160.0,890.0,6.0
Plot  Area,Ready To Move,kamanahalli main road,3.0,2.0,95.0,857.0,3.0
Super built-up  Area,Ready To Move,Whitefield,3.0,2.0,145.0,2247.0,3.0
Super built-up  Area,Ready To Move,Marathahalli,3.0,2.0,85.0,1550.0,3.0
Super built-up  Area,Ready To Move,Hoodi,2.0,2.0,100.0,1715.0,3.0
Super built-up  Area,Ready To Move,Hennur Road,2.0,1.0,53.0,1053.0,2.0
Plot  Area,Ready To Move,Begur Road,3.0,0.0,50.0,1200.0,3.0
Plot  Area,Ready To Move,HBR Layout,2.0,1.0,230.0,1800.0,3.0
Built-up  Area,Ready To Move,Chikkabanavar,4.0,0.0,97.0,2400.0,5.0
Super built-up  Area,Ready To Move,Kodbisanhalli,1.0,3.0,60.0,1245.0,2.0
Super built-up  Area,Ready To Move,Koramangala,2.0,1.0,160.0,1320.0,2.0
Plot  Area,Ready To Move,Whitefield,5.0,3.0,265.0,3940.0,4.0
Built-up  Area,Ready To Move,Thanisandra,2.0,1.0,65.0,1241.0,3.0
Built-up  Area,Ready To Move,7th Phase JP Nagar,4.0,2.0,260.0,2980.0,3.0
Plot  Area,Ready To Move,7th Block Koramangala,5.0,3.0,130.0,600.0,6.0
Super built-up  Area,Ready To Move,Raja Rajeshwari Nagar,2.0,2.0,57.0,1090.0,2.0
Super built-up  Area,Ready To Move,Byrasandra,2.0,1.0,50.0,1390.0,3.0
Plot  Area,Ready To Move,Sampangi Rama Nagar,4.0,3.0,175.0,600.0,8.0
Super built-up  Area,Ready To Move,Jakkur Plantation,5.0,2.0,275.0,2750.0,3.0
Super built-up  Area,21-Dec,Kanakpura Road,2.0,1.0,52.97,1100.0,3.0
Built-up  Area,Ready To Move,Koramangala,2.0,2.0,103.0,1350.0,2.0
Built-up  Area,Ready To Move,Prakash Nagar,2.0,2.0,55.0,800.0,2.0
Super built-up  Area,Ready To Move,Sarjapur  Road,3.0,2.0,116.0,1787.0,3.0
Built-up  Area,Ready To Move,BTM Layout,3.0,2.0,220.0,2400.0,3.0
Super built-up  Area,Ready To Move,Haralur Road,4.0,2.0,325.0,3700.0,4.0
Super built-up  Area,Ready To Move,Sarjapur  Road,3.0,2.0,93.01,1691.0,3.0
Super built-up  Area,18-Jul,Bhoganhalli,4.0,3.0,111.0,2119.0,4.0
Plot  Area,18-Mar,Chikka Tirupathi,3.0,2.0,95.0,2325.0,3.0
Plot  Area,Ready To Move,Thyagaraja Nagar,5.0,0.0,80.0,570.0,5.0
Super built-up  Area,Ready To Move,Akshaya Nagar,3.0,2.0,102.0,1896.0,3.0
Super built-up  Area,17-Oct,Banashankari Stage V,3.0,2.0,48.51,1540.0,3.0
Super built-up  Area,Ready To Move,Cambridge Layout,2.0,2.0,95.0,1244.0,2.0
Super built-up  Area,Ready To Move,Hormavu,2.0,2.0,65.0,1365.0,3.0
Super built-up  Area,18-May,Thanisandra,1.0,1.0,27.5,580.0,1.0
Super built-up  Area,18-Dec,Hebbal,3.0,2.0,83.87,1355.0,3.0
Plot  Area,Ready To Move,Bharat Nagar,4.0,2.0,180.0,1500.0,3.0
Super built-up  Area,Ready To Move,8th Phase JP Nagar,2.0,3.0,62.0,1513.0,2.0
Super built-up  Area,Ready To Move,Banashankari,2.0,1.0,41.13,1175.0,2.0
Super built-up  Area,17-Jan,Thanisandra,4.0,2.0,139.0,2087.0,3.0
Super built-up  Area,21-Dec,Talaghattapura,3.0,2.0,145.0,2273.0,3.0
Super built-up  Area,19-May,Thanisandra,3.0,2.0,150.0,2050.0,3.0
Built-up  Area,Ready To Move,Garebhavipalya,2.0,1.0,75.0,1200.0,2.0
Super built-up  Area,Ready To Move,Whitefield,2.0,3.0,59.0,1190.0,2.0
Super built-up  Area,Ready To Move,Kodigehalli,3.0,2.0,85.0,600.0,4.0
Super built-up  Area,18-Apr,Marathahalli,2.0,2.0,49.86,1019.0,2.0
Super built-up  Area,Ready To Move,Thigalarapalya,3.0,2.0,133.0,1830.0,3.0
Plot  Area,Ready To Move,Channasandra,7.0,1.0,299.0,4278.0,7.0
Super built-up  Area,Ready To Move,Sarjapur  Road,2.0,1.0,56.0,1028.0,2.0
Built-up  Area,Ready To Move,Old Madras Road,2.0,2.0,100.0,1300.0,2.0
Super built-up  Area,Ready To Move,Whitefield,2.0,1.0,67.0,1160.0,2.0
Super built-up  Area,Ready To Move,Mahadevpura,3.0,2.0,78.0,1505.0,3.0
Super built-up  Area,Ready To Move,Kogilu,2.0,1.0,55.55,1250.0,2.0
Plot  Area,Ready To Move,Ramchandrapuram,2.0,1.0,50.0,400.0,1.0
Super built-up  Area,Ready To Move,Sarjapur,2.0,1.0,41.68,1175.0,2.0
Super built-up  Area,Ready To Move,Janatha Colony,2.0,2.0,57.6,1100.0,2.0
Super built-up  Area,Ready To Move,Vishwanatha Nagenahalli,3.0,2.0,120.0,2159.0,3.0
Super built-up  Area,18-May,Devanahalli,2.0,1.0,56.45,1230.0,2.0
Plot  Area,Ready To Move,Gkvk Layout,4.0,2.0,180.0,1200.0,3.0
Built-up  Area,Ready To Move,Channasandra Layout,6.0,1.0,165.0,3100.0,5.0
Super built-up  Area,18-Jun,Old Madras Road,7.0,0.0,287.0,5020.0,5.0
Built-up  Area,Ready To Move,Hegganahalli,1.0,0.0,48.0,1200.0,1.0
Super built-up  Area,Ready To Move,Dodsworth Layout,2.0,1.0,71.0,1340.0,2.0
Super built-up  Area,Ready To Move,Banashankari,2.0,2.0,89.0,1750.0,3.0
Super built-up  Area,Ready To Move,Banashankari Stage II,2.0,1.0,100.0,1400.0,2.0
Built-up  Area,Ready To Move,Nagarbhavi,3.0,0.0,60.0,1350.0,3.0
Super built-up  Area,Ready To Move,RMV Extension,3.0,3.0,62.0,1675.0,3.0
Super built-up  Area,21-Dec,Thanisandra,2.0,1.0,66.33,1340.0,2.0
Built-up  Area,Ready To Move,Malleshwaram,1.0,0.0,68.0,600.0,2.0
Super built-up  Area,Ready To Move,Hulimavu,2.0,2.0,76.0,1276.0,2.0
Super built-up  Area,Ready To Move,Ramagondanahalli,2.0,3.0,76.0,1738.0,3.0
Super built-up  Area,Ready To Move,"Hoodi Circle, ",2.0,2.0,59.9,1190.0,2.0
Super built-up  Area,18-Apr,Electronic City,2.0,1.0,65.45,1128.0,2.0
Super built-up  Area,Ready To Move,Veersandra,2.0,1.0,55.0,1250.0,2.0
Built-up  Area,Ready To Move,ITI Layout,2.0,2.0,90.0,1450.0,2.0
Super built-up  Area,Ready To Move,Kudlu,2.0,1.0,53.0,1084.0,2.0
Built-up  Area,Ready To Move,Kaggadasapura,4.0,2.0,90.0,2150.0,4.0
Built-up  Area,Ready To Move,Koramangala,4.0,0.0,625.0,6000.0,4.0
Plot  Area,Ready To Move,Nagarbhavi,3.0,0.0,77.0,600.0,4.0
Super built-up  Area,Ready To Move,Hosur Road,2.0,2.0,65.0,1250.0,2.0
Plot  Area,Ready To Move,Seegehalli,4.0,1.0,240.0,2400.0,3.0
Super built-up  Area,Ready To Move,Begur,3.0,0.0,65.0,1304.0,3.0
Super built-up  Area,Ready To Move,Rajaji Nagar,3.0,2.0,268.0,1640.0,3.0
Built-up  Area,Ready To Move,7th Phase JP Nagar,2.0,1.0,77.44,980.0,2.0
Super built-up  Area,Ready To Move,Ramanashree Enclave,2.0,2.0,49.5,1275.0,2.0
Plot  Area,Ready To Move,"Yelahanka,MVIT college",1.0,1.0,150.0,10030.0,1.0
Plot  Area,Ready To Move,Banjara Layout,4.0,0.0,140.0,2500.0,3.0
Built-up  Area,Ready To Move,Bidadi,4.0,0.0,225.0,3600.0,4.0
Plot  Area,Ready To Move,Anekal,4.0,0.0,95.0,2400.0,3.0
Super built-up  Area,Ready To Move,Chikku Lakshmaiah Layout,3.0,2.0,280.0,2300.0,3.0
Super built-up  Area,18-May,Kanakpura Road,2.0,2.0,70.18,1450.0,3.0
Super built-up  Area,Ready To Move,Electronic City,2.0,1.0,40.0,890.0,2.0
Super built-up  Area,Ready To Move,Bannerghatta Road,2.0,3.0,85.0,1340.0,2.0
Super built-up  Area,Ready To Move,Vidyaranyapura,2.0,1.0,75.0,1100.0,3.0
Super built-up  Area,Ready To Move,Kengeri,2.0,1.0,40.0,750.0,2.0
Plot  Area,Ready To Move,Basaveshwara Nagar,4.0,2.0,125.0,700.0,4.0
Super built-up  Area,Ready To Move,Akshaya Nagar,2.0,2.0,66.0,1300.0,2.0
Super built-up  Area,21-Dec,HRBR Layout,2.0,1.0,120.0,1301.0,2.0
Built-up  Area,Ready To Move,Gnana Bharathi,8.0,1.0,130.0,3200.0,9.0
Plot  Area,Ready To Move,Pillahalli,2.0,2.0,92.0,1900.0,3.0
Super built-up  Area,19-Jul,Kanakpura Road,2.0,1.0,105.0,1299.0,2.0
Super built-up  Area,18-May,Anugrah Layout,3.0,3.0,40.0,1250.0,3.0
Plot  Area,Ready To Move,Whitefield,4.0,2.0,300.0,1600.0,4.0
Super built-up  Area,Ready To Move,Kalkere,2.0,1.0,55.0,925.0,2.0
Plot  Area,Ready To Move,Meenakunte,3.0,3.0,250.0,3900.0,3.0
Super built-up  Area,Ready To Move,Uttarahalli,2.0,1.0,45.0,1107.0,2.0
Plot  Area,Ready To Move,Ramesh Nagar,2.0,2.0,160.0,1400.0,2.0
Super built-up  Area,Ready To Move,Electronics City Phase 1,2.0,1.0,67.0,1300.0,2.0
Built-up  Area,Ready To Move,Yeshwanthpur,2.0,1.0,62.0,570.0,2.0
Super built-up  Area,Ready To Move,Hiremath Layout,3.0,2.0,95.0,1715.0,3.0
Built-up  Area,Ready To Move,Uttarahalli,2.0,1.0,55.0,1200.0,2.0
Plot  Area,Ready To Move,9th Block Jayanagar,5.0,1.0,280.0,1200.0,6.0
Super built-up  Area,Ready To Move,Ashok Nagar,2.0,1.0,60.0,703.0,2.0
Super built-up  Area,18-Sep,Talaghattapura,2.0,2.0,29.47,921.0,2.0
Super built-up  Area,Ready To Move,Marathahalli,2.0,2.0,65.0,1144.0,2.0
Super built-up  Area,21-Jan,Kanakpura Road,1.0,1.0,26.01,525.0,1.0
Super built-up  Area,Ready To Move,Suddaguntepalya,2.0,2.0,56.0,1400.0,3.0
Super built-up  Area,18-Jun,Balagere,1.0,1.0,33.0,661.0,1.0
Plot  Area,Ready To Move,Upkar Layout,6.0,2.0,160.0,1200.0,6.0
Built-up  Area,Ready To Move,Kengeri Satellite Town,5.0,2.0,70.0,1200.0,5.0
Super built-up  Area,Ready To Move,Yelahanka,3.0,1.0,91.0,1705.0,3.0
Plot  Area,Ready To Move,Anjana Nagar,5.0,1.0,170.0,1035.0,5.0
Super built-up  Area,Ready To Move,Kadugodi,2.0,0.0,55.0,1430.0,3.0
Super built-up  Area,Ready To Move,Marathahalli,2.0,2.0,55.0,1240.0,2.0
Super built-up  Area,Ready To Move,Garudachar Palya,2.0,2.0,60.8,1325.0,3.0
Super built-up  Area,Ready To Move,Thanisandra,2.0,2.0,44.0,1230.0,2.0
Super built-up  Area,Ready To Move,Electronics City Phase 1,2.0,3.0,28.0,1000.0,2.0
Plot  Area,Ready To Move,Gollarahatti,2.0,1.0,24.5,740.0,4.0
Super built-up  Area,Ready To Move,Uttarahalli,2.0,2.0,46.45,1330.0,3.0
Super built-up  Area,Ready To Move,Sarjapur  Road,5.0,2.0,275.0,3005.0,4.0
Super built-up  Area,Ready To Move,Shivaji Nagar,3.0,2.0,170.0,1300.0,3.0
Super built-up  Area,Ready To Move,Haralur Road,2.0,2.0,46.0,1243.0,2.0
Built-up  Area,Ready To Move,Kengeri Satellite Town,2.0,1.0,60.84,936.0,4.0
Super built-up  Area,18-Apr,Banashankari Stage III,2.0,2.0,100.0,1500.0,3.0
Plot  Area,Ready To Move,Kodigehalli,4.0,1.0,156.0,1200.0,3.0
Built-up  Area,Ready To Move,Cox Town,2.0,2.0,72.0,1073.0,2.0
Built-up  Area,Ready To Move,Kudlu,2.0,2.0,56.0,1300.0,2.0
Plot  Area,18-May,Sarjapur,4.0,3.0,435.0,4201.0,4.0
Built-up  Area,18-Dec,Electronic City,2.0,1.0,30.75,1065.0,2.0
Super built-up  Area,18-Apr,Whitefield,2.0,1.0,66.88,1216.0,2.0
Built-up  Area,Ready To Move,Jigani,3.0,2.0,59.0,1252.0,3.0
Super built-up  Area,19-Aug,Hormavu,2.0,1.0,44.8,1196.0,2.0
Built-up  Area,Ready To Move,Kudlu,2.0,2.0,44.0,1027.0,2.0
Plot  Area,Ready To Move,Padmanabhanagar,2.0,1.0,75.0,610.0,3.0
Super built-up  Area,Ready To Move,Poornapragna Housing Society Layout,2.0,2.0,57.15,1270.0,3.0
Super built-up  Area,16-Nov,Mico Layout,2.0,2.0,39.0,1171.0,2.0
Super built-up  Area,Ready To Move,Kothannur,2.0,3.0,48.6,1215.0,3.0
Plot  Area,Ready To Move,Venkateswara Nagar,1.0,0.0,20.0,600.0,1.0
Super built-up  Area,19-Dec,Whitefield,2.0,1.0,77.0,1180.0,2.0
Built-up  Area,18-Aug,Electronic City Phase II,2.0,1.0,33.51,1160.0,2.0
Plot  Area,Ready To Move,Chikkagubbi,4.0,3.0,400.0,4382.0,4.0
Super built-up  Area,20-Sep,Whitefield,3.0,2.0,139.0,2140.0,3.0
Super built-up  Area,Ready To Move,Yeshwanthpur,3.0,1.0,100.0,1500.0,3.0
Super built-up  Area,Ready To Move,Banaswadi,2.0,2.0,52.0,1008.0,2.0
Super built-up  Area,Ready To Move,Ambedkar Nagar,4.0,3.0,129.0,1921.0,3.0
Super built-up  Area,Ready To Move,Electronic City,2.0,2.0,32.0,1127.0,2.0
Super built-up  Area,18-May,Rajaji Nagar,3.0,1.0,124.0,1621.0,3.0
Plot  Area,Ready To Move,Poornapragna Housing Society Layout,3.0,0.0,360.0,2400.0,3.0
Super built-up  Area,Ready To Move,Banashankari 2 nd Stage,2.0,2.0,77.25,1030.0,3.0
Super built-up  Area,18-Aug,Whitefield,2.0,1.0,84.0,1314.0,2.0
Super built-up  Area,Ready To Move,Choodasandra,3.0,1.0,56.0,1220.0,3.0
Plot  Area,18-Mar,Banashankari Stage VI,3.0,1.0,97.0,600.0,4.0
Built-up  Area,Ready To Move,JP Nagar,2.0,3.0,85.0,1590.0,3.0
Super built-up  Area,Ready To Move,Shivaji Nagar,2.0,1.0,49.5,703.0,2.0
Super built-up  Area,18-Aug,Hosakerehalli,3.0,2.0,64.62,1795.0,3.0
Built-up  Area,Ready To Move,Gottigere,3.0,0.0,132.0,3000.0,4.0
Super built-up  Area,18-Dec,Sarjapur  Road,4.0,2.0,242.0,4395.0,4.0
Super built-up  Area,Ready To Move,Electronic City,2.0,1.0,35.0,825.0,2.0
Super built-up  Area,18-Dec,Yelahanka,6.0,1.0,350.0,4025.0,4.0
Super built-up  Area,22-Jan,Vajarahalli,2.0,1.0,70.0,1254.0,3.0
Built-up  Area,Ready To Move,Ramagondanahalli,3.0,2.0,114.0,2040.0,3.0
Super built-up  Area,Ready To Move,Thigalarapalya,4.0,2.0,154.0,2215.0,3.0
Super built-up  Area,Ready To Move,Jalahalli,2.0,2.0,125.0,1478.0,2.0
Super built-up  Area,Ready To Move,Malleshwaram,4.0,3.0,337.0,2475.0,3.0
Super built-up  Area,Ready To Move,Cambridge Layout,3.0,2.0,298.0,1669.0,3.0
Super built-up  Area,Ready To Move,Nagappa Reddy Layout,3.0,2.0,79.5,1820.0,3.0
Super built-up  Area,19-Dec,Horamavu Agara,3.0,1.0,89.0,1623.0,3.0
Super built-up  Area,Ready To Move,Haralur Road,2.0,2.0,46.0,1243.0,2.0
Super built-up  Area,Ready To Move,Electronic City,2.0,2.0,40.5,1200.0,2.0
Super built-up  Area,Ready To Move,Gottigere,3.0,3.0,72.0,1613.0,3.0
Super built-up  Area,Ready To Move,Rajiv Gandhi Nagar,2.0,2.0,80.0,1293.0,2.0
Super built-up  Area,Ready To Move,Hoskote,2.0,2.0,28.5,1065.0,2.0
Super built-up  Area,18-Apr,Kudlu Gate,2.0,1.0,69.57,940.0,2.0
Super built-up  Area,Ready To Move,Sarjapur  Road,2.0,1.0,65.0,1181.0,3.0
Super built-up  Area,Ready To Move,Malleshwaram,3.0,2.0,275.0,2215.0,3.0
Built-up  Area,Ready To Move,Marathahalli,2.0,2.0,75.0,1100.0,1.0
Super built-up  Area,Ready To Move,MLA Layout,2.0,1.0,36.0,1050.0,2.0
Super built-up  Area,Ready To Move,Subramanyapura,2.0,1.0,75.0,1260.0,3.0
Super built-up  Area,Ready To Move,Banashankari Stage II,3.0,2.0,425.0,2800.0,5.0
Super built-up  Area,Ready To Move,Dodda Banaswadi,3.0,2.0,56.0,1500.0,3.0
Plot  Area,Ready To Move,KR Puram,6.0,3.0,132.0,1200.0,6.0
Plot  Area,18-May,Esther Enclave Layout,2.0,0.0,66.0,1000.0,2.0
Super built-up  Area,Ready To Move,Whitefield,3.0,3.0,73.0,1530.0,3.0
Super built-up  Area,Ready To Move,HSR Layout,2.0,2.0,46.0,1140.0,2.0
Super built-up  Area,Ready To Move,Dodda Nekkundi Extension,3.0,3.0,115.0,1864.0,3.0
Built-up  Area,Ready To Move,Sarjapur,3.0,3.0,55.0,1575.0,3.0
Plot  Area,18-Dec,Attibele,3.0,2.0,105.0,1200.0,3.0
Super built-up  Area,Ready To Move,Raja Rajeshwari Nagar,2.0,1.0,45.0,945.0,2.0
Super built-up  Area,Ready To Move,Sarjapur  Road,3.0,2.0,100.0,1691.0,3.0
Plot  Area,Ready To Move,KR Garden,2.0,3.0,135.0,1200.0,2.0
Built-up  Area,18-Aug,Electronic City Phase II,3.0,1.0,35.25,1220.0,3.0
Built-up  Area,Ready To Move,Kengeri,1.0,1.0,35.0,600.0,1.0
Super built-up  Area,18-Aug,Whitefield,2.0,2.0,39.0,1160.0,2.0
Super built-up  Area,Ready To Move,Dodda Nekkundi Extension,2.0,2.0,89.5,1950.0,3.0
Super built-up  Area,Ready To Move,Vittasandra,3.0,1.0,85.0,1650.0,3.0
Built-up  Area,Ready To Move,Annapurneshwari Nagar,4.0,1.0,150.0,2400.0,4.0
Super built-up  Area,Ready To Move,Abbigere,1.0,1.0,32.6,795.0,2.0
Plot  Area,Ready To Move,Raghavendra Nagar,5.0,1.0,95.0,800.0,5.0
Plot  Area,Ready To Move,TC Palaya,5.0,1.0,97.0,1400.0,5.0
Super built-up  Area,Ready To Move,Kalyan nagar,4.0,1.0,165.0,2285.0,3.0
Super built-up  Area,Ready To Move,Haralur Road,2.0,2.0,46.0,1243.0,2.0
Super built-up  Area,Ready To Move,Kammagondahalli,2.0,1.0,51.5,1263.0,2.0
Super built-up  Area,Ready To Move,Nanjappa Layout Vidyaranyapura,4.0,2.0,115.0,1200.0,5.0
Super built-up  Area,Ready To Move,Hennur,2.0,1.0,69.0,1345.0,3.0
Built-up  Area,Ready To Move,D Group Employees Layout,5.0,3.0,240.0,4400.0,5.0
Super built-up  Area,Ready To Move,Electronic City,2.0,1.0,58.0,1360.0,3.0
Super built-up  Area,Ready To Move,Sarjapur  Road,2.0,1.0,60.55,1026.0,2.0
Super built-up  Area,Ready To Move,Alfa Garden Layout,2.0,2.0,38.0,1050.0,2.0
Super built-up  Area,Ready To Move,Uttarahalli,3.0,3.0,76.0,1460.0,3.0
Super built-up  Area,Ready To Move,Banagiri Nagar,2.0,2.0,91.48,1525.0,3.0
Built-up  Area,Ready To Move,Kanakpura Road,3.0,2.0,85.0,1843.0,3.0
Super built-up  Area,18-Aug,Ananth Nagar,2.0,3.0,25.0,1000.0,2.0
Super built-up  Area,Ready To Move,Koramangala,2.0,1.0,115.0,1642.0,3.0
Plot  Area,Ready To Move,TC Palaya,2.0,0.0,66.0,1200.0,3.0
Super built-up  Area,Ready To Move,Austin Town,2.0,1.0,60.0,975.0,2.0
Super built-up  Area,Ready To Move,Bisuvanahalli,2.0,1.0,44.0,1075.0,3.0
Super built-up  Area,18-Feb,Panathur,2.0,1.0,77.93,1210.0,2.0
Super built-up  Area,Ready To Move,Rammana Layout,3.0,2.0,100.0,2000.0,3.0
Super built-up  Area,Ready To Move,Akshaya Nagar,2.0,0.0,68.0,1225.0,2.0
Super built-up  Area,Ready To Move,Jakkur,2.0,1.0,80.04,1290.0,2.0
Built-up  Area,Ready To Move,Remco Bhel Layout,2.0,0.0,56.0,1220.0,2.0
Plot  Area,Ready To Move,A Narayanapura,2.0,0.0,85.0,1500.0,1.0
Super built-up  Area,Ready To Move,Kaggadasapura,2.0,2.0,79.0,1361.0,2.0
Plot  Area,Ready To Move,Frazer Town,4.0,1.0,462.0,2801.25,5.0
Built-up  Area,Ready To Move,1st Phase JP Nagar,2.0,2.0,85.0,1394.0,2.0
Super built-up  Area,Ready To Move,Yelahanka,2.0,1.0,27.0,870.0,2.0
Plot  Area,Ready To Move,Marasandra,5.0,3.0,300.0,5000.0,4.0
Super built-up  Area,18-May,Rajaji Nagar,2.0,2.0,98.0,1222.0,2.0
Super built-up  Area,Ready To Move,Hebbal,2.0,1.0,99.39,1420.0,2.0
Super built-up  Area,Ready To Move,Bellandur,3.0,2.0,135.0,1846.0,3.0
Plot  Area,Ready To Move,Benson Town,2.0,1.0,270.0,1688.12,2.0
Super built-up  Area,Ready To Move,Yeshwanthpur,2.0,2.0,64.08,1167.0,2.0
Super built-up  Area,Ready To Move,Ananth Nagar,2.0,2.0,25.0,902.0,2.0
Super built-up  Area,Ready To Move,Kannamangala,4.0,3.0,135.0,2422.0,4.0
Super built-up  Area,Ready To Move,Rachenahalli,2.0,2.0,52.5,1050.0,2.0
Built-up  Area,Ready To Move,Rajapura,2.0,0.0,50.0,1000.0,2.0
Built-up  Area,Ready To Move,Kundalahalli,2.0,0.0,58.0,1260.0,2.0
Built-up  Area,Ready To Move,Banashankari Stage II,3.0,2.0,450.0,3000.0,3.0
Super built-up  Area,Ready To Move,Jigani,2.0,2.0,39.0,939.0,2.0
Plot  Area,Ready To Move,Konanakunte,6.0,1.0,150.0,1590.0,9.0
Plot  Area,Ready To Move,Jalahalli,1.0,0.0,37.0,600.0,1.0
Built-up  Area,Ready To Move,8th Phase JP Nagar,2.0,1.0,59.0,1298.0,2.0
Super built-up  Area,Ready To Move,Marathahalli,3.0,2.0,135.0,1710.0,3.0
Super built-up  Area,Ready To Move,Subramanyapura,2.0,1.0,45.0,1000.0,2.0
Super built-up  Area,Ready To Move,Ramagondanahalli,3.0,3.0,150.0,3350.0,3.0
Plot  Area,Ready To Move,Bagalakunte,4.0,1.0,138.0,1200.0,2.0
Built-up  Area,Ready To Move,RPC layout,2.0,2.0,68.0,1100.0,2.0
Super built-up  Area,Ready To Move,Jalahalli,1.0,1.0,46.0,615.0,1.0
Super built-up  Area,18-Apr,Sarjapur  Road,2.0,1.0,85.0,1350.0,2.0
Built-up  Area,Ready To Move,Sultan Palaya,5.0,2.0,325.0,5000.0,4.0
Super built-up  Area,Ready To Move,Cunningham Road,3.0,1.0,501.0,2700.0,3.0
Plot  Area,Ready To Move,Vijaya Bank Layout,6.0,2.0,460.0,4000.0,6.0
Super built-up  Area,Ready To Move,Hegde Nagar,3.0,2.0,130.0,1718.0,3.0
Super built-up  Area,Ready To Move,7th Phase JP Nagar,3.0,2.0,112.0,1680.0,3.0
Plot  Area,Ready To Move,Hulimavu,2.0,0.0,90.0,1500.0,2.0
Super built-up  Area,18-May,Sarjapur  Road,2.0,1.0,72.0,1157.0,3.0
Super built-up  Area,Ready To Move,Akshaya Nagar,2.0,1.0,51.0,1179.0,2.0
Super built-up  Area,Ready To Move,Hulimavu,2.0,0.0,60.48,1315.0,2.0
Super built-up  Area,18-Mar,Phase 1 Kammasandra,2.0,2.0,28.18,1105.0,2.0
Super built-up  Area,Ready To Move,Banashankari,3.0,2.0,175.0,1800.0,3.0
Super built-up  Area,Ready To Move,Jalahalli East,2.0,1.0,52.0,1010.0,2.0
Super built-up  Area,18-Jan,Electronic City,1.0,1.0,46.0,630.0,1.0
Plot  Area,19-Apr,Anekal,2.0,1.0,36.1,1200.0,2.0
Super built-up  Area,Ready To Move,Kaval Byrasandra,2.0,1.0,60.0,1025.0,2.0
Super built-up  Area,Ready To Move,Hennur Road,2.0,2.0,59.0,1195.0,2.0
Super built-up  Area,18-Feb,Whitefield,2.0,1.0,58.0,1012.0,2.0
Super built-up  Area,Ready To Move,Hegde Nagar,4.0,2.0,118.0,1884.0,3.0
Super built-up  Area,Ready To Move,Sarjapura - Attibele Road,2.0,1.0,37.0,1090.0,2.0
Super built-up  Area,Ready To Move,Kathriguppe,3.0,2.0,77.99,1300.0,3.0
Super built-up  Area,Ready To Move,Amblipura,4.0,2.0,250.0,2950.0,4.0
Super built-up  Area,Ready To Move,Harlur,3.0,3.0,85.0,1710.0,3.0
Super built-up  Area,Ready To Move,Uttarahalli,3.0,1.0,68.0,1500.0,3.0
Super built-up  Area,Ready To Move,Kodichikkanahalli,2.0,2.0,53.0,1310.0,3.0
Super built-up  Area,18-Dec,Dommasandra,1.0,1.0,19.9,674.0,2.0
Built-up  Area,Ready To Move,Hoodi,3.0,2.0,70.0,1350.0,3.0
Built-up  Area,Ready To Move,Hennur Gardens,2.0,2.0,115.0,1464.0,3.0
Built-up  Area,Ready To Move,Marsur,2.0,1.0,29.0,715.0,3.0
Built-up  Area,18-Dec,Electronic City,2.0,1.0,40.45,1400.0,3.0
Super built-up  Area,19-Dec,Electronic City Phase II,2.0,2.0,48.75,1625.0,3.0
Built-up  Area,18-Dec,Electronic City,2.0,1.0,30.76,1065.0,2.0
Plot  Area,Ready To Move,Kumaraswami Layout,4.0,1.0,70.0,510.0,6.0
Super built-up  Area,Ready To Move,HMT Layout,3.0,3.0,90.0,1385.0,3.0
Super built-up  Area,Ready To Move,CV Raman Nagar,2.0,1.0,50.0,1040.0,2.0
Super built-up  Area,Ready To Move,Haralur Road,3.0,2.0,110.0,1817.0,3.0
Super built-up  Area,Ready To Move,Volagerekallahalli,2.0,1.0,47.0,1205.0,2.0
Super built-up  Area,Ready To Move,Volagerekallahalli,2.0,2.0,33.43,1070.0,2.0
Super built-up  Area,Ready To Move,Kodathi,2.0,1.0,52.0,1070.0,2.0
Super built-up  Area,Ready To Move,Amruthahalli,2.0,1.0,75.0,1340.0,2.0
Super built-up  Area,Ready To Move,Kalena Agrahara,2.0,2.0,35.0,980.0,2.0
Built-up  Area,Ready To Move,8th Phase JP Nagar,2.0,0.0,44.0,1006.0,2.0
Super built-up  Area,Ready To Move,Thanisandra,2.0,1.0,71.0,1098.0,2.0
Built-up  Area,Ready To Move,Mico Layout,2.0,1.0,53.5,1200.0,2.0
Super built-up  Area,Ready To Move,Thigalarapalya,4.0,2.0,325.0,4190.0,4.0
Super built-up  Area,Ready To Move,Sarjapur  Road,2.0,1.0,62.0,1019.0,2.0
Super built-up  Area,18-May,Whitefield,2.0,2.0,40.21,1150.0,2.0
Plot  Area,Ready To Move,Anekal,3.0,1.0,120.0,1733.5,3.0
Super built-up  Area,Ready To Move,Yeshwanthpur Industrial Suburb,2.0,2.0,120.0,1415.0,2.0
Built-up  Area,21-Dec,"Electronic city Phase 1, ",3.0,2.0,58.0,1750.0,3.0
Super built-up  Area,18-Dec,Raja Rajeshwari Nagara,3.0,2.0,81.0,1537.0,3.0
Built-up  Area,Ready To Move,Chennappa Layout,2.0,2.0,45.0,1050.0,2.0
Super built-up  Area,Ready To Move,Kanakpura Road,3.0,3.0,55.6,1452.0,3.0
Super built-up  Area,Ready To Move,Domlur,2.0,1.0,95.0,1246.0,2.0
Built-up  Area,Ready To Move,Yelahanka,4.0,2.0,85.0,1890.0,3.0
Super built-up  Area,18-May,Electronic City Phase II,2.0,1.0,40.0,972.0,2.0
Plot  Area,Ready To Move,5th Block Jayanagar,4.0,2.0,2340.0,10624.0,4.0
Plot  Area,Ready To Move,Brookefield,5.0,3.0,160.0,1500.0,4.0
Super built-up  Area,18-Aug,Electronic City,1.0,1.0,33.7,630.0,1.0
Plot  Area,18-Mar,Kothanur,5.0,0.0,80.0,1050.0,8.0
Built-up  Area,Ready To Move,Shingapura,2.0,1.0,60.0,1255.0,3.0
Plot  Area,Ready To Move,Ramamurthy Nagar,4.0,2.0,185.0,1900.0,4.0
Plot  Area,Ready To Move,Doddaballapur,3.0,1.0,142.0,2440.0,3.0
Super built-up  Area,21-May,Kanakpura Road,3.0,3.0,92.69,1938.0,3.0
Super built-up  Area,Ready To Move,Bannerghatta Road,3.0,2.0,125.0,1711.0,3.0
Plot  Area,Ready To Move,Nagarbhavi,4.0,3.0,240.0,1200.0,5.0
Super built-up  Area,18-Jul,CV Raman Nagar,2.0,1.0,95.0,1392.0,2.0
Super built-up  Area,18-Mar,Haralur Road,2.0,1.0,77.0,1225.0,2.0
Super built-up  Area,Ready To Move,Sarjapur  Road,3.0,2.0,235.0,3418.0,4.0
Super built-up  Area,Ready To Move,Green Glen Layout,3.0,2.0,120.0,1750.0,3.0
Super built-up  Area,Ready To Move,Subramanyapura,2.0,1.0,80.0,1260.0,3.0
Super built-up  Area,19-Dec,Sarjapur  Road,1.0,1.0,31.1,691.0,1.0
Plot  Area,Ready To Move,BTM 2nd Stage,3.0,2.0,400.0,2400.0,4.0
Super built-up  Area,Ready To Move,Haralur Road,2.0,1.0,78.0,1285.0,2.0
Built-up  Area,Ready To Move,Hebbal,3.0,2.0,96.0,1590.0,3.0
Super built-up  Area,Ready To Move,9th Phase JP Nagar,3.0,2.0,65.0,1571.0,3.0
Built-up  Area,Ready To Move,Hebbal Kempapura,5.0,1.0,220.0,2800.0,5.0
Super built-up  Area,Ready To Move,Garudachar Palya,2.0,1.0,48.66,1060.0,2.0
Super built-up  Area,Ready To Move,Hennur,2.0,1.0,58.0,1255.0,2.0
Plot  Area,Ready To Move,Govindapura,4.0,0.0,65.0,702.0,4.0
Plot  Area,Ready To Move,Lal Bahadur Shastri Nagar,2.0,2.0,185.0,2400.0,3.0
Super built-up  Area,Ready To Move,Bannerghatta Road,2.0,3.0,81.0,1520.0,3.0
Super built-up  Area,Ready To Move,Kanakpura Road,2.0,2.0,70.99,1530.0,3.0
Super built-up  Area,Ready To Move,Gollahalli,2.0,1.0,45.51,1170.0,2.0
Super built-up  Area,Ready To Move,OMBR Layout,3.0,2.0,75.0,1580.0,3.0
Super built-up  Area,Ready To Move,Ardendale,3.0,2.0,89.0,1777.26,3.0
Super built-up  Area,Ready To Move,Raja Rajeshwari Nagar,2.0,2.0,55.78,1303.0,2.0
Built-up  Area,Ready To Move,Kodichikkanahalli,2.0,3.0,59.0,1680.0,2.0
Built-up  Area,Ready To Move,Whitefield,2.0,2.0,70.0,1495.0,3.0
Super built-up  Area,18-Mar,Yelahanka,3.0,1.0,108.0,1835.0,3.0
Plot  Area,Ready To Move,Banjara Layout,3.0,1.0,60.0,610.0,3.0
Built-up  Area,Ready To Move,Nagawara Junction,2.0,2.0,38.0,1080.0,2.0
Built-up  Area,18-Dec,Electronic City,2.0,1.0,29.61,1025.0,2.0
Super built-up  Area,18-Aug,Haralur Road,2.0,1.0,67.48,1225.0,2.0
Super built-up  Area,20-Jan,Balagere,1.0,1.0,34.77,656.0,1.0
Super built-up  Area,Ready To Move,Sarjapur  Road,2.0,2.0,45.0,994.0,2.0
Super built-up  Area,Ready To Move,Thirupalya,2.0,1.0,65.0,1025.0,2.0
Built-up  Area,Ready To Move,Marathahalli,2.0,2.0,52.0,1156.0,2.0
Super built-up  Area,Ready To Move,JP Nagar,2.0,2.0,60.0,1250.0,2.0
Built-up  Area,Ready To Move,Kundalahalli,4.0,3.0,230.0,3092.0,4.0
Super built-up  Area,Ready To Move,Hegde Nagar,4.0,2.0,122.0,1930.0,3.0
Built-up  Area,Ready To Move,New Thippasandra,2.0,1.0,70.0,1020.0,2.0
Built-up  Area,Ready To Move,Kumaraswami Layout,2.0,1.0,70.0,1310.0,3.0
Super built-up  Area,19-Dec,Jalahalli,1.0,0.0,27.565,612.5,1.0
Built-up  Area,Ready To Move,Kanakpura Road,2.0,3.0,70.0,1322.0,2.0
Super built-up  Area,Ready To Move,Kothanur,2.0,2.0,57.0,1160.0,2.0
Super built-up  Area,Ready To Move,5th Block Hbr Layout,2.0,2.0,48.0,1100.0,2.0
Built-up  Area,Ready To Move,Lakshminarayana Pura,3.0,3.0,150.0,1720.0,3.0
Super built-up  Area,18-Jul,Hosur Road,3.0,2.0,103.0,1689.0,3.0
Super built-up  Area,Ready To Move,Chikkalasandra,2.0,1.0,47.42,1090.0,2.0
Super built-up  Area,Ready To Move,KR Puram,2.0,0.0,75.0,2000.0,2.0
Super built-up  Area,Ready To Move,Venugopal Reddy Layout,2.0,2.0,69.0,1155.0,2.0
Built-up  Area,Ready To Move,Vishveshwarya Layout,6.0,0.0,230.0,4000.0,6.0
Built-up  Area,18-Jun,Sarjapur  Road,5.0,0.0,176.0,3913.0,4.0
Super built-up  Area,Ready To Move,Hebbal,5.0,2.0,320.0,3520.0,3.0
Super built-up  Area,18-Jun,JP Nagar,2.0,2.0,39.98,1125.0,2.0
Built-up  Area,18-Apr,Yelahanka,3.0,3.0,92.0,1847.0,3.0
Super built-up  Area,Ready To Move,7th Phase JP Nagar,2.0,1.0,76.0,1515.0,3.0
Plot  Area,Ready To Move,Raja Rajeshwari Nagar,7.0,2.0,225.0,3450.0,8.0
Plot  Area,Ready To Move,Yelahanka,3.0,1.0,120.0,2500.0,5.0
Built-up  Area,Ready To Move,Sarjapur  Road,2.0,2.0,55.0,1130.0,2.0
Super built-up  Area,Ready To Move,Bellandur,2.0,1.0,51.0,1049.0,2.0
Super built-up  Area,Ready To Move,Amruthahalli,4.0,0.0,175.0,2650.0,3.0
Super built-up  Area,18-Dec,Varthur Road,2.0,1.0,25.4,850.0,2.0
Super built-up  Area,20-Jan,Badavala Nagar,3.0,2.0,115.0,1842.0,3.0
Plot  Area,Ready To Move,Govindaraja Nagar Ward,5.0,3.0,370.0,2600.0,5.0
Super built-up  Area,20-Dec,Jakkur,2.0,1.0,72.0,1282.0,2.0
Super built-up  Area,Ready To Move,Kalena Agrahara,2.0,1.0,40.0,800.0,2.0
Plot  Area,Ready To Move,Gidada Konnenahalli,4.0,2.0,240.0,1200.0,4.0
Super built-up  Area,18-Sep,Chandapura,2.0,2.0,30.35,1190.0,3.0
Super built-up  Area,18-May,Magadi Road,2.0,1.0,68.0,1318.0,3.0
Super built-up  Area,19-Jul,Kanakpura Road,2.0,1.0,105.0,1698.0,2.0
Super built-up  Area,Ready To Move,Jayanagar,2.0,1.0,182.0,2030.0,3.0
Super built-up  Area,Ready To Move,Kammasandra,2.0,1.0,31.9,1276.0,3.0
Super built-up  Area,Ready To Move,Shikaripalya,2.0,1.0,67.0,1555.0,3.0
Super built-up  Area,17-May,Sarjapur  Road,3.0,2.0,145.0,1881.0,3.0
Super built-up  Area,Ready To Move,frazertown,3.0,2.0,325.0,2900.0,3.0
Super built-up  Area,18-Jul,Yelahanka,3.0,2.0,109.0,1890.0,3.0
Super built-up  Area,Ready To Move,M V Extenstion,5.0,2.0,135.0,900.0,5.0
Super built-up  Area,20-Dec,Old Madras Road,2.0,1.0,32.0,935.0,2.0
Super built-up  Area,Ready To Move,Cox Town,2.0,3.0,58.0,1000.0,2.0
Super built-up  Area,Ready To Move,Singasandra,3.0,2.0,75.0,1510.0,3.0
Built-up  Area,Ready To Move,Uttarahalli,2.0,1.0,50.0,1120.0,2.0
Super built-up  Area,Ready To Move,Ananth Nagar,2.0,1.0,25.99,930.0,2.0
Super built-up  Area,Ready To Move,Electronic City,2.0,2.0,42.0,1160.0,3.0
Super built-up  Area,Ready To Move,Raja Rajeshwari Nagar,2.0,2.0,48.1,1419.0,2.0
Super built-up  Area,Ready To Move,Talaghattapura,2.0,2.0,62.0,1175.0,2.0
Built-up  Area,Ready To Move,Bellandur,2.0,1.0,63.0,1350.0,3.0
Super built-up  Area,Ready To Move,Malleshwaram,3.0,2.0,330.0,2215.0,3.0
Super built-up  Area,Ready To Move,Attibele,2.0,1.0,24.9,996.0,2.0
Super built-up  Area,19-Dec,Anjanapura,2.0,1.0,30.13,1076.0,2.0
Super built-up  Area,Ready To Move,Off Bannergatta road,4.0,3.0,115.0,2180.0,4.0
Super built-up  Area,Ready To Move,Kasavanhalli,3.0,3.0,112.0,1715.0,3.0
Super built-up  Area,Ready To Move,Hebbal,2.0,2.0,45.0,1072.0,2.0
Super built-up  Area,Ready To Move,Panathur,2.0,1.0,80.0,1230.0,2.0
Super built-up  Area,Ready To Move,Murugeshpalya,2.0,1.0,65.0,1600.0,3.0
Super built-up  Area,18-Dec,Thanisandra,3.0,1.0,93.25,1411.0,3.0
Built-up  Area,Ready To Move,Rayasandra,5.0,3.0,145.0,3600.0,5.0
Super built-up  Area,Ready To Move,Jalahalli,3.0,2.0,138.0,2404.0,3.0
Plot  Area,Ready To Move,Sahakara Nagar,4.0,2.0,190.0,1200.0,4.0
Plot  Area,18-Apr,Nagarbhavi,3.0,2.0,226.0,1200.0,3.0
Built-up  Area,Ready To Move,Doddathoguru,3.0,1.0,45.0,1208.0,3.0
Plot  Area,Ready To Move,Yeshwanthpur,5.0,2.0,300.0,1700.0,5.0
Super built-up  Area,18-Dec,Haralur Road,2.0,1.0,69.84,1225.0,2.0
Super built-up  Area,18-Sep,Hebbal,2.0,1.0,69.0,1162.0,2.0
Super built-up  Area,Ready To Move,Thanisandra,2.0,1.0,65.0,1262.0,3.0
Super built-up  Area,18-Apr,Konanakunte Cross,2.0,2.0,35.0,1050.0,2.0
Built-up  Area,18-Dec,Electronic City Phase II,2.0,1.0,33.51,1160.0,2.0
Plot  Area,18-Jul,Channasandra,3.0,1.0,61.95,1500.0,3.0
Super built-up  Area,Ready To Move,Vaderahalli,3.0,3.0,85.0,1610.0,3.0
Super built-up  Area,Ready To Move,Whitefield,2.0,2.0,41.0,1340.0,2.0
Super built-up  Area,Ready To Move,Sarjapur  Road,4.0,2.0,182.0,2275.0,3.0
Super built-up  Area,Ready To Move,Budigere,2.0,1.0,58.0,1162.0,2.0
Built-up  Area,Ready To Move,Manorayana Palya,2.0,0.0,145.0,1500.0,2.0
Plot  Area,Ready To Move,Hiremath Layout,3.0,1.0,135.0,3150.0,4.0
Super built-up  Area,18-Jul,Hosa Road,2.0,2.0,65.0,1170.0,2.0
Super built-up  Area,Ready To Move,Sarjapur  Road,2.0,1.0,25.0,980.0,2.0
Built-up  Area,Ready To Move,Channasandra,3.0,2.0,60.0,1800.0,3.0
Super built-up  Area,20-Dec,Banashankari Stage VI,2.0,1.0,71.73,1423.0,3.0
Super built-up  Area,Ready To Move,Kaggadasapura,2.0,3.0,40.0,1106.0,2.0
Built-up  Area,Ready To Move,Kereguddadahalli,2.0,2.0,27.6,1105.0,2.0
Plot  Area,Ready To Move,Cunningham Road,6.0,2.0,1800.0,7500.0,4.0
Super built-up  Area,Ready To Move,Tirumanahalli,2.0,1.0,56.7,1255.0,2.0
Super built-up  Area,Ready To Move,Sarjapur  Road,2.0,2.0,65.0,1525.0,3.0
Super built-up  Area,17-Aug,Babusapalaya,2.0,1.0,38.95,1061.0,2.0
Plot  Area,19-Mar,Hoskote near,2.0,2.0,29.5,600.0,2.0
Super built-up  Area,18-May,Electronic City Phase II,2.0,2.0,40.45,1400.0,3.0
Super built-up  Area,Ready To Move,Domlur,3.0,2.0,145.0,2100.0,3.0
Super built-up  Area,Ready To Move,Electronic City,1.0,1.0,16.5,660.0,2.0
Built-up  Area,Ready To Move,Kengeri,1.0,1.0,18.0,633.0,2.0
Super built-up  Area,Ready To Move,Indira Nagar,2.0,3.0,120.0,1260.0,2.0
Super built-up  Area,Ready To Move,ITPL,2.0,0.0,55.43,907.0,2.0
Super built-up  Area,18-Oct,Hennur Road,3.0,2.0,67.55,2047.0,3.0
Built-up  Area,Ready To Move,"Haralur Road, ",4.0,3.0,189.0,2597.0,4.0
Built-up  Area,Ready To Move,Bellandur,2.0,1.0,63.0,1211.0,2.0
Super built-up  Area,Ready To Move,Hennur Road,3.0,2.0,129.0,1904.0,3.0
Super built-up  Area,20-Jan,Balagere,2.0,1.0,73.87,1205.0,2.0
Super built-up  Area,Ready To Move,Yeshwanthpur,2.0,2.0,64.08,1164.0,2.0
Super built-up  Area,Ready To Move,Mahaganapathy Nagar,2.0,2.0,73.0,1410.0,2.0
Built-up  Area,Ready To Move,Green View Layout,2.0,1.0,42.0,1150.0,2.0
Super built-up  Area,18-Jul,Udayapur Village,2.0,2.0,53.11,1170.0,2.0
Built-up  Area,Ready To Move,Hennur,2.0,1.0,62.0,1420.0,2.0
Super built-up  Area,Ready To Move,Panathur,2.0,2.0,45.0,1125.0,2.0
Built-up  Area,Ready To Move,NRI Layout,3.0,3.0,75.0,1789.0,3.0
Super built-up  Area,Ready To Move,Hulimavu,2.0,1.0,76.0,1021.0,2.0
Super built-up  Area,18-May,Ananth Nagar,2.0,2.0,26.85,1074.0,2.0
Super built-up  Area,Ready To Move,Kalena Agrahara,2.0,3.0,48.0,1222.0,2.0
Super built-up  Area,Ready To Move,Hennur Road,3.0,1.0,134.0,1981.0,3.0
Built-up  Area,Ready To Move,Yelachenahalli,2.0,2.0,55.0,1103.0,2.0
Super built-up  Area,Ready To Move,Adugodi,2.0,1.0,65.0,1201.0,2.0
Super built-up  Area,Ready To Move,Sarjapur  Road,2.0,1.0,36.0,970.0,2.0
Super built-up  Area,Ready To Move,Sarjapur,2.0,2.0,33.0,920.0,2.0
Super built-up  Area,Ready To Move,Yeshwanthpur,3.0,3.0,85.0,1520.0,3.0
Plot  Area,Ready To Move,Chikkathoguru,3.0,2.0,75.0,675.0,3.0
Super built-up  Area,17-Nov,Sonnenahalli,2.0,1.0,75.0,1268.0,3.0
Super built-up  Area,Ready To Move,Thippasandra,1.0,0.0,30.0,660.0,1.0
Super built-up  Area,Ready To Move,Harlur,3.0,2.0,115.0,1755.0,3.0
Super built-up  Area,Ready To Move,Hoskote,2.0,1.0,35.0,945.0,2.0
Carpet  Area,18-Jul,8th Phase JP Nagar,1.0,1.0,33.0,500.0,1.0
Super built-up  Area,Ready To Move,Harlur,4.0,0.0,153.5,2820.0,4.0
Built-up  Area,Ready To Move,Bommenahalli,3.0,0.0,140.0,1632.0,4.0
Super built-up  Area,Ready To Move,Rachenahalli,2.0,2.0,37.5,1167.0,2.0
Super built-up  Area,Ready To Move,Domlur,2.0,2.0,80.0,1276.0,2.0
Built-up  Area,Ready To Move,Thanisandra,2.0,2.0,51.0,1234.0,2.0
Super built-up  Area,Ready To Move,Lakshminarayana Pura,2.0,1.0,75.0,1180.0,2.0
Super built-up  Area,Ready To Move,ISRO Layout,2.0,2.0,87.0,1370.0,3.0
Super built-up  Area,18-Sep,Chandapura,2.0,2.0,25.88,1015.0,2.0
Plot  Area,Ready To Move,RK Colony,9.0,3.0,230.0,1200.0,9.0
Built-up  Area,Ready To Move,Electronic City,3.0,1.0,90.0,1400.0,3.0
Plot  Area,Ready To Move,Whitefield,6.0,3.0,155.0,1500.0,5.0
Plot  Area,Ready To Move,Bagalakunte,2.0,0.0,40.0,1050.0,2.0
Super built-up  Area,18-Jul,Ramagondanahalli,2.0,1.0,46.0,1251.0,2.0
Super built-up  Area,Ready To Move,Yeshwanthpur,3.0,2.0,92.13,1677.0,3.0
Super built-up  Area,19-Mar,Sarjapur  Road,2.0,1.0,67.38,1346.0,2.0
Built-up  Area,18-Jul,Electronic City Phase II,2.0,1.0,31.48,1090.0,2.0
Plot  Area,Ready To Move,2nd Stage Nagarbhavi,4.0,3.0,240.0,1200.0,5.0
Super built-up  Area,Ready To Move,Kanakapura,2.0,3.0,51.1,1290.0,3.0
Super built-up  Area,18-Jul,Rajaji Nagar,7.0,2.0,1500.0,7514.0,5.0
Super built-up  Area,Ready To Move,Sarjapur  Road,3.0,2.0,145.0,1881.0,3.0
Super built-up  Area,Ready To Move,Garudachar Palya,2.0,2.0,52.0,1150.0,2.0
Plot  Area,Ready To Move,2 Bedroom Furnished Farm House in Kolar Road,2.0,2.0,200.0,54450.0,2.0
Built-up  Area,Ready To Move,Sarjapur,3.0,2.0,295.0,2690.0,3.0
Super built-up  Area,Ready To Move,Kanakpura Road,2.0,2.0,42.0,1200.0,3.0
Super built-up  Area,Ready To Move,Rajapura,2.0,2.0,40.0,933.4454079999999,2.0
Super built-up  Area,Ready To Move,Dairy Circle,4.0,2.0,340.0,2735.0,3.0
Built-up  Area,Ready To Move,Austin Town,2.0,0.0,65.0,950.0,2.0
Built-up  Area,Ready To Move,Bommasandra Industrial Area,3.0,3.0,40.5,1491.0,3.0
Super built-up  Area,19-Jul,Ramamurthy Nagar,2.0,1.0,51.66,1050.0,2.0
Super built-up  Area,22-Jun,Hoodi,3.0,2.0,131.0,1660.0,3.0
Super built-up  Area,Ready To Move,Nagavarapalya,2.0,2.0,55.0,1134.0,2.0
Built-up  Area,Ready To Move,Hebbal,2.0,1.0,60.0,1100.0,2.0
Plot  Area,Ready To Move,Magadi Road,4.0,2.0,60.0,800.0,4.0
Plot  Area,19-May,Anekal,2.0,1.0,36.1,1200.0,2.0
Plot  Area,Ready To Move,Nagarbhavi,4.0,3.0,240.0,1200.0,4.0
Plot  Area,Ready To Move,kg halli jalhalli west,3.0,1.0,80.0,980.0,3.0
Super built-up  Area,Ready To Move,Vasatha Vallbha Nagar,2.0,1.0,37.8,1080.0,2.0
Super built-up  Area,Ready To Move,CV Raman Nagar,2.0,1.0,50.0,705.0,1.0
Super built-up  Area,Ready To Move,BAGUR ROAD,2.0,2.0,35.0,1200.0,3.0
Super built-up  Area,Ready To Move,Anandapura,2.0,1.0,50.0,1200.0,2.0
Super built-up  Area,21-Dec,Talaghattapura,3.0,2.0,127.0,1804.0,3.0
Built-up  Area,Ready To Move,Sidedahalli,2.0,0.0,20.0,750.0,2.0
Super built-up  Area,Ready To Move,Shanti Nagar,1.0,1.0,25.0,420.0,2.0
Built-up  Area,Ready To Move,Malleshwaram,4.0,2.0,252.0,2800.0,4.0
Super built-up  Area,18-May,Battarahalli,2.0,2.0,38.37,1090.0,2.0
Plot  Area,Ready To Move,R.T. Nagar,2.0,0.0,230.0,1500.0,2.0
Built-up  Area,Ready To Move,Electronic City,3.0,1.0,55.0,1287.0,3.0
Super built-up  Area,Ready To Move,Thigalarapalya,4.0,2.0,157.0,2215.0,3.0
Plot  Area,Ready To Move,Kadubeesanahalli,4.0,2.0,375.0,2800.0,4.0
Built-up  Area,Ready To Move,Sarjapur  Road,2.0,2.0,42.15,1045.0,2.0
Super built-up  Area,19-Jul,Hormavu,2.0,1.0,47.36,1263.0,2.0
Super built-up  Area,Ready To Move,Whitefield,3.0,2.0,85.0,1431.0,3.0
Super built-up  Area,Ready To Move,Dommasandra,2.0,2.0,32.9,999.0,2.0
Super built-up  Area,Ready To Move,Vittasandra,3.0,2.0,85.5,1650.0,3.0
Super built-up  Area,Ready To Move,Lavakusha Nagar,3.0,1.0,72.0,1535.0,3.0
Super built-up  Area,18-Apr,Marathahalli,5.0,2.0,180.0,2524.0,4.0
Super built-up  Area,21-Dec,Kanakpura Road,3.0,2.0,69.0,1300.0,3.0
Plot  Area,Ready To Move,1st Block HRBR Layout,3.0,2.0,125.0,600.0,3.0
Super built-up  Area,Ready To Move,7th Phase JP Nagar,3.0,2.0,150.0,2095.0,3.0
Super built-up  Area,Ready To Move,Yelahanka New Town,1.0,1.0,8.0,284.0,1.0
Super built-up  Area,18-Jun,Ananth Nagar,1.0,1.0,14.0,500.0,1.0
Super built-up  Area,Ready To Move,Nallurhalli,2.0,2.0,68.0,1265.0,2.0
Super built-up  Area,Ready To Move,Kudlu Gate,2.0,1.0,44.96,1215.0,2.0
Plot  Area,Ready To Move,Yelahanka New Town,2.0,0.0,180.0,2200.0,2.0
Built-up  Area,Ready To Move,Electronics City Phase 1,2.0,1.0,51.0,1028.0,2.0
Super built-up  Area,Ready To Move,Hegde Nagar,2.0,2.0,92.0,1835.0,3.0
Super built-up  Area,Ready To Move,Munnekollal,3.0,3.0,65.0,1800.0,3.0
Super built-up  Area,18-May,1st Phase JP Nagar,3.0,3.0,175.0,2077.0,3.0
Plot  Area,Ready To Move,Sarjapur  Road,3.0,2.0,211.0,2880.0,4.0
Built-up  Area,Ready To Move,Balepet,5.0,0.0,89.0,499.0,6.0
Super built-up  Area,Ready To Move,Dasanapura,2.0,1.0,31.15,708.0,2.0
Super built-up  Area,Ready To Move,Basavangudi,2.0,3.0,120.0,1200.0,2.0
Built-up  Area,Ready To Move,Hosakerehalli,2.0,1.0,46.25,925.0,2.0
Built-up  Area,18-Mar,Bannerghatta Road,3.0,1.0,148.0,2826.0,3.0
Carpet  Area,20-Dec,Kanakpura Road,1.0,0.0,33.66,458.0,1.0
Built-up  Area,Ready To Move,Annasandrapalya,4.0,0.0,150.0,3500.0,4.0
Plot  Area,Ready To Move,Bileshivale,4.0,2.0,250.0,5400.0,4.0
Plot  Area,Ready To Move,9th Block Jayanagar,5.0,2.0,200.0,1000.0,4.0
Built-up  Area,Ready To Move,Amruthahalli,2.0,1.0,90.0,1450.0,3.0
Super built-up  Area,Ready To Move,Kasavanhalli,2.0,1.0,65.0,1100.0,2.0
Super built-up  Area,Ready To Move,Kadubeesanahalli,2.0,3.0,55.0,1185.0,2.0
Built-up  Area,Ready To Move,9th Phase JP Nagar,4.0,2.0,80.0,1900.0,4.0
Plot  Area,Ready To Move,TC Palaya,2.0,1.0,70.0,1200.0,2.0
Super built-up  Area,20-Apr,Shettigere,1.0,1.0,35.0,660.0,1.0
Super built-up  Area,Ready To Move,Ambedkar Nagar,4.0,2.0,121.0,1920.0,3.0
Plot  Area,Ready To Move,Jalahalli,2.0,0.0,130.0,1200.0,2.0
Built-up  Area,Ready To Move,Sarjapur  Road,2.0,2.0,222.0,3418.0,4.0
Super built-up  Area,Ready To Move,1st Phase JP Nagar,2.0,1.0,240.0,4550.0,4.0
Super built-up  Area,18-Sep,Bhoganhalli,2.0,1.0,68.32,1205.0,2.0
Super built-up  Area,Ready To Move,Haralur Road,2.0,2.0,46.0,1200.0,2.0
Super built-up  Area,Ready To Move,Akshaya Nagar,2.0,2.0,73.0,1421.0,3.0
Super built-up  Area,18-Aug,6th Phase JP Nagar,3.0,3.0,48.9,1250.0,3.0
Super built-up  Area,19-Dec,Whitefield,1.0,1.0,29.0,524.0,1.0
Built-up  Area,Ready To Move,HSR Layout,5.0,2.0,245.0,4200.0,5.0
Super built-up  Area,Ready To Move,Thubarahalli,3.0,2.0,90.0,1540.0,3.0
Super built-up  Area,19-Nov,Sarjapur  Road,2.0,1.0,45.91,984.0,2.0
Super built-up  Area,20-Nov,Rachenahalli,2.0,1.0,50.17,985.0,2.0
Built-up  Area,18-Jun,Whitefield,4.0,3.0,161.0,2830.0,4.0
Super built-up  Area,Ready To Move,Byrasandra,2.0,3.0,60.0,1140.0,2.0
Built-up  Area,Ready To Move,5th Block Hbr Layout,5.0,3.0,130.0,3600.0,5.0
Super built-up  Area,Ready To Move,Begur Road,2.0,3.0,44.42,1410.0,3.0
Super built-up  Area,Ready To Move,Raja Rajeshwari Nagar,2.0,2.0,86.0,1700.0,3.0
Super built-up  Area,19-Dec,Devanahalli,2.0,0.0,62.425,1360.0,2.0
Plot  Area,Ready To Move,Electronic City,3.0,2.0,700.0,1800.0,4.0
Super built-up  Area,18-Apr,Dasarahalli,2.0,1.0,86.65,1333.0,2.0
Super built-up  Area,Ready To Move,Electronic City,2.0,1.0,85.5,1258.0,2.0
Super built-up  Area,Ready To Move,Dodda Nekkundi Extension,2.0,2.0,87.0,1458.0,3.0
Built-up  Area,Ready To Move,Electronic City,2.0,1.0,85.0,1386.0,2.0
Built-up  Area,18-Aug,Electronic City Phase II,2.0,1.0,32.92,1140.0,2.0
Built-up  Area,Ready To Move, Electronic City,1.0,1.0,27.0,550.0,1.0
Super built-up  Area,Ready To Move,Lakshminarayana Pura,2.0,3.0,83.0,1200.0,2.0
Super built-up  Area,Ready To Move,Belathur,2.0,1.0,39.0,1081.0,2.0
Super built-up  Area,Ready To Move,Whitefield,3.0,2.0,149.0,2135.0,4.0
Built-up  Area,18-Aug,Whitefield,4.0,0.0,100.0,2500.0,4.0
Super built-up  Area,Ready To Move,Pampa Extension,2.0,1.0,80.0,1178.0,2.0
Super built-up  Area,Ready To Move, Devarachikkanahalli,2.0,2.0,40.0,991.0,2.0
Super built-up  Area,Ready To Move,Gottigere,2.0,3.0,90.0,1493.0,3.0
Super built-up  Area,Ready To Move,Subramanyapura,3.0,3.0,130.0,2495.0,3.0
Super built-up  Area,Ready To Move,Kammasandra,2.0,1.0,31.99,1080.0,2.0
Super built-up  Area,Ready To Move,Dasanapura,2.0,1.0,53.0,814.0,2.0
Super built-up  Area,Ready To Move,Electronic City,2.0,1.0,50.0,1025.0,2.0
Super built-up  Area,21-Dec,Bannerghatta Road,2.0,1.0,61.0,1115.0,2.0
Super built-up  Area,Ready To Move,Whitefield,2.0,3.0,188.0,3075.0,4.0
Plot  Area,Ready To Move,RMC YARD,3.0,0.0,162.0,1900.0,7.0
Super built-up  Area,Ready To Move,Whitefield,3.0,2.0,160.0,1760.0,3.0
Super built-up  Area,Ready To Move,Attur Layout,8.0,1.0,150.0,4000.0,7.0
Built-up  Area,Ready To Move,Marathahalli,4.0,2.0,350.0,3090.0,4.0
Built-up  Area,Ready To Move,Varsova Layout,4.0,3.0,295.0,2700.0,4.0
Super built-up  Area,Ready To Move,Hanumanth Nagar,2.0,2.0,52.86,1175.0,2.0
Super built-up  Area,20-Dec,Hebbal,5.0,3.0,364.0,4235.0,4.0
Super built-up  Area,Ready To Move,KR Puram,2.0,2.0,45.0,1100.0,2.0
Plot  Area,Ready To Move,Banashankari Stage VI,7.0,1.0,175.0,1200.0,8.0
Super built-up  Area,Ready To Move,Banashankari,2.0,2.0,50.75,1450.0,2.0
Super built-up  Area,Ready To Move,6th Phase JP Nagar,3.0,3.0,131.0,1810.0,3.0
Super built-up  Area,Ready To Move,Gunjur Palya,2.0,3.0,71.0,1426.0,3.0
Built-up  Area,Ready To Move,Sector 7 HSR Layout,2.0,3.0,195.0,2400.0,3.0
Built-up  Area,Ready To Move,Kalyan nagar,2.0,1.0,70.0,1100.0,2.0
Super built-up  Area,Ready To Move,Electronic City Phase II,1.0,1.0,35.0,650.0,1.0
Super built-up  Area,20-Dec,Old Madras Road,3.0,2.0,47.25,1350.0,3.0
Super built-up  Area,18-Dec,Kaikondrahalli,2.0,1.0,27.0,900.0,2.0
Super built-up  Area,Ready To Move,Billekahalli,2.0,3.0,110.0,1360.0,2.0
Super built-up  Area,Ready To Move,Yeshwanthpur,1.0,1.0,36.85,674.0,1.0
Super built-up  Area,18-Jul,Whitefield,3.0,2.0,110.0,1655.0,3.0
Plot  Area,Ready To Move,Cholanayakanahalli,2.0,2.0,95.0,1300.0,2.0
Built-up  Area,19-Mar,"Panathur Road, ",1.0,0.0,53.0,936.0,1.0
Super built-up  Area,Ready To Move,Kaverappa Layout,2.0,2.0,92.0,1277.0,2.0
Super built-up  Area,Ready To Move,Gkvk Layout,2.0,1.0,54.0,1200.0,2.0
Super built-up  Area,Ready To Move,Hormavu,2.0,1.0,39.08,1015.0,2.0
Super built-up  Area,Ready To Move,Budigere,2.0,2.0,60.0,1153.0,2.0
Super built-up  Area,Ready To Move,Kengeri,2.0,1.0,51.5,1035.0,2.0
Built-up  Area,Ready To Move,KR Puram,3.0,1.0,255.0,3300.0,5.0
Super built-up  Area,Ready To Move,Uttarahalli,2.0,1.0,46.0,1150.0,2.0
Super built-up  Area,Ready To Move,Malleshwaram,2.0,1.0,80.0,1020.0,2.0
Super built-up  Area,18-Jun,Old Madras Road,6.0,0.0,212.5,3715.0,4.0
Super built-up  Area,Ready To Move,8th Phase JP Nagar,2.0,1.0,95.0,1160.0,2.0
Super built-up  Area,Ready To Move,Bisuvanahalli,2.0,1.0,31.0,1075.0,3.0
Built-up  Area,Ready To Move,Brookefield,2.0,2.0,72.0,1225.0,2.0
Plot  Area,Ready To Move,Benson Town,5.0,3.0,950.0,5000.0,4.0
Plot  Area,Ready To Move,Vivek Nagar,2.0,1.0,160.0,1600.0,2.0
Plot  Area,Ready To Move,Malleshwaram,1.0,0.0,90.0,600.0,2.0
Built-up  Area,Ready To Move,Nagappa Reddy Layout,3.0,2.0,60.0,1350.0,3.0
Super built-up  Area,21-Oct,Kanakpura Road,3.0,1.0,69.0,1300.0,3.0
Super built-up  Area,18-Dec,Channasandra,2.0,1.0,36.28,830.0,2.0
Super built-up  Area,Ready To Move,Hennur Road,2.0,1.0,69.18,1155.0,2.0
Super built-up  Area,Ready To Move,Sarakki Nagar,5.0,3.0,345.0,3126.0,4.0
Super built-up  Area,Ready To Move,Jalahalli,2.0,2.0,55.0,905.0,2.0
Super built-up  Area,Ready To Move,Vijayanagar,2.0,0.0,75.0,1375.0,3.0
Super built-up  Area,18-Apr,Electronic City,2.0,2.0,33.84,1140.0,2.0
Super built-up  Area,Ready To Move,Hormavu,2.0,2.0,60.0,1550.0,3.0
Super built-up  Area,Ready To Move,Kannamangala,2.0,1.0,55.0,957.0,2.0
Built-up  Area,Ready To Move,9th Phase JP Nagar,2.0,2.0,45.0,890.0,2.0
Super built-up  Area,Ready To Move,KR Puram,4.0,2.0,235.0,3000.0,4.0
Super built-up  Area,Ready To Move,Electronic City,2.0,1.0,55.0,1070.0,2.0
Plot  Area,Ready To Move,Bendiganahalli,5.0,1.0,150.0,2400.0,5.0
Plot  Area,Ready To Move,Domlur Layout,4.0,2.0,595.0,2400.0,4.0
Super built-up  Area,Ready To Move,Rachenahalli,2.0,1.0,37.0,925.0,2.0
Built-up  Area,Ready To Move,Kammasandra,2.0,2.0,60.0,1415.0,2.0
Plot  Area,Ready To Move,Mylasandra,2.0,0.0,80.0,500.0,1.0
Super built-up  Area,Ready To Move,Thanisandra,2.0,1.0,37.0,1225.0,2.0
Built-up  Area,Ready To Move,Hennur Road,4.0,0.0,90.0,2000.0,4.0
Super built-up  Area,19-Dec,Whitefield,1.0,1.0,57.0,840.0,1.0
Plot  Area,Ready To Move,Banashankari Stage III,9.0,2.0,200.0,1560.0,9.0
Super built-up  Area,18-Dec,Thanisandra,3.0,1.0,112.0,1732.0,3.0
Plot  Area,Ready To Move,Parappana Agrahara,1.0,0.0,45.0,1200.0,1.0
Super built-up  Area,Ready To Move,Bhoganhalli,2.0,1.0,69.9,1260.0,2.0
Super built-up  Area,Ready To Move,Doddanakundi Industrial Area 2,2.0,1.0,49.0,1092.0,2.0
Super built-up  Area,Ready To Move,Kachanayakanahalli,2.0,0.0,34.0,827.0,2.0
Super built-up  Area,Ready To Move,Horamavu Banaswadi,2.0,2.0,54.0,1357.0,2.0
Super built-up  Area,Ready To Move,Chamrajpet,1.0,1.0,40.0,650.0,2.0
Super built-up  Area,Ready To Move,7th Phase JP Nagar,2.0,1.0,54.79,1370.0,3.0
Super built-up  Area,Ready To Move,Whitefield,3.0,2.0,106.0,1725.0,3.0
Built-up  Area,Ready To Move,Jalahalli,2.0,0.0,70.0,1000.0,2.0
Plot  Area,Ready To Move,TC Palaya,1.0,0.0,55.0,1350.0,1.0
Plot  Area,Ready To Move,7th Phase JP Nagar,4.0,2.0,350.0,3200.0,4.0
Super built-up  Area,Ready To Move,Bellandur,3.0,2.0,110.0,1717.0,3.0
Super built-up  Area,21-Dec,Kanakpura Road,2.0,1.0,34.0,700.0,2.0
Super built-up  Area,Ready To Move,Shanthi Pura,2.0,1.0,32.0,800.0,2.0
Super built-up  Area,Ready To Move,Rajaji Nagar,4.0,3.0,340.0,2367.0,3.0
Super built-up  Area,Ready To Move,Sonnenahalli,2.0,1.0,65.0,1415.0,3.0
Super built-up  Area,19-Dec,7th Phase JP Nagar,3.0,1.0,145.0,1976.0,3.0
Super built-up  Area,Ready To Move,Kambipura,2.0,1.0,37.01,883.0,2.0
Super built-up  Area,Ready To Move,Yelahanka,1.0,1.0,38.0,700.0,1.0
Super built-up  Area,Ready To Move,Sarjapur,3.0,1.0,50.0,1445.0,3.0
Super built-up  Area,19-Dec,Battarahalli,3.0,2.0,104.0,2082.0,3.0
Super built-up  Area,Ready To Move,HSR Layout,2.0,2.0,46.0,1140.0,2.0
Super built-up  Area,Ready To Move,Thanisandra,2.0,1.0,66.0,933.0,2.0
Plot  Area,Ready To Move,NRI Layout,5.0,1.0,95.5,800.0,4.0
Built-up  Area,Ready To Move,Electronic City Phase II,2.0,1.0,57.0,1155.0,2.0
Super built-up  Area,Ready To Move,Whitefield,2.0,1.0,36.0,1130.0,2.0
Super built-up  Area,Ready To Move,Bannerghatta,2.0,2.0,73.2,1200.0,2.0
Super built-up  Area,Ready To Move,Basaveshwara Nagar Yelahanka,2.0,1.0,43.0,1055.0,2.0
Super built-up  Area,Ready To Move,Rajaji Nagar,3.0,2.0,125.0,1555.0,3.0
Super built-up  Area,Ready To Move,Bellandur,3.0,2.0,62.0,1420.0,3.0
Super built-up  Area,20-Apr,Viviani Road,3.0,2.0,350.0,2214.0,3.0
Super built-up  Area,18-Apr,Devanahalli,1.0,1.0,26.91,658.0,1.0
Carpet  Area,18-Dec,Bhoganhalli,2.0,1.0,78.74,896.9,2.0
Plot  Area,Ready To Move,Giri Nagar,3.0,2.0,750.0,4000.0,4.0
Built-up  Area,Ready To Move,KR Puram,2.0,2.0,40.0,1035.0,2.0
Plot  Area,Ready To Move,Whitefield,5.0,2.0,225.0,2064.0,4.0
Super built-up  Area,Ready To Move,Keshava Nagar,3.0,3.0,160.0,1839.0,3.0
Super built-up  Area,Ready To Move,Begur Road,2.0,2.0,44.0,1200.0,2.0
Built-up  Area,Ready To Move,Yelahanka New Town,1.0,1.0,20.0,488.0,1.0
Built-up  Area,Ready To Move,Banashankari Stage II,2.0,1.0,198.0,1200.0,3.0
Built-up  Area,Ready To Move,Sampangirama Nagar,5.0,2.0,140.0,2760.0,5.0
Super built-up  Area,Ready To Move,Gunjur Palya,2.0,2.0,42.0,993.0,2.0
Super built-up  Area,Ready To Move,Hoodi,2.0,1.0,45.0,1225.0,2.0
Plot  Area,Ready To Move,TC Palaya,2.0,0.0,55.0,900.0,2.0
Plot  Area,18-Feb,Electronic City,13.0,2.0,150.0,1200.0,9.0
Built-up  Area,Ready To Move,Sompura,2.0,1.0,32.0,825.0,2.0
Super built-up  Area,Ready To Move,Bellandur,4.0,2.0,359.0,3596.0,4.0
Plot  Area,Ready To Move,Hosahalli Extension,4.0,1.0,203.0,1350.0,6.0
Super built-up  Area,Ready To Move,Electronic City Phase II,3.0,3.0,92.0,1800.0,3.0
Super built-up  Area,Ready To Move,Shankarapuram,2.0,1.0,100.0,925.0,2.0
Super built-up  Area,21-Mar,Kanakpura Road,2.0,1.0,63.0,1167.0,2.0
Super built-up  Area,Ready To Move,Sarjapur,2.0,1.0,41.0,1150.0,2.0
Super built-up  Area,18-Aug,Byatarayanapura,1.0,1.0,50.0,650.0,1.0
Built-up  Area,Ready To Move,Sarjapur  Road,1.0,1.0,27.0,675.0,1.0
Plot  Area,Ready To Move,Doctor Layout Rayasandra,3.0,1.0,90.0,2260.0,2.0
Super built-up  Area,18-Apr,Anwar Layout,1.0,0.0,32.39,720.0,1.0
Plot  Area,Ready To Move,Whitefield,4.0,2.0,600.0,4800.0,3.0
Super built-up  Area,Ready To Move,Yelahanka New Town,2.0,1.0,58.0,1100.0,2.0
Super built-up  Area,Ready To Move,Pillanna Gardens,1.0,1.0,20.0,550.0,2.0
Super built-up  Area,Ready To Move,Uttarahalli,2.0,1.0,58.0,1330.0,3.0
Super built-up  Area,Ready To Move,Koramangala,2.0,1.0,160.0,1320.0,2.0
Super built-up  Area,Ready To Move,Ulsoor,4.0,2.0,185.0,1685.0,3.0
Super built-up  Area,Ready To Move,Ullal Uppanagar,5.0,2.0,75.0,2400.0,6.0
Super built-up  Area,18-Apr,Banashankari,3.0,3.0,108.0,1770.0,3.0
Super built-up  Area,Ready To Move,Prithvi Layout,3.0,3.0,125.0,2100.0,3.0
Super built-up  Area,Ready To Move,Pai Layout,2.0,3.0,42.0,1000.0,2.0
Plot  Area,Ready To Move,Banashankari Stage VI,5.0,1.0,105.0,600.0,4.0
Plot  Area,Ready To Move,Ramamurthy Nagar,5.0,1.0,230.0,2916.0,4.0
Super built-up  Area,Ready To Move,Kanakpura Road,2.0,1.0,65.0,1419.59,3.0
Super built-up  Area,Ready To Move,Kodihalli,3.0,2.0,81.0,1400.0,3.0
Built-up  Area,Ready To Move,Horamavu Agara,2.0,1.0,37.49,750.0,2.0
Super built-up  Area,Ready To Move,Bannerghatta,2.0,1.0,87.0,1070.0,2.0
Super built-up  Area,18-Dec,Kannamangala,3.0,1.0,107.0,1536.0,3.0
Built-up  Area,Ready To Move,Koramangala,3.0,2.0,210.0,1710.0,3.0
Carpet  Area,Ready To Move,JP Nagar,3.0,3.0,196.0,2400.0,3.0
Super built-up  Area,18-Mar,Sarjapur  Road,2.0,2.0,102.92,1773.5,3.0
Super built-up  Area,18-Apr,Electronic City,2.0,1.0,72.0,1342.0,2.0
Super built-up  Area,Ready To Move,Chandra Layout,3.0,2.0,130.0,1600.0,3.0
Super built-up  Area,19-Dec,Kanakapura,1.0,1.0,50.0,938.0,1.0
Super built-up  Area,Ready To Move,Budigere,3.0,2.0,99.0,1820.0,3.0
Super built-up  Area,Ready To Move,Bhoganhalli,4.0,3.0,170.0,2439.0,4.0
Super built-up  Area,Ready To Move,Kanakpura Road,3.0,2.0,78.0,1665.0,3.0
Super built-up  Area,Ready To Move,Basavangudi,3.0,2.0,150.0,1850.0,3.0
Built-up  Area,Ready To Move,Bommanahalli,2.0,1.0,40.0,1091.0,2.0
Super built-up  Area,18-Apr,Sarjapur  Road,2.0,1.0,74.03,1346.0,2.0
Super built-up  Area,Ready To Move,Rajaji Nagar,3.0,2.0,224.0,1720.0,3.0
Built-up  Area,Ready To Move,Brookefield,4.0,3.0,176.0,3675.0,4.0
Super built-up  Area,18-Jun,JP Nagar,2.0,2.0,33.95,1060.0,2.0
Built-up  Area,18-Dec,Whitefield,2.0,1.0,57.0,1059.0,2.0
Super built-up  Area,Ready To Move,Hebbal,2.0,1.0,97.0,1299.0,2.0
Super built-up  Area,Ready To Move,Yelahanka,3.0,2.0,85.0,1491.0,3.0
Built-up  Area,Ready To Move,Basaveshwara Nagar,2.0,2.0,85.0,1200.0,2.0
Built-up  Area,Ready To Move,Yelahanka,5.0,0.0,110.0,2088.0,4.0
Super built-up  Area,Ready To Move,Hulimavu,1.0,1.0,29.0,581.0,1.0
Super built-up  Area,Ready To Move, Devarabeesana Halli,2.0,2.0,70.0,1296.0,2.0
Super built-up  Area,Ready To Move,Doctors Layout,2.0,1.0,55.0,1125.0,2.0
Built-up  Area,Ready To Move,Electronic City,3.0,1.0,70.0,1275.0,3.0
Super built-up  Area,Ready To Move,Kothanur,2.0,2.0,55.0,1095.0,2.0
Plot  Area,Ready To Move,Sarjapur  Road,4.0,2.0,975.0,10000.0,5.0
Super built-up  Area,Ready To Move,Old Madras Road,2.0,2.0,74.0,1330.0,2.0
Super built-up  Area,Ready To Move,Marathahalli,2.0,2.0,60.0,1135.0,2.0
Super built-up  Area,Ready To Move,Whitefield,1.0,1.0,39.0,516.0,1.0
Super built-up  Area,Ready To Move,Doddanakundi Industrial Area 2,2.0,1.0,51.0,1194.0,2.0
Plot  Area,Ready To Move,Banaswadi,5.0,2.0,240.0,2250.0,5.0
Super built-up  Area,Ready To Move,Electronic City,1.0,1.0,38.0,770.0,2.0
Super built-up  Area,Ready To Move,Sarjapur  Road,5.0,2.0,330.0,3930.0,4.0
Super built-up  Area,18-May,Chikkalasandra,3.0,2.0,54.2,1355.0,3.0
Built-up  Area,Ready To Move,Abbigere,8.0,0.0,150.0,3000.0,8.0
Built-up  Area,Ready To Move,Harlur,4.0,1.0,175.0,2569.0,4.0
Built-up  Area,Ready To Move,Hebbal,4.0,2.0,450.0,3758.0,4.0
Super built-up  Area,Ready To Move,Whitefield,2.0,3.0,51.91,1116.0,2.0
Super built-up  Area,Ready To Move,Bhoganhalli,3.0,2.0,115.0,1707.0,3.0
Plot  Area,18-Apr,AECS LAYOUT A-BLOCK Singasandra,5.0,1.0,225.0,1200.0,5.0
Super built-up  Area,Ready To Move,Sultan Palaya,2.0,2.0,49.0,1070.0,2.0
Built-up  Area,Ready To Move,Whitefield,4.0,2.0,410.0,6000.0,4.0
Super built-up  Area,18-Apr,Tumkur Road,2.0,1.0,83.0,1240.0,3.0
Super built-up  Area,19-Dec,JP Nagar,2.0,1.0,91.65,1300.0,2.0
Super built-up  Area,Ready To Move,Ambalipura,2.0,2.0,76.0,1700.0,2.0
Super built-up  Area,Ready To Move,Yeshwanthpur,2.0,2.0,76.18,1383.0,3.0
Built-up  Area,Ready To Move,Banashankari Stage I,4.0,3.0,170.0,3000.0,5.0
Built-up  Area,18-Dec,Electronic City,2.0,1.0,34.65,1200.0,2.0
Super built-up  Area,Ready To Move,Hulimavu,2.0,3.0,45.0,935.0,2.0
Super built-up  Area,Ready To Move,Thigalarapalya,4.0,2.0,151.0,2072.0,3.0
Built-up  Area,Ready To Move,Ramanjaneyanagar,3.0,1.0,225.0,2200.0,4.0
Super built-up  Area,Ready To Move,Jalahalli,1.0,1.0,46.0,615.0,1.0
Super built-up  Area,Ready To Move,KR Puram,2.0,1.0,45.0,1116.0,2.0
Super built-up  Area,18-Dec,Whitefield,3.0,2.0,107.0,1639.0,3.0
Super built-up  Area,Ready To Move,Marathahalli,3.0,2.0,130.0,1839.0,3.0
Super built-up  Area,Ready To Move,Byatarayanapura,2.0,2.0,63.0,1300.0,2.0
Super built-up  Area,Ready To Move,Horamavu Agara,1.0,1.0,27.0,625.0,1.0
Super built-up  Area,18-May,Thanisandra,1.0,1.0,61.0,933.0,1.0
Super built-up  Area,Ready To Move,Hosur Road,3.0,3.0,180.0,2289.0,3.0
Built-up  Area,Ready To Move,Ramamurthy Nagar,3.0,0.0,125.0,2316.0,3.0
Super built-up  Area,18-May,Electronic City,2.0,1.0,39.77,1005.0,2.0
Built-up  Area,Ready To Move,Horamavu Agara,2.0,1.0,38.0,1080.0,2.0
Plot  Area,Ready To Move,Munnekollal,5.0,3.0,185.0,1200.0,7.0
Super built-up  Area,Ready To Move,Vishwapriya Layout,2.0,3.0,36.0,910.0,2.0
Plot  Area,Ready To Move,Hormavu,2.0,0.0,73.0,1200.0,2.0
Super built-up  Area,Ready To Move,Electronic City,2.0,1.0,39.9,1110.0,2.0
Super built-up  Area,Ready To Move,Kothanur,2.0,2.0,56.0,1142.0,2.0
Carpet  Area,Ready To Move,2nd Stage Nagarbhavi,4.0,3.0,240.0,4000.0,5.0
Plot  Area,18-Mar,Hormavu,3.0,1.0,204.0,1800.0,3.0
Super built-up  Area,Ready To Move,AECS Layout,2.0,1.0,55.0,1005.0,2.0
Built-up  Area,18-Apr,3rd Block Banashankari,3.0,1.0,133.0,1626.6,3.0
Super built-up  Area,Ready To Move,Kothanur,2.0,2.0,54.0,1074.0,2.0
Carpet  Area,Ready To Move,Basavangudi,2.0,0.0,80.0,1230.0,2.0
Super built-up  Area,Ready To Move,Electronic City,1.0,1.0,23.0,660.0,2.0
Built-up  Area,Ready To Move,Coconut Grove Layout,2.0,2.0,48.0,1007.0,2.0
Plot  Area,Ready To Move,2nd Block Hrbr Layout,6.0,1.0,74.0,1050.0,4.0
Built-up  Area,20-Dec,Whitefield,3.0,2.0,113.0,1820.0,3.0
Super built-up  Area,Ready To Move,Basapura,2.0,1.0,60.0,1100.0,2.0
Plot  Area,Ready To Move,Anjappa Layout,2.0,0.0,100.0,1348.0,2.0
Super built-up  Area,Ready To Move,Kasavanhalli,2.0,2.0,66.25,1230.0,2.0
Super built-up  Area,18-May,Horamavu Agara,2.0,1.0,37.62,1176.0,3.0
Super built-up  Area,Ready To Move,Uttarahalli,3.0,2.0,57.0,1590.0,3.0
Built-up  Area,Ready To Move,Frazer Town,2.0,1.0,78.0,1200.0,2.0
Built-up  Area,18-Jun,"Off Sarjapur Road, ",2.0,1.0,65.0,1298.0,2.0
Super built-up  Area,18-Jul,Hosa Road,2.0,1.0,55.15,1161.0,2.0
Plot  Area,Ready To Move,Himagiri Meadows,4.0,0.0,175.0,1350.0,4.0
Plot  Area,Ready To Move,4th Block HBR Layout,5.0,2.0,138.0,1200.0,5.0
Super built-up  Area,Ready To Move,Kothanur,2.0,1.0,60.0,1285.0,2.0
Super built-up  Area,17-Jun,Electronic City,3.0,2.0,92.59,1644.0,3.0
Super built-up  Area,Ready To Move,Kasavanhalli,3.0,1.0,150.0,1819.0,3.0
Super built-up  Area,Ready To Move,1st Phase JP Nagar,2.0,1.0,85.0,1205.0,2.0
Super built-up  Area,Ready To Move,Basavangudi,3.0,3.0,300.0,2350.0,3.0
Super built-up  Area,Ready To Move,Uttarahalli,2.0,1.0,42.0,1050.0,2.0
Super built-up  Area,Ready To Move,Raja Rajeshwari Nagar,2.0,2.0,62.0,1270.0,2.0
Super built-up  Area,18-Jun,9th Phase JP Nagar,2.0,2.0,39.89,1240.0,3.0
Super built-up  Area,Ready To Move,Jigani,3.0,3.0,70.0,1221.0,3.0
Built-up  Area,Ready To Move,Hoysalanagar,2.0,2.0,35.0,840.0,3.0
Super built-up  Area,Ready To Move,Kanakpura Road,2.0,2.0,63.0,1339.0,2.0
Super built-up  Area,Ready To Move,Thigalarapalya,5.0,2.0,300.0,4303.0,4.0
Super built-up  Area,Ready To Move,Haralur Road,2.0,1.0,85.0,1315.0,2.0
Super built-up  Area,Ready To Move,Raja Rajeshwari Nagar,2.0,2.0,68.0,1250.0,2.0
Super built-up  Area,Ready To Move,Bisuvanahalli,2.0,1.0,27.0,850.0,2.0
Super built-up  Area,Ready To Move,7th Phase JP Nagar,2.0,2.0,110.0,1600.0,3.0
Built-up  Area,Ready To Move,Electronic City,2.0,1.0,62.0,1250.0,2.0
Super built-up  Area,Ready To Move,Motappa Layout,2.0,1.0,56.5,1312.0,3.0
Super built-up  Area,Ready To Move,Kadugodi,4.0,0.0,134.0,3000.0,4.0
Built-up  Area,Ready To Move,Electronic City Phase II,2.0,2.0,28.0,1300.0,2.0
Built-up  Area,Ready To Move,Whitefield,3.0,3.0,98.0,1990.0,3.0
Super built-up  Area,Ready To Move,Medahalli,2.0,2.0,38.5,760.0,2.0
Plot  Area,Ready To Move,Ambedkar Nagar,4.0,2.0,536.0,5000.0,4.0
Super built-up  Area,Ready To Move,Kadugodi,2.0,2.0,59.0,1614.0,3.0
Plot  Area,Ready To Move,Judicial Layout,3.0,2.0,162.0,1500.0,4.0
Super built-up  Area,Ready To Move,Basava Nagar,2.0,1.0,60.1,1182.0,3.0
Super built-up  Area,Ready To Move,Avalahalli,2.0,1.0,46.29,1053.0,2.0
Built-up  Area,Ready To Move,6th Phase JP Nagar,1.0,1.0,105.0,750.0,1.0
Super built-up  Area,Ready To Move,Gubbalala,3.0,3.0,125.0,2000.0,3.0
Built-up  Area,18-May,Electronic City Phase II,4.0,3.0,116.0,1940.0,3.0
Super built-up  Area,18-Dec,Hennur Road,3.0,2.0,105.0,1590.0,3.0
Super built-up  Area,18-Oct,Chennammana Kere,2.0,2.0,52.79,1035.0,2.0
Super built-up  Area,Ready To Move,Kothanur,2.0,2.0,53.0,1075.0,2.0
Plot  Area,Ready To Move,TC Palaya,2.0,0.0,55.0,900.0,2.0
Super built-up  Area,Ready To Move,Raja Rajeshwari Nagar,2.0,1.0,62.0,1260.0,3.0
Plot  Area,Ready To Move,Prashanth Nagar,5.0,0.0,260.0,1200.0,6.0
Super built-up  Area,Ready To Move,Thanisandra,3.0,2.0,107.0,1702.0,3.0
Super built-up  Area,Ready To Move,Bisuvanahalli,2.0,2.0,65.0,1080.0,3.0
Built-up  Area,Ready To Move,Kasavanhalli,2.0,1.0,45.0,1189.0,2.0
Super built-up  Area,Ready To Move,Tumkur Road,2.0,1.0,39.0,1035.0,2.0
Super built-up  Area,18-Aug,Hennur Road,2.0,1.0,36.0,1200.0,2.0
Plot  Area,Ready To Move,Mahalakshmi Layout,6.0,2.0,852.0,4482.0,8.0
Plot  Area,Ready To Move,Michael Palaya,3.0,0.0,200.0,1200.0,3.0
Super built-up  Area,20-Oct,Kanakpura Road,3.0,1.0,69.0,1300.0,3.0
Super built-up  Area,19-Apr,Yelahanka,2.0,1.0,93.65,1330.0,2.0
Super built-up  Area,Ready To Move,Kaggalipura,2.0,1.0,65.0,1210.0,3.0
Built-up  Area,Ready To Move,Chikkalasandra,2.0,2.0,54.2,1350.0,3.0
Super built-up  Area,Ready To Move,Kaval Byrasandra,2.0,2.0,65.0,1900.0,3.0
Super built-up  Area,Ready To Move,Ambedkar Nagar,4.0,2.0,125.0,1935.0,3.0
Super built-up  Area,Ready To Move,Doddanakundi Industrial Area 2,3.0,3.0,90.0,1410.0,3.0
Super built-up  Area,Ready To Move,Narayanapura,2.0,2.0,99.14,1469.0,2.0
Super built-up  Area,Ready To Move,Varthur,2.0,1.0,30.0,986.0,2.0
Super built-up  Area,Ready To Move,RBI Layout,2.0,2.0,87.0,1460.0,3.0
Super built-up  Area,19-Jan,Chandra Layout,2.0,2.0,85.05,1260.0,3.0
Super built-up  Area,Ready To Move,Chandapura,2.0,2.0,39.5,1345.0,3.0
Super built-up  Area,Ready To Move,Panathur,2.0,1.0,57.0,980.0,2.0
Built-up  Area,Ready To Move,Kudlu Gate,2.0,2.0,75.0,1164.0,2.0
Super built-up  Area,Ready To Move,Subramanyapura,1.0,2.0,51.0,929.0,2.0
Built-up  Area,Ready To Move,Kundalahalli,2.0,1.0,70.0,1065.0,2.0
Super built-up  Area,20-Jun,Budigere,2.0,0.0,56.725,1172.0,2.0
Super built-up  Area,Ready To Move,Lakshmiamma Garden,3.0,1.0,265.0,3000.0,3.0
Super built-up  Area,18-Apr,Electronic City,2.0,1.0,30.27,1020.0,2.0
Super built-up  Area,Ready To Move,Gunjur,3.0,1.0,62.63,1362.0,3.0
Super built-up  Area,Ready To Move,Yeshwanthpur,1.0,1.0,36.85,672.0,1.0
Super built-up  Area,Ready To Move,Brookefield,3.0,3.0,115.0,1746.0,3.0
Built-up  Area,18-Dec,Electronic City,2.0,1.0,29.6,1025.0,2.0
Super built-up  Area,Ready To Move,Harlur,2.0,1.0,65.0,1532.0,2.0
Super built-up  Area,Ready To Move,Guni Agrahara,2.0,2.0,120.0,1200.0,3.0
Super built-up  Area,Ready To Move,Ganga Nagar,2.0,2.0,65.0,1250.0,2.0
Super built-up  Area,Ready To Move,Thanisandra,2.0,1.0,39.0,1188.0,2.0
Built-up  Area,19-Oct,Whitefield,4.0,0.0,218.0,3565.0,4.0
Super built-up  Area,19-Jan,Marathahalli,2.0,2.0,85.0,1170.0,2.0
Super built-up  Area,Ready To Move,BEL Road,3.0,2.0,150.0,1800.0,3.0
Plot  Area,Ready To Move,Madavara,2.0,1.0,35.0,1000.0,2.0
Plot  Area,Ready To Move,Cooke Town,3.0,1.0,375.0,2600.0,3.0
Plot  Area,Ready To Move,Nagarbhavi,4.0,3.0,240.0,1200.0,5.0
Super built-up  Area,Ready To Move,Kasturi Nagar,4.0,2.0,155.0,2507.0,4.0
Super built-up  Area,Ready To Move,Babusapalaya,2.0,1.0,34.0,1061.0,2.0
Super built-up  Area,Ready To Move,KR Puram,2.0,2.0,69.0,1290.0,2.0
Super built-up  Area,Ready To Move,Sarjapur,2.0,1.0,42.6,1200.0,2.0
Super built-up  Area,18-May,Bharathi Nagar,2.0,2.0,39.29,1120.0,2.0
Super built-up  Area,Ready To Move,Electronic City,1.0,1.0,12.0,418.0,1.0
Super built-up  Area,Ready To Move,Sarjapur,3.0,1.0,50.0,1333.0,3.0
Super built-up  Area,Ready To Move,Sarjapur  Road,3.0,2.0,119.0,1691.0,3.0
Super built-up  Area,19-Dec,Thanisandra,1.0,0.0,34.355,747.0,1.0
Super built-up  Area,Ready To Move,Koramangala,3.0,3.0,250.0,1700.0,3.0
Super built-up  Area,19-May,Thanisandra,4.0,1.0,125.0,2030.0,3.0
Super built-up  Area,18-Mar,Balagere,2.0,1.0,70.0,1012.0,2.0
Carpet  Area,Ready To Move,Kudlu,2.0,1.0,60.0,1245.0,3.0
Super built-up  Area,Ready To Move,7th Phase JP Nagar,3.0,2.0,118.0,1765.0,3.0
Super built-up  Area,Ready To Move,Gottigere,2.0,2.0,36.25,1110.0,2.0
Built-up  Area,Ready To Move,Akash Nagar,2.0,1.0,47.8,967.0,2.0
Super built-up  Area,Ready To Move,Sarjapur,2.0,2.0,36.0,1044.0,2.0
Super built-up  Area,Ready To Move,Brookefield,3.0,3.0,80.0,1518.0,3.0
Super built-up  Area,Ready To Move,KR Puram,2.0,2.0,57.0,1300.0,3.0
Super built-up  Area,Ready To Move,Seetharampalya,3.0,3.0,73.0,1798.0,3.0
Carpet  Area,Ready To Move,KR Puram,2.0,0.0,36.38,866.28,2.0
Super built-up  Area,18-Feb,Whitefield,5.0,3.0,253.0,3410.0,4.0
Super built-up  Area,Ready To Move,Singasandra,2.0,2.0,56.0,1179.0,2.0
Super built-up  Area,Ready To Move,Rajaji Nagar,5.0,2.0,510.0,3600.0,5.0
Super built-up  Area,Ready To Move,Uttarahalli,2.0,1.0,48.0,1125.0,2.0
Super built-up  Area,Ready To Move,Cambridge Layout,3.0,1.0,210.0,2098.0,3.0
Super built-up  Area,Ready To Move,3rd Phase JP Nagar,3.0,1.0,270.0,2400.0,3.0
Built-up  Area,Ready To Move,Haralur Road,3.0,2.0,92.0,1976.0,3.0
Built-up  Area,Ready To Move,5th Phase JP Nagar,2.0,2.0,61.8,1190.0,2.0
Super built-up  Area,Ready To Move,cooketown,3.0,3.0,192.0,1800.0,3.0
Super built-up  Area,19-Sep,Jakkur,3.0,1.0,84.52,1761.0,3.0
Super built-up  Area,Ready To Move,Cooke Town,3.0,3.0,120.0,1700.0,3.0
Built-up  Area,Ready To Move,Ramamurthy Nagar,4.0,1.0,70.0,900.0,4.0
Super built-up  Area,18-Apr,Electronic City,2.0,1.0,64.8,1128.0,2.0
Super built-up  Area,Ready To Move,5th Stage BEML Layout,3.0,2.0,85.0,2000.0,3.0
Built-up  Area,18-Dec,Electronic City,2.0,1.0,35.25,1220.0,3.0
Super built-up  Area,19-Jan,Shauhardha Layout,1.0,1.0,20.0,509.0,1.0
Super built-up  Area,Ready To Move,Ambedkar Nagar,4.0,2.0,122.0,1852.0,3.0
Super built-up  Area,20-Dec,Varthur,2.0,1.0,40.65,1045.0,2.0
Super built-up  Area,Ready To Move,Kaverappa Layout,4.0,2.0,215.0,3535.0,4.0
Super built-up  Area,Ready To Move,Marathahalli,2.0,2.0,53.67,1102.0,2.0
Super built-up  Area,Ready To Move,Omkar Nagar,3.0,2.0,82.0,1800.0,4.0
Super built-up  Area,Ready To Move,Hebbal Kempapura,2.0,2.0,75.0,1436.0,3.0
Super built-up  Area,Ready To Move,Chikkadunnasandra,2.0,2.0,52.0,1397.0,3.0
Super built-up  Area,Ready To Move,Kothanur,2.0,2.0,56.0,1140.0,2.0
Super built-up  Area,20-Jan,Balagere,1.0,1.0,55.0,645.0,1.0
Plot  Area,Ready To Move,Bank Of Baroda Colony,5.0,2.0,325.0,2350.0,5.0
Plot  Area,18-May,Nagarbhavi,3.0,2.0,225.0,1200.0,3.0
Carpet  Area,Ready To Move,Bhoopsandra,3.0,2.0,135.0,2050.0,3.0
Super built-up  Area,Ready To Move,Sarjapur  Road,2.0,1.0,95.0,1335.0,2.0
Plot  Area,Ready To Move,Thirumenahalli,1.0,1.0,200.0,2100.0,2.0
Super built-up  Area,18-Dec,Hebbal,3.0,2.0,77.68,1255.0,3.0
Super built-up  Area,Ready To Move,Thanisandra,2.0,1.0,59.0,1140.0,2.0
Super built-up  Area,Ready To Move,Hosakerehalli,3.0,1.0,240.0,2376.0,3.0
Super built-up  Area,19-Mar,Thanisandra,1.0,1.0,46.0,663.0,1.0
Super built-up  Area,Ready To Move,Victoria Layout,2.0,0.0,146.0,1276.0,2.0
Super built-up  Area,Ready To Move,Kanakpura Road,3.0,3.0,60.9,1450.0,3.0
Super built-up  Area,Ready To Move,Kodichikkanahalli,3.0,3.0,66.0,1400.0,3.0
Super built-up  Area,17-Oct,Divya Unnathi Layout,2.0,1.0,53.56,1339.0,2.0
Built-up  Area,18-Dec,Electronic City,2.0,1.0,35.23,1220.0,3.0
Built-up  Area,Ready To Move,Malleshwaram,3.0,2.0,275.0,2200.0,3.0
Built-up  Area,Ready To Move,Harohalli,2.0,2.0,52.0,1305.0,2.0
Built-up  Area,Ready To Move,Green Glen Layout,3.0,3.0,80.0,1740.0,3.0
Super built-up  Area,Ready To Move,Anekal,1.0,1.0,21.0,680.0,2.0
Super built-up  Area,Ready To Move,Bannerghatta Road,2.0,2.0,47.0,1154.0,2.0
Built-up  Area,Ready To Move,Munnekollal,2.0,2.0,40.0,1200.0,2.0
Super built-up  Area,Ready To Move,Hennur,2.0,2.0,54.5,1155.0,2.0
Super built-up  Area,Ready To Move,Sarjapur  Road,2.0,3.0,63.0,1525.0,3.0
Built-up  Area,Ready To Move,Giri Nagar,1.0,1.0,125.0,600.0,1.0
Super built-up  Area,19-Dec,Hebbal,5.0,2.0,192.0,2470.0,4.0
Super built-up  Area,Ready To Move,Padmanabhanagar,2.0,1.0,60.0,1100.0,2.0
Super built-up  Area,Ready To Move,Hormavu,2.0,2.0,65.0,1250.0,2.0
Super built-up  Area,Ready To Move,Kothanur,2.0,1.0,70.0,1400.0,2.0
Super built-up  Area,Ready To Move,Ittamadu,3.0,2.0,100.0,1600.0,3.0
Built-up  Area,Ready To Move,Electronic City,2.0,1.0,55.0,1060.0,2.0
Super built-up  Area,Ready To Move,Horamavu Banaswadi,2.0,2.0,50.0,1272.0,2.0
Super built-up  Area,19-Jul,Kanakpura Road,2.0,2.0,105.0,1296.0,2.0
Built-up  Area,Ready To Move,Dollars Colony,3.0,2.0,280.0,2100.0,4.0
Super built-up  Area,Ready To Move,Karuna Nagar,3.0,3.0,115.0,1945.0,3.0
Super built-up  Area,19-Nov,Chandapura,2.0,2.0,30.47,1033.0,3.0
Super built-up  Area,Ready To Move,Stage-4 Bommanahalli,2.0,2.0,69.0,2300.0,3.0
Super built-up  Area,18-Aug,Gunjur Palya,2.0,2.0,52.76,1235.0,2.0
Super built-up  Area,Ready To Move,3rd Block Koramangala,3.0,1.0,270.0,2100.0,3.0
Super built-up  Area,Ready To Move,2nd Phase JP Nagar,2.0,1.0,42.5,850.0,2.0
Super built-up  Area,Ready To Move,Subramanyapura,3.0,2.0,110.0,1880.0,3.0
Super built-up  Area,20-May,1st Block Jayanagar,4.0,2.0,368.0,2450.0,4.0
Super built-up  Area,Ready To Move,Kenchenahalli,2.0,2.0,52.0,1060.0,2.0
Super built-up  Area,Ready To Move,Hennur Road,3.0,3.0,138.0,2041.0,3.0
Built-up  Area,Ready To Move,Hulimavu,2.0,2.0,125.0,1050.0,2.0
Super built-up  Area,Ready To Move,Vasanthapura,2.0,1.0,36.28,1037.0,2.0
Built-up  Area,21-Dec,"Electronic city phase 1, ",2.0,1.0,39.0,1150.0,2.0
Super built-up  Area,Ready To Move,LB Shastri Nagar,2.0,1.0,62.0,1184.0,2.0
Built-up  Area,Ready To Move,Sarjapur  Road,3.0,2.0,126.0,1680.0,3.0
Super built-up  Area,18-Apr,Thanisandra,3.0,2.0,100.0,1411.0,3.0
Plot  Area,Ready To Move,Hosa Road,5.0,0.0,55.0,900.0,5.0
Super built-up  Area,21-Dec,Kanakpura Road,2.0,2.0,41.0,900.0,2.0
Built-up  Area,Ready To Move,Jakkur Plantation,4.0,3.0,320.0,3500.0,4.0
Super built-up  Area,Ready To Move,Thanisandra,3.0,2.0,120.0,1702.0,3.0
Super built-up  Area,Ready To Move,Yelahanka,2.0,2.0,45.0,1185.0,2.0
Super built-up  Area,21-Jan,Kanakpura Road,3.0,1.0,64.0,1300.0,3.0
Super built-up  Area,Ready To Move,Lavakusha Nagar,3.0,2.0,65.0,1545.0,3.0
Super built-up  Area,Ready To Move,6th Phase JP Nagar,2.0,2.0,135.0,1515.0,3.0
Super built-up  Area,Ready To Move,Jigani,3.0,3.0,55.0,1300.0,3.0
Super built-up  Area,Ready To Move,JP Nagar,2.0,1.0,57.0,1107.0,2.0
Super built-up  Area,Ready To Move,Old Madras Road,3.0,2.0,106.0,1720.0,3.0
Super built-up  Area,Ready To Move,Kuvempu Nagar,3.0,2.0,150.0,1540.0,3.0
Super built-up  Area,Ready To Move,Bannerghatta Road,2.0,1.0,44.5,1000.0,2.0
Super built-up  Area,21-Dec,Electronic City,1.0,1.0,40.42,710.0,1.0
Super built-up  Area,Ready To Move,Thanisandra,2.0,1.0,38.0,1100.0,2.0
Built-up  Area,Ready To Move,Sri Balaji Krupa Layout,4.0,0.0,270.0,3200.0,4.0
Plot  Area,Ready To Move,Domlur Layout,2.0,2.0,160.0,900.0,2.0
Built-up  Area,Ready To Move,Bannerghatta Road,2.0,0.0,48.0,1250.0,2.0
Built-up  Area,Ready To Move,Kaggadasapura,4.0,3.0,130.0,2400.0,5.0
Super built-up  Area,Ready To Move,Hegde Nagar,3.0,1.0,104.0,1584.01,3.0
Plot  Area,Ready To Move,Vasanth nagar,4.0,0.0,150.0,875.0,4.0
Plot  Area,Ready To Move,Kammasandra,6.0,3.0,60.0,1200.0,4.0
Super built-up  Area,Ready To Move,Kaggadasapura,2.0,2.0,70.0,1485.0,3.0
Built-up  Area,Ready To Move,Hennur Road,2.0,1.0,78.0,1100.0,3.0
Super built-up  Area,18-Mar,8th Phase JP Nagar,2.0,1.0,59.0,1245.0,2.0
Built-up  Area,19-Dec,Hennur Road,4.0,0.0,154.0,1880.0,4.0
Super built-up  Area,20-Jul,Frazer Town,3.0,3.0,350.0,2214.0,3.0
Built-up  Area,18-Jun,Anathanagar,2.0,2.0,45.0,1050.0,2.0
Plot  Area,Ready To Move,Vishveshwarya Layout,4.0,2.0,95.0,600.0,4.0
Super built-up  Area,19-Jul,Bannerghatta Road,3.0,2.0,105.0,1640.0,3.0
Super built-up  Area,Ready To Move,Basavanapura,2.0,1.0,65.0,1165.0,2.0
Built-up  Area,Ready To Move,Kengeri Satellite Town,2.0,1.0,43.0,1110.0,2.0
Super built-up  Area,Ready To Move,vinayakanagar,5.0,2.0,200.0,1200.0,7.0
Built-up  Area,Ready To Move,St. John's Road,4.0,2.0,630.0,4000.0,4.0
Built-up  Area,Ready To Move,Uttarahalli,4.0,0.0,150.0,4500.0,4.0
Plot  Area,Ready To Move,Jaraganahalli Jp Nagar Post,4.0,3.0,65.0,600.0,4.0
Super built-up  Area,Ready To Move,Haralur Road,2.0,2.0,75.0,1300.0,2.0
Plot  Area,Ready To Move,adigondanhalli,1.0,0.0,42.0,1200.0,2.0
Super built-up  Area,18-Aug,Hennur Road,2.0,1.0,69.61,1232.0,2.0
Super built-up  Area,Ready To Move,Jalahalli,3.0,2.0,94.36,1704.0,3.0
Built-up  Area,Ready To Move,7th Phase JP Nagar,2.0,2.0,88.0,1275.0,3.0
Super built-up  Area,Ready To Move,Sarjapur  Road,2.0,1.0,68.0,1222.0,3.0
Super built-up  Area,Ready To Move,Varthur,2.0,2.0,39.0,1155.0,2.0
Super built-up  Area,18-Apr,Electronic City,2.0,1.0,29.95,1000.0,2.0
Super built-up  Area,Ready To Move,Horamavu Banaswadi,2.0,1.0,45.0,1200.0,2.0
Super built-up  Area,19-Dec,Yelahanka,3.0,2.0,71.28,1517.0,3.0
Super built-up  Area,18-May,Horamavu Agara,2.0,1.0,37.29,1166.0,2.0
Built-up  Area,Ready To Move,Electronic City,2.0,2.0,24.0,870.0,2.0
Super built-up  Area,Ready To Move,5th Phase JP Nagar,5.0,2.0,170.0,4000.0,5.0
Plot  Area,Ready To Move,Rajaji Nagar,4.0,1.0,230.0,1350.0,4.0
Super built-up  Area,Ready To Move,Yelahanka,6.0,2.0,190.0,3019.0,4.0
Super built-up  Area,Ready To Move,Whitefield,3.0,1.0,58.0,1345.0,3.0
Plot  Area,Ready To Move,Dommasandra,3.0,1.0,75.0,900.0,3.0
Super built-up  Area,Ready To Move,EPIP Zone,5.0,2.0,170.0,3800.0,4.0
Super built-up  Area,Ready To Move,Chandapura,2.0,2.0,38.0,971.0,3.0
Super built-up  Area,Ready To Move,Hennur,2.0,1.0,52.32,1255.0,2.0
Built-up  Area,Ready To Move,EPIP Zone,2.0,2.0,65.0,1810.0,2.0
Built-up  Area,Ready To Move,"Whitefield, ",2.0,1.0,58.0,1300.0,2.0
Super built-up  Area,Ready To Move,Thanisandra,2.0,2.0,45.0,1185.0,2.0
Super built-up  Area,Ready To Move,Pattandur Agrahara,2.0,3.0,68.0,1350.0,2.0
Super built-up  Area,20-Jun,Budigere,3.0,0.0,76.16,1590.0,3.0
Super built-up  Area,Ready To Move,Thyagaraja Nagar,6.0,3.0,180.0,3000.0,7.0
Plot  Area,Ready To Move,Brookefield,3.0,2.0,149.0,1560.0,4.0
Super built-up  Area,Ready To Move,Somasundara Palya,3.0,2.0,126.0,1650.0,3.0
Super built-up  Area,Ready To Move,Off Bannergatta Road,3.0,2.0,87.0,1645.0,3.0
Super built-up  Area,Ready To Move,Hennur Road,3.0,2.0,103.0,1748.0,3.0
Plot  Area,18-Nov,Channasandra,3.0,1.0,67.77,1200.0,3.0
Built-up  Area,Ready To Move,Kengeri Satellite Town,2.0,3.0,50.0,1170.0,2.0
Built-up  Area,Ready To Move,Sarjapur  Road,4.0,2.0,225.0,3420.0,4.0
Built-up  Area,Ready To Move,Hulimavu,2.0,2.0,65.0,1320.0,3.0
Super built-up  Area,18-Jul,Bhoganhalli,3.0,2.0,84.53,1610.0,3.0
Super built-up  Area,Ready To Move,Frazer Town,3.0,3.0,180.0,1870.0,3.0
Super built-up  Area,Ready To Move,Sarjapur  Road,2.0,1.0,110.0,1510.0,3.0
Built-up  Area,Ready To Move,Kammagondahalli,7.0,3.0,110.0,2700.0,6.0
Super built-up  Area,Ready To Move,Kanakapura  Rod,2.0,1.0,45.68,1305.0,3.0
Super built-up  Area,Ready To Move,Mahadevpura,2.0,1.0,70.0,1500.0,3.0
Super built-up  Area,Ready To Move,Indira Nagar,2.0,1.0,130.0,1149.0,2.0
Built-up  Area,Ready To Move,Thanisandra,4.0,2.0,129.0,1948.0,4.0
Plot  Area,Ready To Move,Margondanahalli,3.0,1.0,70.0,1448.0,3.0
Super built-up  Area,Ready To Move,Sarjapur  Road,2.0,1.0,78.0,1242.0,2.0
Super built-up  Area,Ready To Move,Sonnenahalli,2.0,1.0,58.0,1268.0,2.0
Super built-up  Area,Ready To Move,Ramamurthy Nagar,2.0,1.0,50.0,1101.0,2.0
Super built-up  Area,Ready To Move,Kallumantapa,2.0,3.0,65.0,1255.0,2.0
Super built-up  Area,Ready To Move,Gunjur,3.0,1.0,62.63,1362.0,3.0
Super built-up  Area,Ready To Move,Sarjapur  Road,3.0,2.0,140.0,984.0,3.0
Super built-up  Area,18-May,Hosa Road,2.0,1.0,32.67,1089.0,2.0
Built-up  Area,Ready To Move,Byrathi Village,1.0,3.0,95.0,800.0,2.0
Super built-up  Area,Ready To Move,Uttarahalli,2.0,1.0,57.0,1345.0,3.0
Plot  Area,Ready To Move,Thanisandra,9.0,3.0,125.0,3600.0,8.0
Plot  Area,Ready To Move,Krishna Nagar,2.0,1.0,140.0,1650.0,4.0
Super built-up  Area,Ready To Move,Kaggalipura,2.0,1.0,45.0,950.0,2.0
Super built-up  Area,Ready To Move,HBR Layout,2.0,1.0,43.0,1068.0,2.0
Built-up  Area,Ready To Move,Yelahanka New Town,1.0,2.0,31.0,860.0,2.0
Built-up  Area,Ready To Move,Kengeri,5.0,2.0,130.0,3000.0,8.0
Super built-up  Area,Ready To Move,Yelahanka,3.0,2.0,66.73,1756.0,3.0
Super built-up  Area,Ready To Move,Whitefield,2.0,1.0,41.0,1205.0,2.0
Plot  Area,Ready To Move,Hoodi,8.0,2.0,155.0,1120.0,8.0
Super built-up  Area,Ready To Move,Banashankari,3.0,2.0,125.0,1800.0,3.0
Super built-up  Area,18-Jan,Ashok Nagar,5.0,2.0,2912.0,8321.0,4.0
Built-up  Area,Ready To Move,Hormavu,3.0,0.0,68.0,1604.0,3.0
Super built-up  Area,18-May,Old Airport Road,4.0,3.0,204.0,2732.0,4.0
Super built-up  Area,18-Dec,Chandapura,2.0,2.0,25.88,1015.0,2.0
Super built-up  Area,Ready To Move,Banashankari,2.0,2.0,42.0,1200.0,3.0
Super built-up  Area,Ready To Move,Ananth Nagar,2.0,2.0,38.0,1010.0,2.0
Built-up  Area,Ready To Move,Nagarbhavi,3.0,0.0,170.0,1250.0,2.0
Super built-up  Area,Ready To Move,Doddakallasandra,2.0,1.0,41.0,1010.0,2.0
Super built-up  Area,Ready To Move,Yelahanka,2.0,2.0,33.1,1050.0,2.0
Super built-up  Area,Ready To Move,Harlur,3.0,2.0,85.0,1710.0,3.0
Super built-up  Area,19-Jan,Mysore Road,3.0,2.0,115.0,1248.52,3.0
Built-up  Area,Ready To Move,Attibele,1.0,1.0,10.0,410.0,1.0
Super built-up  Area,18-Oct,Bannerghatta Road,2.0,1.0,62.93,1656.0,3.0
Super built-up  Area,Ready To Move,Naganathapura,3.0,1.0,68.0,1451.0,3.0
Super built-up  Area,Ready To Move,Giri Nagar,3.0,0.0,175.0,1200.0,6.0
Super built-up  Area,Ready To Move,JP Nagar,2.0,2.0,93.0,1250.0,2.0
Plot  Area,Ready To Move,Meenakunte,3.0,3.0,240.0,4395.0,3.0
Super built-up  Area,Ready To Move,Hebbal,6.0,2.0,650.0,4600.0,4.0
Built-up  Area,Ready To Move,Sonnenahalli,2.0,3.0,42.0,1340.0,3.0
Super built-up  Area,Ready To Move,Abbaiah Reddy Layout,2.0,2.0,38.5,1100.0,2.0
Super built-up  Area,Ready To Move,Whitefield,6.0,2.0,700.0,6000.0,4.0
Super built-up  Area,Ready To Move, Devarachikkanahalli,3.0,1.0,71.0,1700.0,3.0
Plot  Area,Ready To Move,Yelahanka,5.0,0.0,150.0,1200.0,6.0
Super built-up  Area,Ready To Move,KR Puram,2.0,1.0,43.0,1096.0,2.0
Super built-up  Area,18-May,Electronic City Phase II,2.0,1.0,33.5,1160.0,2.0
Built-up  Area,Ready To Move,"Sarjapur Road, ",3.0,2.0,139.0,1936.0,3.0
Super built-up  Area,Ready To Move,Nehru Nagar,2.0,2.0,63.0,1269.0,3.0
Super built-up  Area,19-Dec,Richmond Road,3.0,1.0,630.0,3500.0,3.0
Super built-up  Area,18-May,Panathur,3.0,1.0,125.0,1586.0,3.0
Super built-up  Area,18-Jul,Rajaji Nagar,2.0,1.0,124.0,1376.0,2.0
Super built-up  Area,Ready To Move,Kanakpura Road,3.0,3.0,56.5,1452.0,3.0
Super built-up  Area,18-Aug,Hosa Road,3.0,1.0,107.0,1538.0,3.0
Super built-up  Area,18-May,Hosur Road,2.0,1.0,130.0,1427.0,3.0
Built-up  Area,Ready To Move,Upadhyaya Layout,2.0,0.0,40.0,935.0,2.0
Built-up  Area,Ready To Move,Ashwath Nagar,2.0,3.0,65.0,1220.0,2.0
Super built-up  Area,Ready To Move,Harlur,2.0,1.0,77.0,1197.0,2.0
Super built-up  Area,18-Dec,Varthur,1.0,1.0,19.9,674.0,2.0
Built-up  Area,Ready To Move,Kengeri,1.0,1.0,15.0,410.0,1.0
Built-up  Area,18-Apr,Thanisandra,3.0,1.0,90.0,1573.0,3.0
Super built-up  Area,Ready To Move,Dodda Nekkundi,2.0,2.0,58.0,1135.0,2.0
Built-up  Area,18-Dec,Huskur,2.0,1.0,40.43,1400.0,3.0
Super built-up  Area,Ready To Move,Agrahara Dasarahalli,1.0,0.0,65.0,1200.0,1.0
Plot  Area,Ready To Move,Ittamadu,3.0,0.0,95.0,1800.0,3.0
Built-up  Area,Ready To Move,Avalahalli,3.0,2.0,108.0,2045.0,3.0
Super built-up  Area,Ready To Move,Sonnenahalli,2.0,1.0,56.0,1268.0,2.0
Super built-up  Area,Ready To Move,Kambipura,2.0,1.0,39.0,883.0,2.0
Super built-up  Area,Ready To Move,Yelahanka,3.0,3.0,100.0,1600.0,3.0
Super built-up  Area,Ready To Move,Thanisandra,2.0,2.0,70.0,1056.0,2.0
Plot  Area,Ready To Move,Jigani,11.0,2.0,105.0,1200.0,10.0
Plot  Area,Ready To Move,Whitefield,4.0,2.0,330.0,4500.0,4.0
Super built-up  Area,Ready To Move,KR Puram,2.0,2.0,58.0,1204.0,2.0
Super built-up  Area,Ready To Move,Tejaswini Nagar,2.0,1.0,54.0,1410.0,3.0
Built-up  Area,Ready To Move,Hennur Road,2.0,1.0,80.3,1460.0,2.0
Super built-up  Area,Ready To Move,Dodda Nekkundi,2.0,1.0,41.18,1100.0,2.0
Super built-up  Area,Ready To Move,Govindapura,2.0,1.0,88.0,1310.0,2.0
Super built-up  Area,Ready To Move,Sector 2 HSR Layout,3.0,2.0,90.0,1600.0,3.0
Super built-up  Area,Ready To Move,Lottegolla Halli,2.0,2.0,55.0,1250.0,2.0
Super built-up  Area,Ready To Move,Sarjapur  Road,3.0,2.0,74.93,1665.0,3.0
Super built-up  Area,Ready To Move,Uttarahalli,2.0,1.0,57.0,1345.0,3.0
Built-up  Area,Ready To Move,Hosahalli Extension,5.0,2.0,240.0,2000.0,5.0
Super built-up  Area,Ready To Move,Singasandra,2.0,2.0,67.0,1416.0,2.0
Super built-up  Area,Ready To Move,HSR Layout,2.0,2.0,46.0,1145.0,2.0
Built-up  Area,Ready To Move,Munnekollal,10.0,3.0,200.0,7200.0,10.0
Built-up  Area,Ready To Move,Jigani,3.0,2.0,58.0,1231.0,3.0
Super built-up  Area,Ready To Move,Yelahanka,3.0,0.0,73.95,1664.0,3.0
Built-up  Area,Ready To Move,TC Palaya,3.0,1.0,76.0,2000.0,3.0
Built-up  Area,Ready To Move,Rajiv Nagar,2.0,2.0,43.0,972.0,2.0
Built-up  Area,Ready To Move,3rd Phase JP Nagar,4.0,3.0,345.0,4500.0,4.0
Super built-up  Area,Ready To Move,Bellandur,2.0,1.0,47.39,1185.0,2.0
Built-up  Area,Ready To Move,Green Glen Layout,3.0,2.0,81.0,1750.0,3.0
Built-up  Area,Ready To Move,Byadarahalli,4.0,2.0,316.0,3155.0,3.0
Super built-up  Area,18-Dec,Balagere,2.0,1.0,68.0,1007.0,2.0
Super built-up  Area,Ready To Move,Rajaji Nagar,3.0,2.0,200.0,1700.0,3.0
Super built-up  Area,Ready To Move,Whitefield,2.0,2.0,85.0,1250.0,2.0
Super built-up  Area,Ready To Move,Telecom Layout,2.0,1.0,54.0,1200.0,2.0
Super built-up  Area,18-Aug,Horamavu Agara,2.0,1.0,42.28,994.0,2.0
Super built-up  Area,18-Apr,Ramamurthy Nagar,2.0,2.0,40.0,1150.0,2.0
Super built-up  Area,Ready To Move,Thanisandra,2.0,2.0,46.0,1220.0,2.0
Super built-up  Area,Ready To Move,Hennur Gardens,2.0,1.0,115.0,1441.0,2.0
Super built-up  Area,19-Mar,Old Madras Road,2.0,2.0,47.32,1157.0,2.0
Super built-up  Area,Ready To Move,RPC layout,6.0,3.0,150.0,1300.0,6.0
Super built-up  Area,Ready To Move,Thigalarapalya,2.0,2.0,105.0,1400.0,2.0
Built-up  Area,Ready To Move,Tindlu,3.0,1.0,65.0,1370.07,3.0
Plot  Area,Ready To Move,Magadi Road,4.0,1.0,130.0,1200.0,5.0
Super built-up  Area,20-Dec,Judicial Layout,2.0,1.0,40.0,900.0,2.0
Super built-up  Area,Ready To Move,Kodipalya,1.0,1.0,17.0,418.0,1.0
Plot  Area,Ready To Move,Vishwapriya Nagar,3.0,1.0,80.0,1200.0,3.0
Built-up  Area,Ready To Move,ISRO Layout,2.0,3.0,43.0,1200.0,2.0
Super built-up  Area,Ready To Move,Talaghattapura,2.0,1.0,42.48,1062.0,2.0
Super built-up  Area,Ready To Move,Kanakpura Road,2.0,1.0,51.0,1120.0,2.0
Super built-up  Area,Ready To Move,Bannerghatta Road,2.0,1.0,44.0,1012.0,2.0
Plot  Area,Ready To Move,Postal Colony,2.0,1.0,200.0,1500.0,3.0
Built-up  Area,Ready To Move,ISRO Layout,4.0,2.0,180.0,950.0,4.0
Super built-up  Area,Ready To Move,Kadabagere,2.0,2.0,13.5,675.0,2.0
Super built-up  Area,Ready To Move,Kanakpura Road,2.0,2.0,78.0,1430.0,2.0
Super built-up  Area,Ready To Move,Channasandra,2.0,1.0,56.0,1195.0,3.0
Super built-up  Area,Ready To Move,Old Madras Road,5.0,1.0,150.0,2640.0,3.0
Super built-up  Area,Ready To Move,Bisuvanahalli,2.0,1.0,42.0,1075.0,3.0
Super built-up  Area,18-Sep,Hennur Road,3.0,0.0,75.99,1570.0,3.0
Plot  Area,Ready To Move,Kammanahalli,4.0,2.0,85.0,782.0,6.0
Built-up  Area,18-Feb,Sonnenahalli,2.0,1.0,59.0,1011.0,2.0
Super built-up  Area,Ready To Move,7th Phase JP Nagar,2.0,1.0,102.0,1450.0,3.0
Super built-up  Area,Ready To Move,Sarjapur  Road,2.0,1.0,69.0,1129.0,2.0
Super built-up  Area,Ready To Move,Sarjapura - Attibele Road,2.0,1.0,36.0,1126.0,2.0
Plot  Area,18-Dec,Attibele,3.0,2.0,110.0,1200.0,3.0
Super built-up  Area,Ready To Move,Sarjapur  Road,2.0,2.0,45.0,1180.0,3.0
Plot  Area,Ready To Move,1st Block HRBR Layout,4.0,2.0,125.0,600.0,3.0
Plot  Area,18-Apr,Bannerghatta,4.0,2.0,45.0,940.0,4.0
Super built-up  Area,Ready To Move,Hennur Road,3.0,2.0,140.0,1933.0,3.0
Built-up  Area,Ready To Move,TC Palaya,2.0,2.0,64.0,1082.0,2.0
Plot  Area,Ready To Move,LB Shastri Nagar,8.0,1.0,250.0,2400.0,8.0
Super built-up  Area,19-Dec,Anwar Layout,1.0,0.0,28.0,610.0,1.0
Plot  Area,Ready To Move,Raja Rajeshwari Nagar,4.0,1.0,160.0,1560.0,4.0
Super built-up  Area,Ready To Move,Kathriguppe,3.0,3.0,77.99,1300.0,3.0
Built-up  Area,Ready To Move,Kudlu Gate,6.0,0.0,205.0,3850.0,4.0
Built-up  Area,Ready To Move,CV Raman Nagar,2.0,1.0,46.0,1125.0,2.0
Plot  Area,Ready To Move,Bileshivale,7.0,2.0,107.0,2400.0,6.0
Super built-up  Area,Ready To Move,Kengeri Satellite Town,2.0,0.0,25.0,777.4,2.0
Super built-up  Area,Ready To Move,Battarahalli,3.0,1.0,65.0,2500.0,4.0
Super built-up  Area,Ready To Move,Old Airport Road,3.0,2.0,150.0,1798.0,3.0
Built-up  Area,Ready To Move,Dodda Nekkundi Extension,3.0,2.0,120.0,1864.0,3.0
Super built-up  Area,Ready To Move,Whitefield,2.0,1.0,51.91,1115.0,2.0
Super built-up  Area,Ready To Move,Kengeri,1.0,1.0,25.0,400.0,1.0
Super built-up  Area,Ready To Move,Rajaji Nagar,2.0,1.0,70.0,1200.0,2.0
Super built-up  Area,18-May,Ananth Nagar,2.0,2.0,24.8,992.0,2.0
Built-up  Area,Ready To Move,Jakkasandra Extension,2.0,3.0,57.0,950.0,2.0
Plot  Area,Ready To Move,R.T. Nagar,4.0,3.0,185.0,1500.0,4.0
Super built-up  Area,Ready To Move,Bellandur,2.0,1.0,62.0,1200.0,2.0
Built-up  Area,Ready To Move,GM Palaya,3.0,2.0,70.0,1735.0,3.0
Built-up  Area,Ready To Move,BTM 2nd Stage,3.0,3.0,172.0,1750.0,3.0
Super built-up  Area,Ready To Move,HSR Layout,2.0,2.0,56.0,1009.0,2.0
Super built-up  Area,Ready To Move,Jalahalli,2.0,3.0,102.0,1470.0,3.0
Super built-up  Area,Ready To Move,Bannerghatta Road,3.0,2.0,115.0,1527.0,3.0
Built-up  Area,Ready To Move,Singapura Village,2.0,1.0,45.0,985.0,2.0
Built-up  Area,Ready To Move,Chandapura,4.0,2.0,135.0,3300.0,4.0
Super built-up  Area,18-Jun,Whitefield,2.0,1.0,77.0,1277.0,2.0
Super built-up  Area,18-May,Nallurhalli,2.0,1.0,62.0,1100.0,2.0
Super built-up  Area,Ready To Move,Whitefield,3.0,2.0,140.0,1820.0,3.0
Super built-up  Area,Ready To Move,Puttanahalli,3.0,3.0,87.0,1530.0,4.0
Super built-up  Area,Ready To Move,Banashankari,3.0,2.0,205.0,1886.0,3.0
Plot  Area,Ready To Move,Chandra Layout,2.0,0.0,190.0,1200.0,3.0
Super built-up  Area,Ready To Move,Jakkur,4.0,2.0,110.0,1880.0,3.0
Super built-up  Area,Ready To Move,Hennur,2.0,2.0,52.35,1255.0,2.0
Super built-up  Area,21-Dec,Kanakpura Road,2.0,1.0,36.0,700.0,2.0
Super built-up  Area,Ready To Move,Somasundara Palya,2.0,2.0,46.0,1140.0,2.0
Built-up  Area,18-Aug,Electronic City Phase II,2.0,1.0,29.6,1025.0,2.0
Built-up  Area,Ready To Move,Whitefield,4.0,2.0,247.0,3453.0,4.0
Super built-up  Area,Ready To Move,Uttarahalli,2.0,2.0,59.6,1490.0,3.0
Plot  Area,Ready To Move,Akshaya Vana,4.0,2.0,165.0,1200.0,4.0
Super built-up  Area,Ready To Move,Sarjapur  Road,3.0,2.0,140.0,1850.0,3.0
Super built-up  Area,Ready To Move,Kaikondrahalli,2.0,1.0,78.0,1250.0,2.0
Super built-up  Area,Ready To Move,Kamakya Layout,3.0,1.0,108.0,2400.0,4.0
Super built-up  Area,Ready To Move,Kodihalli,5.0,3.0,716.0,3522.0,4.0
Super built-up  Area,18-Dec,Jalahalli,2.0,2.0,88.0,1244.0,2.0
Plot  Area,Ready To Move,Kumaraswami Layout,4.0,1.0,75.0,623.0,4.0
Super built-up  Area,18-Dec,Kengeri Satellite Town,2.0,1.0,28.57,1025.0,2.0
Super built-up  Area,Ready To Move,Sarjapur  Road,2.0,1.0,38.0,1034.0,2.0
Super built-up  Area,18-Jan,Kengeri Satellite Town,2.0,2.0,33.34,1191.0,3.0
Super built-up  Area,Ready To Move,Kasavanhalli,3.0,2.0,71.0,1719.0,3.0
Super built-up  Area,Ready To Move,7th Phase JP Nagar,2.0,1.0,39.33,1035.0,2.0
Plot  Area,Ready To Move,2nd Stage Nagarbhavi,3.0,2.0,230.0,1500.0,4.0
Super built-up  Area,18-Dec,Hosa Road,2.0,2.0,84.22,1470.0,3.0
Super built-up  Area,Ready To Move,Yelahanka,2.0,1.0,50.66,1140.0,2.0
Super built-up  Area,Ready To Move,Harlur,3.0,2.0,125.0,1752.12,3.0
Plot  Area,Ready To Move,BTM 1st Stage,6.0,2.0,80.0,600.0,6.0
Plot  Area,Ready To Move,2nd Stage Nagarbhavi,3.0,1.0,84.0,600.0,4.0
Super built-up  Area,Ready To Move,Old Madras Road,3.0,2.0,170.0,2990.0,3.0
Super built-up  Area,Ready To Move,Bannerghatta Road,3.0,2.0,85.0,1660.0,3.0
Super built-up  Area,Ready To Move,Electronic City,3.0,3.0,63.43,1275.0,3.0
Super built-up  Area,18-Jun,Bommasandra Industrial Area,3.0,1.0,52.81,1365.0,3.0
Plot  Area,Ready To Move,"MEI layout, Bagalgunte",2.0,0.0,90.0,1200.0,3.0
Super built-up  Area,Ready To Move,Kanakpura Road,3.0,2.0,170.0,2546.0,3.0
Super built-up  Area,20-Oct,Banashankari Stage VI,3.0,1.0,69.46,1392.0,3.0
Super built-up  Area,18-Mar,Whitefield,2.0,1.0,59.76,1245.0,2.0
Built-up  Area,Ready To Move,Rayasandra,3.0,1.0,65.0,1200.0,5.0
Super built-up  Area,Ready To Move,Yeshwanthpur,2.0,2.0,64.08,1162.0,2.0
Super built-up  Area,Ready To Move,Singasandra,2.0,1.0,73.0,1476.0,3.0
Built-up  Area,Ready To Move,KR Puram,1.0,1.0,21.5,700.0,1.0
Built-up  Area,Ready To Move,Gnana Bharathi,6.0,1.0,170.0,3600.0,6.0
Built-up  Area,Ready To Move,Jigani,2.0,2.0,48.0,943.0,2.0
Plot  Area,Ready To Move,Pai Layout,2.0,1.0,170.0,1150.0,2.0
Super built-up  Area,Ready To Move,Sarjapur  Road,2.0,1.0,44.5,1113.0,2.0
Super built-up  Area,20-Dec,Varthur,3.0,2.0,69.43,1615.0,3.0
Super built-up  Area,Ready To Move,Keshava Nagar,2.0,3.0,100.0,1279.0,2.0
Super built-up  Area,Ready To Move,Kacharakanahalli,2.0,1.0,60.0,1256.0,2.0
Built-up  Area,Ready To Move,Benson Town,3.0,2.0,280.0,1805.0,3.0
Built-up  Area,Ready To Move,Sompura,3.0,1.0,65.0,1350.0,3.0
Super built-up  Area,18-May,SRINIVASAPURA,3.0,2.0,68.63,1525.0,3.0
Super built-up  Area,18-Aug,Rajaji Nagar,2.0,1.0,123.0,1357.0,2.0
Super built-up  Area,19-Mar,Hebbal,3.0,2.0,117.0,1645.0,3.0
Super built-up  Area,Ready To Move,Ardendale,3.0,2.0,92.0,1777.26,3.0
Super built-up  Area,Ready To Move,Bisuvanahalli,2.0,2.0,32.0,845.0,2.0
Built-up  Area,Ready To Move,Sidedahalli,2.0,0.0,25.0,900.0,2.0
Super built-up  Area,18-Sep,Varthur,2.0,1.0,64.15,1210.0,2.0
Super built-up  Area,19-Aug,Electronic City Phase II,2.0,1.0,22.8,829.0,2.0
Super built-up  Area,Ready To Move,Sarjapur  Road,3.0,2.0,155.0,1879.0,3.0
Super built-up  Area,17-Jun,Hosur Road,2.0,2.0,50.0,1250.0,3.0
Built-up  Area,Ready To Move,Jeevanhalli,2.0,2.0,35.0,1200.0,4.0
Super built-up  Area,19-Mar,Marathahalli,2.0,1.0,60.0,1108.0,3.0
Super built-up  Area,18-Aug,Kanakpura Road,3.0,2.0,69.0,1401.0,3.0
Super built-up  Area,19-Oct,Sarjapur  Road,2.0,1.0,75.0,1157.0,3.0
Built-up  Area,Ready To Move,Ramamurthy Nagar Extension,2.0,1.0,42.66,1185.0,2.0
Super built-up  Area,Ready To Move,Green Glen Layout,3.0,2.0,115.0,1751.0,3.0
Plot  Area,Ready To Move,Mahalakshmi Puram,3.0,1.0,250.0,1550.0,5.0
Super built-up  Area,Ready To Move,Bannerghatta Road,3.0,2.0,96.5,1880.0,3.0
Super built-up  Area,20-Dec,Whitefield,3.0,0.0,40.985,1322.5,3.0
Super built-up  Area,Ready To Move,Channasandra,2.0,2.0,38.0,1175.0,2.0
Built-up  Area,Ready To Move,Jalahalli,2.0,1.0,98.49,1407.0,2.0
Super built-up  Area,Ready To Move,Yelachenahalli,2.0,2.0,50.0,1000.0,2.0
Super built-up  Area,Ready To Move,Electronic City,3.0,3.0,75.0,1518.0,3.0
Plot  Area,Ready To Move,"Gubbi Cross, Hennur Main Road",4.0,2.0,300.0,3600.0,4.0
Super built-up  Area,18-May,Tumkur Road,2.0,1.0,67.0,1027.0,2.0
Super built-up  Area,Ready To Move,Dairy Circle,6.0,2.0,430.0,3730.0,4.0
Built-up  Area,Ready To Move,HSR Layout,2.0,2.0,46.0,1145.0,2.0
Super built-up  Area,18-Aug,Rajaji Nagar,2.0,2.0,113.0,1260.0,2.0
Super built-up  Area,Ready To Move,Begur Road,2.0,3.0,47.25,1500.0,3.0
Super built-up  Area,Ready To Move,Varthur,2.0,1.0,57.32,1737.0,3.0
Super built-up  Area,18-Dec,Hennur,2.0,2.0,161.5,3517.0,4.0
Plot  Area,Ready To Move,Byrathi Village,4.0,1.0,120.0,1600.0,3.0
Built-up  Area,Ready To Move,Hegde Nagar,3.0,2.0,135.0,1500.0,3.0
Plot  Area,Ready To Move,Sabari Nagar,2.0,0.0,60.0,1120.0,2.0
Plot  Area,Ready To Move,Banashankari Stage V,4.0,1.0,240.0,1200.0,3.0
Super built-up  Area,18-Dec,Hennur Road,2.0,1.0,46.5,1030.0,2.0
Built-up  Area,Ready To Move,Gubbalala,6.0,1.0,88.0,2500.0,6.0
Super built-up  Area,Ready To Move,Kammasandra,2.0,1.0,35.0,1057.0,2.0
Super built-up  Area,18-Dec,Old Airport Road,4.0,3.0,208.0,2774.0,4.0
Super built-up  Area,Ready To Move,Thanisandra,2.0,2.0,38.5,1460.0,2.0
Super built-up  Area,Ready To Move,Hormavu,2.0,1.0,53.7,1075.0,2.0
Super built-up  Area,Ready To Move,Mysore Road,2.0,1.0,60.0,1080.0,3.0
Super built-up  Area,19-Dec,Kodihalli,5.0,3.0,788.0,3626.0,4.0
Super built-up  Area,Ready To Move,Ashraya Layout,7.0,2.0,225.0,5100.0,6.0
Super built-up  Area,Ready To Move,Singasandra,2.0,1.0,45.0,1139.7,2.0
Super built-up  Area,18-Jun,Whitefield,2.0,1.0,42.8,1074.0,2.0
Plot  Area,18-Jul,Whitefield,2.0,1.0,46.13,1200.0,2.0
Super built-up  Area,Ready To Move,Sarjapur  Road,5.0,1.0,175.0,2425.0,4.0
Super built-up  Area,Ready To Move,Sarjapur  Road,2.0,2.0,74.0,1323.0,2.0
Super built-up  Area,18-Aug,Hennur Road,2.0,1.0,69.61,1232.0,2.0
Super built-up  Area,Ready To Move,Kalena Agrahara,2.0,1.0,40.0,900.0,2.0
Super built-up  Area,Ready To Move,Sarjapura - Attibele Road,1.0,1.0,23.65,740.0,1.0
Super built-up  Area,18-Dec,Hebbal,3.0,2.0,134.0,1920.0,3.0
Plot  Area,Ready To Move,Arishinakunte,1.0,0.0,170.0,41382.0,1.0
Super built-up  Area,Ready To Move,Bannerghatta Road,3.0,2.0,96.0,1550.0,3.0
Super built-up  Area,Ready To Move,Gunjur,2.0,3.0,90.0,1588.0,3.0
Built-up  Area,Ready To Move,Rajaji Nagar,4.0,1.0,240.0,2300.0,3.0
Built-up  Area,Ready To Move,R.T. Nagar,8.0,2.0,165.0,3600.0,9.0
Built-up  Area,Ready To Move,"Thanisandra Main Road, ",2.0,1.0,86.0,1308.0,2.0
Super built-up  Area,Ready To Move,Hennur,2.0,2.0,54.27,1340.0,3.0
Plot  Area,Ready To Move,Kogilu,9.0,3.0,450.0,3280.0,10.0
Built-up  Area,Ready To Move,Infantry Road,3.0,2.0,265.0,2170.0,4.0
Super built-up  Area,Ready To Move,Thanisandra,3.0,2.0,135.0,1719.0,3.0
Super built-up  Area,Ready To Move,Horamavu Agara,2.0,1.0,41.51,1107.83,2.0
Plot  Area,18-Jul,Whitefield,2.0,1.0,45.84,1200.0,2.0
Built-up  Area,18-Dec,Electronic City,2.0,1.0,31.48,1090.0,1.0
Plot  Area,Ready To Move,Sarvabhouma Nagar,5.0,2.0,210.0,1500.0,5.0
Super built-up  Area,18-Dec,Jakkur,3.0,2.0,104.0,1660.0,3.0
Super built-up  Area,Ready To Move,Nagavara,2.0,1.0,58.56,1247.0,2.0
Super built-up  Area,18-May,Thanisandra,3.0,2.0,96.0,1595.0,3.0
Super built-up  Area,Ready To Move,Kaggadasapura,2.0,2.0,50.0,1175.0,2.0
Plot  Area,Ready To Move,9th Phase JP Nagar,8.0,2.0,135.0,1200.0,8.0
Super built-up  Area,Ready To Move,Old Airport Road,2.0,1.0,78.0,1184.0,2.0
Super built-up  Area,Ready To Move,Byrasandra,2.0,2.0,55.0,1100.0,2.0
Plot  Area,18-Apr,Kaval Byrasandra,2.0,0.0,78.0,935.0,2.0
Built-up  Area,Ready To Move,Yelahanka,2.0,2.0,60.0,1200.0,2.0
Plot  Area,Ready To Move,Rajaji Nagar,5.0,1.0,408.0,2400.0,5.0
Super built-up  Area,Ready To Move,Neelamangala,2.0,1.0,45.0,1000.0,2.0
Built-up  Area,Ready To Move,Uttarahalli,2.0,0.0,52.0,1000.0,2.0
Super built-up  Area,Ready To Move,Yelahanka,3.0,2.0,85.0,1705.0,3.0
Built-up  Area,Ready To Move,Tumkur Road,2.0,2.0,58.3,1060.0,3.0
Plot  Area,Ready To Move,Chikka Tirupathi,4.0,1.0,120.0,2325.0,4.0
Super built-up  Area,17-Mar,Kammagondahalli,2.0,2.0,55.0,1347.0,3.0
Plot  Area,Ready To Move,Kathreguppe,8.0,3.0,250.0,1200.0,8.0
Super built-up  Area,17-Dec,Varthur,2.0,2.0,95.0,1402.0,2.0
Super built-up  Area,18-Oct,Whitefield,4.0,2.0,125.0,2280.0,3.0
Super built-up  Area,Ready To Move,Whitefield ECC Road,2.0,2.0,71.05,1225.0,2.0
Super built-up  Area,Ready To Move,5th Phase JP Nagar,2.0,1.0,53.0,1080.0,2.0
Built-up  Area,18-Apr,Koppa,7.0,2.0,90.0,4000.0,7.0
Super built-up  Area,Ready To Move,Lavelle Road,3.0,0.0,300.0,1919.0,3.0
Built-up  Area,Ready To Move,Begur Road,2.0,2.0,42.6,1100.0,2.0
Super built-up  Area,Ready To Move,Sarjapur  Road,4.0,3.0,225.0,2500.0,4.0
Super built-up  Area,22-Jan,Bannerghatta Road,2.0,2.0,78.0,1200.0,2.0
Super built-up  Area,Ready To Move,Begur Road,2.0,2.0,57.91,1565.0,3.0
Plot  Area,18-Apr,Maruthi nagar kogilu,3.0,0.0,78.0,1200.0,2.0
Super built-up  Area,Ready To Move,Kothanur,3.0,3.0,76.0,1581.0,3.0
Super built-up  Area,18-Dec,Whitefield,5.0,1.0,200.0,2882.0,4.0
Plot  Area,Ready To Move,TC Palaya,5.0,2.0,97.0,1440.0,5.0
Super built-up  Area,Ready To Move,Krishna Reddy Layout,3.0,3.0,273.0,2180.0,3.0
Built-up  Area,Ready To Move,Nagasandra,8.0,2.0,450.0,7000.0,4.0
Super built-up  Area,Ready To Move,Abbigere,2.0,1.0,38.92,985.0,2.0
Built-up  Area,Ready To Move,Sarjapur,2.0,2.0,35.0,950.0,2.0
Super built-up  Area,Ready To Move,Jai Bheema Nagar,2.0,2.0,55.0,1339.0,2.0
Super built-up  Area,Ready To Move,Ayappa Nagar,3.0,1.0,72.0,1449.0,3.0
Plot  Area,Ready To Move,Chikkasandra,4.0,2.0,180.0,1200.0,4.0
Super built-up  Area,18-May,Brindavan Layout,2.0,2.0,38.68,1100.0,2.0
Super built-up  Area,Ready To Move,Hoskote,2.0,0.0,28.095,1003.5,2.0
Built-up  Area,Ready To Move,Kaval Byrasandra,3.0,2.0,200.0,2700.0,3.0
Super built-up  Area,Ready To Move,Billamaranahalli,2.0,3.0,55.0,1100.0,2.0
Built-up  Area,18-Dec,Electronic City,2.0,1.0,32.92,1140.0,2.0
Plot  Area,Ready To Move,Sarjapur,3.0,2.0,330.0,3009.0,3.0
Super built-up  Area,Ready To Move,Hanumantha Nagar,8.0,3.0,310.0,3300.0,8.0
Built-up  Area,Ready To Move,Chandapura,1.0,2.0,30.0,800.0,2.0
Built-up  Area,Ready To Move,Chikkabanavar,4.0,0.0,65.0,2000.0,5.0
Plot  Area,Ready To Move,Prasanti Nagar,4.0,1.0,190.0,1200.0,4.0
Built-up  Area,Ready To Move,3rd Block Hrbr Layout,2.0,3.0,95.0,1300.0,2.0
Super built-up  Area,Ready To Move,Kanakpura Road,2.0,2.0,60.0,1220.0,2.0
Super built-up  Area,Ready To Move,Sarjapur  Road,3.0,2.0,178.0,2289.0,3.0
Super built-up  Area,18-Jan,Whitefield,2.0,1.0,56.0,1170.0,2.0
Super built-up  Area,Ready To Move,Vignana Nagar,2.0,2.0,89.5,1350.0,2.0
Super built-up  Area,Ready To Move,Kambipura,2.0,1.0,45.0,883.0,2.0
Built-up  Area,Ready To Move,Thanisandra,3.0,2.0,125.0,1698.0,3.0
Super built-up  Area,18-May,Electronic City Phase II,4.0,0.0,105.0,2187.5,4.0
Super built-up  Area,Ready To Move,Ambalipura,2.0,1.0,58.5,1060.0,2.0
Super built-up  Area,Ready To Move,Somasundara Palya,2.0,2.0,75.0,1185.0,2.0
Super built-up  Area,20-Dec,Padmanabhanagar,3.0,1.0,180.0,2051.0,3.0
Super built-up  Area,Ready To Move,Vittasandra,2.0,1.0,72.0,1404.0,2.0
Super built-up  Area,Ready To Move,Electronic City Phase II,2.0,1.0,67.0,1252.0,2.0
Super built-up  Area,18-Mar,Bannerghatta Road,3.0,1.0,125.0,1885.0,3.0
Built-up  Area,Ready To Move,Kaikondrahalli,6.0,3.0,225.0,3381.0,6.0
Super built-up  Area,Ready To Move,Hormavu,2.0,2.0,42.0,980.0,2.0
Super built-up  Area,Ready To Move,Rajaji Nagar,3.0,3.0,340.0,2500.0,3.0
Super built-up  Area,19-Jan,Banashankari,3.0,1.0,66.0,1420.0,3.0
Plot  Area,Ready To Move,Medahalli,6.0,2.0,135.0,1166.0,6.0
Built-up  Area,Ready To Move,"Banasawadi, ",3.0,2.0,156.0,2312.0,3.0
Super built-up  Area,Ready To Move,Kaggadasapura,4.0,2.0,130.0,3000.0,4.0
Built-up  Area,Ready To Move,Jayamahal,2.0,1.0,70.0,1175.0,2.0
Super built-up  Area,Ready To Move,Vinayaka Nagar,2.0,2.0,51.0,1145.0,2.0
Built-up  Area,Ready To Move,Bhoganhalli,2.0,1.0,52.5,970.0,2.0
Built-up  Area,18-Dec,Electronic City,2.0,1.0,32.49,1125.0,2.0
Super built-up  Area,19-Sep,Whitefield,3.0,0.0,92.63,1639.5,3.0
Built-up  Area,Ready To Move,9th Phase JP Nagar,4.0,2.0,300.0,5000.0,4.0
Built-up  Area,Ready To Move,3rd Block Jayanagar,3.0,3.0,240.0,2150.0,3.0
Super built-up  Area,18-Jul,Ramagondanahalli,3.0,1.0,57.0,1635.0,3.0
Built-up  Area,Ready To Move,Harlur,3.0,1.0,320.0,3425.0,3.0
Built-up  Area,19-Mar,Hennur Road,4.0,3.0,253.0,2950.0,4.0
Super built-up  Area,18-Dec,Jalahalli,2.0,1.0,66.0,1200.0,1.0
Super built-up  Area,Ready To Move,Kathriguppe,2.0,2.0,73.43,1335.0,3.0
Super built-up  Area,Ready To Move,Hebbal,6.0,0.0,449.0,4450.0,4.0
Super built-up  Area,Ready To Move,Yeshwanthpur,2.0,1.0,64.08,1166.0,2.0
Super built-up  Area,Ready To Move,Rajaji Nagar,3.0,1.0,372.0,2390.0,3.0
Super built-up  Area,Ready To Move,Shivaji Nagar,2.0,1.0,90.0,1460.0,3.0
Super built-up  Area,Ready To Move,Gulimangala,3.0,3.0,50.0,1690.0,3.0
Plot  Area,Ready To Move,Nagashetty Halli,3.0,2.0,93.0,1386.0,4.0
Super built-up  Area,Ready To Move,Devasandra Extension,2.0,2.0,32.0,1090.0,2.0
Super built-up  Area,21-Dec,Thanisandra,3.0,1.0,85.73,1732.0,3.0
Super built-up  Area,Ready To Move,Whitefield,2.0,1.0,72.0,1390.0,2.0
Built-up  Area,Ready To Move,Sector 2 HSR Layout,2.0,1.0,85.41,1095.0,2.0
Super built-up  Area,19-Dec,Kengeri,1.0,1.0,17.19,416.0,1.0
Super built-up  Area,Ready To Move,Channasandra Layout,2.0,3.0,50.0,2400.0,3.0
Built-up  Area,Ready To Move,Yelahanka,2.0,3.0,85.0,1350.0,3.0
Built-up  Area,Ready To Move,Bannerghatta Road,2.0,2.0,73.0,1453.0,3.0
Super built-up  Area,Ready To Move,Thanisandra,2.0,1.0,65.0,1226.0,2.0
Plot  Area,Ready To Move,Kasturi Nagar,2.0,2.0,165.0,784.0,4.0
Super built-up  Area,Ready To Move,Hegde Nagar,2.0,1.0,68.0,1168.0,3.0
Super built-up  Area,19-Dec,Bannerghatta,3.0,2.0,124.0,1776.0,3.0
Built-up  Area,Ready To Move,Whitefield,3.0,2.0,68.0,1634.0,3.0
Plot  Area,Ready To Move,Hormavu,2.0,0.0,56.0,860.0,2.0
Plot  Area,Ready To Move,Kamala Nagar,3.0,1.0,400.0,2800.0,3.0
Super built-up  Area,Ready To Move,Nagasandra,3.0,2.0,95.0,1650.0,3.0
Super built-up  Area,Ready To Move,Whitefield,2.0,1.0,70.0,1190.0,2.0
Super built-up  Area,18-Aug,JP Nagar,2.0,1.0,33.99,1133.0,2.0
Super built-up  Area,Ready To Move,Suraksha Nagar,3.0,2.0,62.0,1559.0,3.0
Plot  Area,Ready To Move,Horamavu Banaswadi,4.0,0.0,118.0,1448.0,3.0
Super built-up  Area,Ready To Move,Sathya Sai Layout,6.0,1.0,510.0,6652.0,4.0
Super built-up  Area,Ready To Move,Kodichikkanahalli,2.0,1.0,50.0,976.0,2.0
Plot  Area,Ready To Move,Bank Of Baroda Colony,4.0,3.0,240.0,1350.0,4.0
Super built-up  Area,Ready To Move,Yelahanka,2.0,2.0,54.0,1590.0,3.0
Super built-up  Area,19-Dec,Binny Pete,6.0,2.0,201.0,2940.0,4.0
Built-up  Area,Ready To Move,Yelahanka,3.0,2.0,110.0,1633.0,3.0
Super built-up  Area,18-Aug,Ramagondanahalli,2.0,2.0,46.0,1151.0,2.0
Super built-up  Area,Ready To Move,Kereguddadahalli,2.0,2.0,42.0,1400.0,3.0
Super built-up  Area,17-Apr,Uttarahalli,2.0,1.0,36.0,1037.0,2.0
Super built-up  Area,Ready To Move,Thanisandra,2.0,1.0,36.0,1188.0,2.0
Super built-up  Area,Ready To Move,Raja Rajeshwari Nagar 5th Stage,2.0,1.0,52.0,1060.0,2.0
Super built-up  Area,Ready To Move,Thigalarapalya,4.0,2.0,162.0,2215.0,3.0
Super built-up  Area,Ready To Move,Hennur,2.0,2.0,54.5,1255.0,2.0
Plot  Area,Ready To Move,Ganesha Block,2.0,1.0,300.0,2500.0,3.0
Super built-up  Area,Ready To Move,Hormavu,2.0,1.0,53.7,1075.0,2.0
Super built-up  Area,17-Apr,Harlur,5.0,3.0,180.0,2569.0,4.0
Super built-up  Area,18-Dec,ITPL,2.0,1.0,27.0,900.0,2.0
Super built-up  Area,18-Aug,Kudlu Gate,2.0,1.0,79.54,1183.0,2.0
Super built-up  Area,Ready To Move,HSR Layout,2.0,2.0,44.0,1100.0,2.0
Super built-up  Area,Ready To Move,GM Palaya,2.0,2.0,70.0,1643.0,3.0
Super built-up  Area,Ready To Move,Banagiri Nagar,2.0,2.0,120.0,1500.0,3.0
Super built-up  Area,Ready To Move,Jakkur,2.0,1.0,75.0,1291.0,2.0
Plot  Area,17-Oct,Hennur,3.0,2.0,80.0,1150.0,3.0
Super built-up  Area,Ready To Move,Electronic City,2.0,1.0,55.0,1060.0,2.0
Super built-up  Area,Ready To Move,7th Phase JP Nagar,2.0,2.0,110.0,1575.0,3.0
Plot  Area,Ready To Move,BHEL Layout,4.0,1.0,160.0,1200.0,5.0
Built-up  Area,Ready To Move,Byrathi Village,3.0,2.0,55.0,1700.0,4.0
Super built-up  Area,Ready To Move,Mahadevpura,2.0,1.0,58.0,1236.0,2.0
Built-up  Area,Ready To Move,Ramamurthy Nagar,2.0,2.0,39.0,1350.0,3.0
Super built-up  Area,Ready To Move,Malleshwaram,4.0,3.0,326.0,2475.0,3.0
Built-up  Area,Ready To Move,Pai Layout,6.0,2.0,175.0,3800.0,6.0
Built-up  Area,Ready To Move,Haralur Road,5.0,2.0,375.0,4694.0,4.0
Built-up  Area,18-Dec,Electronic City,2.0,1.0,34.66,1200.0,2.0
Plot  Area,Ready To Move,Hulimavu,4.0,1.0,75.0,1200.0,4.0
Built-up  Area,Ready To Move,Harlur,2.0,2.0,56.0,1225.0,2.0
Super built-up  Area,18-Apr,Thanisandra,2.0,1.0,75.0,1056.0,2.0
Super built-up  Area,18-Jun,9th Phase JP Nagar,2.0,2.0,42.85,1240.0,3.0
Super built-up  Area,17-Oct,Banashankari,3.0,2.0,74.52,1200.0,3.0
Super built-up  Area,18-Dec,Kudlu Gate,3.0,2.0,110.0,1850.0,3.0
Super built-up  Area,Ready To Move,Amblipura,4.0,3.0,180.0,3150.0,4.0
Built-up  Area,Ready To Move,Naganathapura,1.0,0.0,39.82,1200.0,1.0
Plot  Area,Ready To Move,Dodda Banaswadi,4.0,1.0,150.0,1018.0,4.0
Built-up  Area,Ready To Move,Konena Agrahara,6.0,1.0,460.0,3520.0,5.0
Super built-up  Area,18-Jul,Chandapura,2.0,2.0,30.22,1185.0,3.0
Super built-up  Area,Ready To Move,Jigani,2.0,2.0,56.0,918.0,2.0
Super built-up  Area,Ready To Move,GD Layout,2.0,2.0,68.0,1330.0,3.0
Built-up  Area,Ready To Move,Munnekollal,2.0,3.0,70.0,1540.0,3.0
Super built-up  Area,Ready To Move,Lakshminarayana Pura,2.0,2.0,80.0,1200.0,2.0
Super built-up  Area,18-Dec,Sunkan palya,2.0,2.0,37.0,927.0,2.0
Built-up  Area,19-Jun,Sarjapur,4.0,0.0,115.0,2585.5,4.0
Super built-up  Area,Ready To Move,CV Raman Nagar,2.0,2.0,78.0,1400.0,3.0
Super built-up  Area,Ready To Move,Hosur Road,2.0,2.0,106.0,1345.0,2.0
Built-up  Area,Ready To Move,1st Phase JP Nagar,3.0,1.0,400.0,1900.0,4.0
Super built-up  Area,Ready To Move,8th Phase JP Nagar,2.0,3.0,80.0,1510.0,2.0
Super built-up  Area,Ready To Move,Malleshwaram,2.0,1.0,25.0,302.0,2.0
Super built-up  Area,21-Dec,Kanakpura Road,2.0,2.0,27.0,525.0,1.0
Plot  Area,18-Aug,ITPL,3.0,1.0,61.52,1500.0,3.0
Super built-up  Area,19-Dec,Yelahanka,1.0,0.0,42.535,827.5,1.0
Super built-up  Area,Ready To Move,Vidyaranyapura,2.0,2.0,72.0,1100.0,3.0
Built-up  Area,Ready To Move,Sunkadakatte,3.0,1.0,68.0,1200.0,3.0
Super built-up  Area,21-Dec,Kanakpura Road,3.0,2.0,53.0,1100.0,3.0
Carpet  Area,19-Jun,Hormavu,4.0,0.0,115.0,2282.0,4.0
Built-up  Area,Ready To Move,Jayanti Nagar,2.0,1.0,37.49,760.0,2.0
Plot  Area,Ready To Move,Sarjapur,3.0,0.0,100.0,2172.0,3.0
Super built-up  Area,Ready To Move,Yeshwanthpur Industrial Suburb,6.0,2.0,390.0,3800.0,6.0
Plot  Area,Ready To Move,Kumaraswami Layout,2.0,1.0,72.0,600.0,4.0
Super built-up  Area,Ready To Move,8th Phase JP Nagar,3.0,2.0,165.0,3300.0,3.0
Super built-up  Area,19-Mar,Thubarahalli,3.0,1.0,51.0,1242.0,3.0
Plot  Area,Ready To Move,Moodalapalya,1.0,1.0,48.0,410.0,1.0
Super built-up  Area,Ready To Move,Uttarahalli,2.0,2.0,43.58,1245.0,3.0
Built-up  Area,Ready To Move,Kadugodi,2.0,2.0,44.0,1088.0,2.0
Built-up  Area,Ready To Move,Sahakara Nagar,2.0,0.0,46.0,1200.0,2.0
Plot  Area,Ready To Move,TC Palaya,3.0,1.0,100.0,1995.0,3.0
Super built-up  Area,Ready To Move,Haralur Road,2.0,1.0,82.0,1309.0,2.0
Super built-up  Area,Ready To Move,BTM 1st Stage,3.0,2.0,200.0,1717.0,3.0
Super built-up  Area,Ready To Move,7th Phase JP Nagar,3.0,2.0,200.0,2100.0,3.0
Plot  Area,Ready To Move,Gayathri Nagar,1.0,0.0,90.0,880.0,2.0
Plot  Area,Ready To Move,Abbigere,6.0,1.0,95.0,1200.0,6.0
Super built-up  Area,18-Aug,Maruthi Nagar,3.0,2.0,42.0,1250.0,3.0
Super built-up  Area,Ready To Move,Hebbal,5.0,2.0,240.0,3520.0,3.0
Super built-up  Area,Ready To Move,5th Phase JP Nagar,2.0,2.0,54.0,1041.0,2.0
Super built-up  Area,Ready To Move,Sarjapur  Road,2.0,2.0,60.0,1505.0,3.0
Super built-up  Area,18-Jul,Bannerghatta,3.0,2.0,150.0,1776.0,3.0
Super built-up  Area,Ready To Move,Bellandur,3.0,2.0,89.0,1767.0,3.0
Super built-up  Area,Ready To Move,Rajiv Gandhi Nagar,2.0,2.0,80.0,1293.0,2.0
Super built-up  Area,Ready To Move,Kengeri,2.0,1.0,50.0,1320.0,2.0
Built-up  Area,Ready To Move,Bhuvaneshwari Nagar,2.0,2.0,68.48,1280.0,2.0
Super built-up  Area,19-Mar,Thanisandra,2.0,1.0,83.05,1245.0,2.0
Super built-up  Area,Ready To Move,Haralur Road,1.0,2.0,44.0,1027.0,2.0
Built-up  Area,Ready To Move,Yelenahalli,2.0,2.0,46.17,1200.0,2.0
Super built-up  Area,21-Dec,Kanakpura Road,3.0,2.0,58.0,1100.0,3.0
Plot  Area,Ready To Move,Medahalli,3.0,1.0,72.0,1065.0,3.0
Super built-up  Area,21-Dec,Kannamangala,3.0,1.0,129.0,1814.0,3.0
Super built-up  Area,Ready To Move,Ramagondanahalli,2.0,1.0,112.0,1610.0,3.0
Built-up  Area,Ready To Move,Kumaraswami Layout,1.0,1.0,78.0,850.0,1.0
Super built-up  Area,18-Jul,Kasavanhalli,3.0,3.0,79.0,1600.0,3.0
Super built-up  Area,Ready To Move,Old Mangammanapalya Road,4.0,2.0,140.0,3200.0,3.0
Built-up  Area,Ready To Move,Canara Bank Colony,2.0,1.0,77.13,1250.0,3.0
Super built-up  Area,Ready To Move,Haralur Road,2.0,2.0,46.0,1243.0,2.0
Super built-up  Area,Ready To Move,Kanakpura Road,3.0,3.0,60.98,1452.0,3.0
Super built-up  Area,Ready To Move,Ittamadu,3.0,3.0,75.0,1475.0,3.0
Super built-up  Area,Ready To Move,Electronic City,2.0,3.0,75.0,1353.0,2.0
Carpet  Area,Ready To Move,Maruthi Sevanagar,3.0,0.0,210.0,2100.0,4.0
Super built-up  Area,21-Aug,Electronics City Phase 1,3.0,2.0,58.0,1750.0,3.0
Plot  Area,Ready To Move,Whitefield,4.0,3.0,550.0,4800.0,4.0
Built-up  Area,Ready To Move,Sahakara Nagar,2.0,1.0,96.0,1270.0,2.0
Built-up  Area,Ready To Move,Battarahalli,3.0,0.0,75.0,2700.0,4.0
Plot  Area,Ready To Move,8th Phase JP Nagar,4.0,2.0,270.0,1200.0,4.0
Built-up  Area,19-May,Thanisandra,4.0,3.0,188.0,2695.0,4.0
Super built-up  Area,Ready To Move,Hessarghatta,3.0,2.0,65.0,1330.0,3.0
Built-up  Area,Ready To Move,Electronic City,1.0,0.0,18.0,660.0,2.0
Super built-up  Area,Ready To Move,BTM 2nd Stage,2.0,3.0,90.0,1400.0,2.0
Built-up  Area,Ready To Move,Gubbalala,5.0,1.0,195.0,4000.0,4.0
Super built-up  Area,Ready To Move,Kanakpura Road,3.0,2.0,75.0,1700.0,3.0
Built-up  Area,Ready To Move,Kasavanhalli,2.0,2.0,90.0,1585.0,2.0
Super built-up  Area,Ready To Move,Kothanur,3.0,3.0,67.0,1385.0,3.0
Super built-up  Area,18-Jul,Electronic City,2.0,1.0,67.0,1128.0,2.0
Plot  Area,19-Oct,Whitefield,4.0,2.0,218.0,60.0,4.0
Plot  Area,18-Apr,1Kasavanhalli,18.0,2.0,200.0,1200.0,18.0
Super built-up  Area,Ready To Move,HSR Layout,2.0,2.0,60.0,1203.0,2.0
Super built-up  Area,Ready To Move,Mallasandra,2.0,1.0,35.0,905.0,2.0
Super built-up  Area,19-Mar,Hennur Road,3.0,2.0,79.0,1450.0,3.0
Super built-up  Area,Ready To Move,Varthur,2.0,3.0,38.0,1105.0,2.0
Plot  Area,18-Apr,Channasandra,2.0,1.0,46.13,1200.0,2.0
Super built-up  Area,Ready To Move,Jalahalli,2.0,3.0,89.0,1530.0,3.0
Super built-up  Area,Ready To Move,Whitefield,2.0,1.0,35.4,1105.0,2.0
Super built-up  Area,18-Jul,Dasarahalli,2.0,1.0,78.56,1333.0,2.0
Built-up  Area,17-Sep,Hongasandra,2.0,2.0,45.0,1065.0,2.0
Super built-up  Area,Ready To Move,Haralur Road,2.0,2.0,46.0,1243.0,2.0
Super built-up  Area,18-Dec,Old Madras Road,3.0,2.0,76.34,1530.0,3.0
Plot  Area,Ready To Move,Margondanahalli,2.0,1.0,65.0,1200.0,2.0
Super built-up  Area,Ready To Move,Whitefield,2.0,1.0,94.0,1270.0,2.0
Super built-up  Area,Ready To Move,Bellandur,3.0,3.0,89.0,1830.0,3.0
Super built-up  Area,Ready To Move,Chandapura,2.0,3.0,35.0,900.0,2.0
Plot  Area,Ready To Move,Attibele,2.0,2.0,250.0,2400.0,4.0
Plot  Area,Ready To Move,Varsova Layout,6.0,2.0,560.0,7000.0,6.0
Super built-up  Area,Ready To Move,Bannerghatta Road,2.0,2.0,78.0,1450.0,3.0
Super built-up  Area,Ready To Move,J C Nagar,3.0,3.0,65.0,1525.0,3.0
Built-up  Area,Ready To Move,Mahalakshmi Layout,2.0,1.0,67.0,1080.0,2.0
Built-up  Area,Ready To Move,Bagalur Main Road,2.0,2.0,72.0,1220.0,2.0
Super built-up  Area,Ready To Move,Begur Road,2.0,2.0,44.4,1200.0,2.0
Super built-up  Area,Ready To Move,Bommanahalli,2.0,0.0,73.17,1355.0,2.0
Plot  Area,Ready To Move,R.T. Nagar,3.0,0.0,348.0,2400.0,3.0
Super built-up  Area,Ready To Move,Govindapura,2.0,2.0,60.0,1500.0,2.0
Built-up  Area,Ready To Move,Koramangala,2.0,2.0,95.0,1355.0,2.0
Built-up  Area,17-Jul,Electronic City,2.0,1.0,57.0,1070.0,2.0
Super built-up  Area,Ready To Move,CV Raman Nagar,4.0,1.0,180.0,1980.0,3.0
Super built-up  Area,Ready To Move,Bommasandra,2.0,2.0,30.0,842.0,2.0
Super built-up  Area,Ready To Move,Bannerghatta Road,1.0,1.0,31.2,700.0,1.0
Built-up  Area,Ready To Move,Doddakammanahalli,4.0,2.0,65.0,2500.0,3.0
Built-up  Area,Ready To Move,"Kanakapura Road, ",3.0,2.0,95.0,1884.0,3.0
Built-up  Area,Ready To Move,Dena Bank Colony,2.0,2.0,75.0,1100.0,2.0
Super built-up  Area,Ready To Move,Raja Rajeshwari Nagar,2.0,2.0,40.54,1196.0,2.0
Super built-up  Area,Ready To Move,Budigere,3.0,2.0,85.0,1820.0,3.0
Plot  Area,Ready To Move,Basavanapura,8.0,2.0,145.0,1200.0,8.0
Super built-up  Area,Ready To Move,Thanisandra,2.0,2.0,43.5,1185.0,2.0
Super built-up  Area,Ready To Move,Varthur,3.0,2.0,170.0,2145.0,3.0
Super built-up  Area,Ready To Move,Whitefield,2.0,1.0,89.0,1220.0,2.0
Super built-up  Area,Ready To Move,Whitefield,2.0,3.0,51.91,1116.0,2.0
Super built-up  Area,Ready To Move,6th Phase JP Nagar,2.0,3.0,75.0,1192.0,2.0
Super built-up  Area,Ready To Move,Marathahalli,3.0,2.0,110.0,1449.0,3.0
Plot  Area,Ready To Move,Ardendale,3.0,1.0,250.0,2500.0,3.0
Built-up  Area,Ready To Move,Electronic City,3.0,2.0,90.0,1700.0,3.0
Super built-up  Area,18-Aug,Hebbal,3.0,2.0,150.0,1920.0,3.0
Plot  Area,Ready To Move,BTM 4th Stage,2.0,0.0,90.0,1350.0,2.0
Plot  Area,Ready To Move,Devanahalli Int. Airport,5.0,2.0,350.0,4800.0,4.0
Built-up  Area,Ready To Move,"Sarjapur Road, ",3.0,2.0,74.0,1700.0,3.0
Super built-up  Area,19-Dec,Hoodi,3.0,2.0,76.0,1447.0,2.0
Super built-up  Area,19-Jul,Kanakpura Road,2.0,1.0,107.0,1329.0,2.0
Built-up  Area,Ready To Move,Sarjapur  Road,2.0,2.0,70.44,1314.0,3.0
Plot  Area,Ready To Move,Hal old airport road,3.0,2.0,110.0,1200.0,3.0
Plot  Area,Ready To Move,Basavangudi,3.0,0.0,220.0,1214.0,6.0
Super built-up  Area,19-Mar,Hosa Road,3.0,1.0,103.0,1513.0,3.0
Plot  Area,Ready To Move,arudi,2.0,0.0,80.0,261360.0,3.0
Super built-up  Area,Ready To Move,Vittasandra,2.0,1.0,67.5,1246.0,2.0
Super built-up  Area,Ready To Move,Ganga Nagar,1.0,1.0,65.0,705.0,1.0
Super built-up  Area,Ready To Move,Dasarahalli,2.0,2.0,62.0,1220.0,2.0
Super built-up  Area,Ready To Move,Yelahanka New Town,2.0,1.0,45.0,1800.0,3.0
Super built-up  Area,Ready To Move,Kaval Byrasandra,3.0,2.0,75.0,1400.0,3.0
Super built-up  Area,Ready To Move,Kasavanhalli,2.0,2.0,80.0,1245.0,2.0
Super built-up  Area,Ready To Move,Anantapuram,2.0,1.0,63.0,1495.0,3.0
Plot  Area,Ready To Move,Nagavara,2.0,2.0,275.0,2000.0,3.0
Built-up  Area,Ready To Move,Gollarapalya Hosahalli,2.0,2.0,36.5,996.0,2.0
Built-up  Area,Ready To Move,Yelahanka New Town,2.0,1.0,44.0,1000.0,2.0
Built-up  Area,Ready To Move,Chikka Banaswadi,2.0,3.0,75.0,1250.0,2.0
Super built-up  Area,18-Aug,Chandapura,2.0,1.0,24.86,975.0,2.0
Super built-up  Area,Ready To Move,Thanisandra,2.0,1.0,80.0,1261.0,3.0
Built-up  Area,Ready To Move,Electronics City Phase 1,2.0,2.0,46.0,1080.0,2.0
Super built-up  Area,Ready To Move,Akshayanagara East,2.0,1.0,50.0,1230.0,2.0
Super built-up  Area,18-Mar,Kammasandra,2.0,2.0,25.53,982.0,2.0
Super built-up  Area,18-May,Bommasandra,3.0,1.0,49.36,1260.0,3.0
Super built-up  Area,Ready To Move,HSR Layout,2.0,2.0,135.0,1590.0,3.0
Super built-up  Area,Ready To Move,Horamavu Agara,2.0,2.0,39.0,1220.0,2.0
Super built-up  Area,18-May,Electronic City Phase II,2.0,1.0,38.12,1320.0,3.0
Super built-up  Area,Ready To Move,Green Glen Layout,3.0,2.0,105.0,1750.0,3.0
Super built-up  Area,Ready To Move,Whitefield,2.0,3.0,62.15,1436.0,3.0
Plot  Area,18-Apr,TC Palaya,2.0,0.0,66.0,1200.0,3.0
Super built-up  Area,Ready To Move,Malleshwaram,2.0,2.0,140.0,1500.0,2.0
Super built-up  Area,Ready To Move,Varthur,3.0,2.0,90.0,1560.0,3.0
Super built-up  Area,19-Jan,Whitefield,3.0,1.0,300.0,3758.0,3.0
Super built-up  Area,Ready To Move,Belatur,2.0,2.0,59.0,1275.0,2.0
Super built-up  Area,Ready To Move,Ramanjaneyanagar,2.0,2.0,36.4,1040.0,2.0
Super built-up  Area,Ready To Move,Bellandur,3.0,2.0,115.0,2400.0,3.0
Plot  Area,Ready To Move,Chamrajpet,9.0,3.0,230.0,1500.0,6.0
Plot  Area,18-May,Kaggalipura,5.0,1.0,212.0,3150.0,4.0
Super built-up  Area,Ready To Move,Karuna Nagar,3.0,2.0,165.0,1960.0,3.0
Super built-up  Area,Ready To Move,JP Nagar,5.0,3.0,309.0,3200.0,4.0
Super built-up  Area,Ready To Move,Yeshwanthpur,2.0,2.0,100.0,1195.0,2.0
Super built-up  Area,Ready To Move,Yelahanka,2.0,0.0,53.105,1195.0,2.0
Super built-up  Area,Ready To Move,Hosakerehalli,5.0,2.0,145.0,4500.0,5.0
Plot  Area,Ready To Move,Ulsoor,3.0,1.0,70.0,450.0,3.0
Plot  Area,18-Apr,Sathya Sai Layout,4.0,2.0,699.0,4304.0,4.0
Super built-up  Area,18-Jun,Javarandoddi,1.0,1.0,40.0,648.0,1.0
Super built-up  Area,Ready To Move,Sarjapur  Road,3.0,2.0,130.0,2100.0,3.0
Super built-up  Area,19-Dec,Thanisandra main road,4.0,2.0,602.0,4209.0,4.0
Super built-up  Area,Ready To Move,Kudlu,2.0,1.0,44.0,1027.0,2.0
Plot  Area,Ready To Move,Whitefield,4.0,3.0,250.0,1575.0,4.0
Super built-up  Area,18-May,Bommasandra,3.0,1.0,52.82,1365.0,3.0
Super built-up  Area,Ready To Move,Yelahanka New Town,1.0,1.0,18.0,650.0,1.0
Plot  Area,18-Nov,Chandapura,2.0,1.0,52.0,1200.0,3.0
Super built-up  Area,Ready To Move,Cooke Town,2.0,3.0,90.0,1100.0,2.0
Built-up  Area,Ready To Move,7th Phase JP Nagar,2.0,1.0,57.0,1075.0,3.0
Super built-up  Area,Ready To Move,Banashankari,2.0,1.0,63.0,1100.0,2.0
Super built-up  Area,Ready To Move,Akshya Nagar,2.0,1.0,58.0,1320.0,3.0
Super built-up  Area,Ready To Move,Kammasandra,3.0,2.0,65.0,1500.0,3.0
Plot  Area,Ready To Move,Vijaypura,5.0,1.0,150.0,1200.0,4.0
Plot  Area,Ready To Move,Bapuji Nagar,3.0,2.0,126.0,1125.0,4.0
Super built-up  Area,Ready To Move,Vittasandra,2.0,1.0,67.5,1246.0,2.0
Super built-up  Area,18-Apr,Bhoganhalli,3.0,2.0,90.2,1718.0,3.0
Super built-up  Area,Ready To Move,Bisuvanahalli,2.0,1.0,32.0,1075.0,3.0
Super built-up  Area,18-Oct,Chennammana Kere,3.0,1.0,75.48,1480.0,3.0
Super built-up  Area,Ready To Move,Austin Town,1.0,1.0,13.0,500.0,1.0
Plot  Area,Ready To Move,3rd Block Banashankari,4.0,1.0,325.0,2400.0,5.0
Plot  Area,18-May,Kaikondrahalli,4.0,2.0,125.0,1200.0,4.0
Super built-up  Area,Ready To Move,Kanakpura Road,2.0,1.0,36.44,1041.0,2.0
Super built-up  Area,Ready To Move,Doddanekundi,2.0,2.0,48.4,1128.0,2.0
Super built-up  Area,Ready To Move,Hosur Road,3.0,1.0,90.0,1685.0,3.0
Super built-up  Area,Ready To Move,Guddadahalli,2.0,2.0,65.0,1180.0,2.0
Built-up  Area,Ready To Move,Ejipura,2.0,1.0,60.0,1200.0,2.0
Super built-up  Area,18-Apr,Mangammanapalya,3.0,2.0,39.5,1250.0,3.0
Super built-up  Area,21-Dec,Kanakpura Road,2.0,1.0,41.0,900.0,2.0
Built-up  Area,Ready To Move,Chelekare,2.0,1.0,45.0,1000.0,2.0
Built-up  Area,Ready To Move,Yelahanka New Town,2.0,2.0,80.0,600.0,2.0
Plot  Area,Ready To Move,2nd Stage Nagarbhavi,3.0,2.0,82.0,600.0,4.0
Super built-up  Area,Ready To Move,Vittasandra,2.0,1.0,70.0,1404.0,2.0
Super built-up  Area,Ready To Move,Ramagondanahalli,2.0,2.0,115.0,1610.0,3.0
Super built-up  Area,18-Jul,Varthur,2.0,1.0,85.0,1760.0,2.0
Super built-up  Area,Ready To Move,Amam Enclave Layout,2.0,1.0,55.0,975.0,2.0
Built-up  Area,Ready To Move,Kashi Nagar,2.0,2.0,42.0,1190.0,2.0
Built-up  Area,Ready To Move,Kudlu,2.0,1.0,46.0,1110.0,2.0
Super built-up  Area,Ready To Move,Rajaji Nagar,3.0,2.0,399.0,2415.0,3.0
Super built-up  Area,18-May,Gunjur,2.0,2.0,44.5,1235.0,2.0
Super built-up  Area,Ready To Move,Nanjappa Garden,2.0,3.0,55.0,1275.0,2.0
Built-up  Area,Ready To Move,Victoria Layout,2.0,1.0,115.0,1115.0,2.0
Super built-up  Area,Ready To Move,Harlur,2.0,1.0,76.0,1197.0,2.0
Super built-up  Area,20-Dec,Begur Road,1.0,1.0,32.0,644.0,1.0
Super built-up  Area,Ready To Move,Bellandur,2.0,3.0,47.0,1251.0,2.0
Super built-up  Area,18-Apr,Neeladri Nagar,2.0,2.0,30.0,1105.0,2.0
Super built-up  Area,18-Aug,4th Phase JP Nagar,2.0,2.0,38.0,1080.0,2.0
Super built-up  Area,Ready To Move,Kudlu,3.0,1.0,114.0,2100.0,4.0
Plot  Area,Ready To Move,Kammanahalli,4.0,1.0,200.0,1600.0,4.0
Super built-up  Area,Ready To Move,NRI Layout,3.0,3.0,64.11,1731.0,3.0
Super built-up  Area,Ready To Move,Hormavu,2.0,1.0,55.0,1206.0,2.0
Super built-up  Area,Ready To Move,Choodasandra,3.0,2.0,78.0,1560.0,3.0
Super built-up  Area,Ready To Move,7th Phase JP Nagar,1.0,2.0,47.0,750.0,1.0
Built-up  Area,Ready To Move,Billekahalli,2.0,2.0,90.0,1035.0,2.0
Plot  Area,Ready To Move,Ramamurthy Nagar,6.0,2.0,150.0,1200.0,7.0
Super built-up  Area,Ready To Move,Sarjapur  Road,1.0,0.0,35.8,702.0,1.0
Plot  Area,Ready To Move,Attibele,3.0,1.0,65.0,1700.0,3.0
Super built-up  Area,Ready To Move,HRBR Layout,2.0,2.0,68.5,1145.0,2.0
Super built-up  Area,Ready To Move,Ramamurthy Nagar,2.0,2.0,43.5,1208.0,3.0
Super built-up  Area,Ready To Move,Brookefield,3.0,2.0,74.0,1589.0,3.0
Built-up  Area,Ready To Move,Allalasandra,2.0,1.0,22.0,560.0,2.0
Super built-up  Area,Ready To Move,Yelahanka New Town,2.0,2.0,61.5,1426.0,3.0
Super built-up  Area,Ready To Move,Green Glen Layout,3.0,2.0,135.0,1885.0,3.0
Super built-up  Area,18-Mar,Old Madras Road,2.0,0.0,37.77,935.0,2.0
Super built-up  Area,18-Apr,Old Madras Road,2.0,2.0,73.0,1171.0,2.0
Super built-up  Area,Ready To Move,Singasandra,2.0,3.0,60.0,1465.0,2.0
Super built-up  Area,Ready To Move,Budigere,3.0,2.0,95.0,1820.0,3.0
Super built-up  Area,Ready To Move,Raja Rajeshwari Nagar,2.0,2.0,66.85,1580.0,3.0
Super built-up  Area,Ready To Move,Whitefield,2.0,2.0,46.29,1452.0,3.0
Super built-up  Area,Ready To Move,Hennur Road,2.0,1.0,89.56,1445.0,3.0
Super built-up  Area,Ready To Move,Gollahalli,2.0,1.0,39.0,1170.0,2.0
Super built-up  Area,Ready To Move,Anjappa Layout,2.0,1.0,50.0,1070.0,2.0
Super built-up  Area,21-Dec,Kanakpura Road,3.0,2.0,53.0,1100.0,3.0
Super built-up  Area,18-Mar,Kothanur,2.0,2.0,56.0,1140.0,2.0
Built-up  Area,Ready To Move,Rachenahalli,3.0,2.0,160.0,2600.0,3.0
Super built-up  Area,Ready To Move,Shikaripalya,3.0,2.0,59.75,1532.0,3.0
Super built-up  Area,Ready To Move,AGS Layout,2.0,1.0,46.0,1150.0,2.0
Super built-up  Area,Ready To Move,Jakkur,2.0,1.0,85.0,1473.0,2.0
Super built-up  Area,Ready To Move,Kathriguppe,3.0,2.0,80.99,1350.0,3.0
Super built-up  Area,Ready To Move,Prithvi Layout,4.0,0.0,500.0,4040.0,4.0
Super built-up  Area,18-Jan,CV Raman Nagar,4.0,2.0,166.0,1980.0,3.0
Super built-up  Area,22-Jun,Hoodi,3.0,2.0,128.0,1660.0,3.0
Plot  Area,Ready To Move,Kogilu,7.0,2.0,85.0,2456.0,7.0
Super built-up  Area,Ready To Move,Chamrajpet,2.0,2.0,45.0,650.0,2.0
Plot  Area,Ready To Move,Neeladri Nagar,5.0,2.0,425.0,4000.0,5.0
Super built-up  Area,Ready To Move,Malleshwaram,4.0,3.0,340.0,2475.0,3.0
Super built-up  Area,Ready To Move,Chikkakannalli,3.0,2.0,90.0,1495.0,3.0
Super built-up  Area,Ready To Move,R.T. Nagar,2.0,1.0,48.0,1080.0,2.0
Super built-up  Area,Ready To Move,Electronic City,2.0,2.0,57.5,1521.0,3.0
Built-up  Area,Ready To Move,Aishwarya Crystal Layout,2.0,0.0,51.0,1053.0,2.0
Super built-up  Area,18-Mar,Binny Pete,5.0,2.0,289.0,2406.0,3.0
Plot  Area,Ready To Move,Kanakpura Road,5.0,3.0,115.0,800.0,4.0
Super built-up  Area,Ready To Move,7th Phase JP Nagar,2.0,1.0,42.0,1050.0,2.0
Super built-up  Area,Ready To Move,Thanisandra,2.0,2.0,51.48,1430.0,3.0
Built-up  Area,Ready To Move,Begur,3.0,2.0,12.0,2400.0,3.0
Super built-up  Area,18-Apr,OLd Gurappanapalya,3.0,2.0,39.0,1250.0,3.0
Plot  Area,Ready To Move,Ramanagara Channapatna,2.0,1.0,75.0,1200.0,4.0
Built-up  Area,Ready To Move,Ulsoor,1.0,1.0,150.0,840.0,1.0
Super built-up  Area,Ready To Move,Uttarahalli,2.0,2.0,39.5,1000.0,2.0
Super built-up  Area,Ready To Move,Bannerghatta Road,3.0,3.0,68.0,1630.0,3.0
Super built-up  Area,Ready To Move,Kammasandra,2.0,1.0,40.5,985.0,2.0
Super built-up  Area,Ready To Move,BTM 2nd Stage,2.0,2.0,70.0,1200.0,2.0
Built-up  Area,Ready To Move,Ambalipura,3.0,3.0,100.0,1650.0,3.0
Super built-up  Area,Ready To Move,Mico Layout,3.0,2.0,59.0,1670.0,3.0
Super built-up  Area,Ready To Move,5th Block Hbr Layout,5.0,2.0,205.0,1200.0,5.0
Plot  Area,16-Jan,Sarjapur  Road,4.0,0.0,110.0,1240.0,4.0
Built-up  Area,Ready To Move,Maheswari Nagar,2.0,2.0,60.0,1000.0,2.0
Super built-up  Area,Ready To Move,Doddabanahalli,2.0,2.0,26.0,830.0,2.0
Plot  Area,18-Jul,Ramagondanahalli,3.0,1.0,56.1,1200.0,3.0
Plot  Area,Ready To Move,Sadashiva Nagar,7.0,2.0,2736.0,9600.0,5.0
Super built-up  Area,19-Aug,Begur Road,6.0,0.0,122.5,2500.0,4.0
Super built-up  Area,Ready To Move,Haralur Road,2.0,2.0,43.0,1140.0,2.0
Super built-up  Area,Ready To Move,Nagarbhavi,3.0,3.0,85.0,1635.0,3.0
Built-up  Area,Ready To Move,HSR Layout,2.0,1.0,70.0,1120.0,2.0
Plot  Area,Ready To Move,Kamakya Layout,6.0,3.0,200.0,2750.0,6.0
Super built-up  Area,Ready To Move,Sector 7 HSR Layout,3.0,2.0,185.0,1760.0,3.0
Super built-up  Area,Ready To Move,Harlur,3.0,2.0,110.0,2137.0,3.0
Super built-up  Area,Ready To Move,Hennur Road,2.0,1.0,50.74,973.0,2.0
Super built-up  Area,18-Jun,Kundalahalli,3.0,1.0,146.0,1724.0,3.0
Super built-up  Area,Ready To Move,Banashankari,2.0,2.0,40.79,1020.0,2.0
Plot  Area,Ready To Move,Hsr layout sector3,4.0,3.0,375.0,1200.0,4.0
Super built-up  Area,Ready To Move,Electronic City,1.0,1.0,35.0,750.0,1.0
Super built-up  Area,Ready To Move,Kambipura,2.0,1.0,49.0,883.0,2.0
Built-up  Area,Ready To Move,Thyagraj Nagar,2.0,0.0,76.0,660.0,2.0
Super built-up  Area,Ready To Move,Ramagondanahalli,5.0,2.0,220.0,2787.0,4.0
Built-up  Area,Ready To Move,Devasthanagalu,2.0,3.0,60.0,1470.0,3.0
Super built-up  Area,20-Apr,Electronics City Phase 1,2.0,1.0,24.95,891.0,2.0
Built-up  Area,Ready To Move,"Sarjapur Road, ",2.0,1.0,76.0,1275.0,2.0
Super built-up  Area,Ready To Move,Kothanur,3.0,2.0,120.0,1787.0,3.0
Built-up  Area,Ready To Move,8th Phase JP Nagar,5.0,2.0,75.0,1730.0,5.0
Super built-up  Area,Ready To Move,Sarjapur  Road,2.0,2.0,110.0,1320.0,2.0
Super built-up  Area,18-Aug,Yeshwanthpur,3.0,3.0,108.0,1692.0,3.0
Super built-up  Area,Ready To Move,Bannerghatta Road,3.0,2.0,69.0,1400.0,3.0
Super built-up  Area,Ready To Move,Sarjapur  Road,2.0,1.0,50.0,1115.0,2.0
Super built-up  Area,Ready To Move,Whitefield,2.0,2.0,56.0,1370.0,2.0
Super built-up  Area,18-Feb,Thirumenahalli,3.0,2.0,56.0,1602.0,3.0
Built-up  Area,20-Dec,"Hoodi Circle, ",1.0,1.0,40.0,793.0,1.0
Super built-up  Area,Ready To Move,GM Palaya,1.0,1.0,35.0,675.0,1.0
Built-up  Area,Ready To Move,Chikka Tirupathi,4.0,2.0,136.0,3250.0,4.0
Super built-up  Area,Ready To Move,Whitefield,2.0,3.0,43.0,1050.0,2.0
Built-up  Area,Ready To Move,Jalahalli East,2.0,1.0,42.5,1035.0,2.0
Super built-up  Area,17-Feb,Sarjapur  Road,2.0,2.0,44.0,1200.0,3.0
Super built-up  Area,Ready To Move,Sarjapur  Road,3.0,2.0,128.0,1800.0,3.0
Built-up  Area,Ready To Move,Green Glen Layout,3.0,2.0,70.0,1625.0,3.0
Super built-up  Area,20-Dec,Electronics City Phase 1,2.0,1.0,31.99,1032.0,2.0
Super built-up  Area,18-Apr,Whitefield,2.0,1.0,71.81,1496.0,3.0
Super built-up  Area,18-May,Kothnoor Dinne,2.0,2.0,38.0,1100.0,2.0
Built-up  Area,Ready To Move,Kundalahalli,3.0,2.0,50.0,1500.0,3.0
Built-up  Area,18-Dec,Electronic City Phase II,2.0,1.0,32.63,1125.0,2.0
Super built-up  Area,Ready To Move,Chikka Banaswadi,3.0,3.0,73.0,1555.0,3.0
Super built-up  Area,Ready To Move,Amruthahalli,2.0,1.0,42.0,1025.0,2.0
Super built-up  Area,19-Mar,Hennur Road,2.0,1.0,83.73,1482.0,3.0
Super built-up  Area,Ready To Move,Banagirinagar,2.0,2.0,130.0,1630.0,3.0
Super built-up  Area,Ready To Move,Arekere,2.0,1.0,44.5,900.0,2.0
Super built-up  Area,Ready To Move,Yelahanka,2.0,3.0,75.0,1355.0,3.0
Plot  Area,18-May,1st Block Koramangala,4.0,2.0,601.0,2360.0,4.0
Built-up  Area,Ready To Move,Akshaya Nagar,2.0,2.0,45.0,1200.0,2.0
Super built-up  Area,Ready To Move,Suraksha Nagar,3.0,2.0,63.0,1563.0,3.0
Plot  Area,Ready To Move,Medaralli,4.0,1.0,84.0,1344.0,4.0
Super built-up  Area,Ready To Move,6th block Koramangala,3.0,2.0,400.0,3000.0,3.0
Super built-up  Area,Ready To Move,5th Phase JP Nagar,2.0,1.0,42.0,812.0,2.0
Built-up  Area,18-Apr,Basaveshwara Nagar,2.0,1.0,70.0,1200.0,2.0
Super built-up  Area,Ready To Move,Yelahanka,4.0,1.0,156.0,3175.0,4.0
Super built-up  Area,Ready To Move,Marathahalli,2.0,1.0,101.0,1360.0,2.0
Super built-up  Area,Ready To Move,Hegde Nagar,3.0,3.0,88.0,1835.0,3.0
Built-up  Area,Ready To Move,Rachenahalli,3.0,2.0,110.0,1756.0,3.0
Super built-up  Area,Ready To Move,8th Phase JP Nagar,2.0,2.0,51.83,1296.0,3.0
Super built-up  Area,Ready To Move,Haralur Road,2.0,1.0,75.0,1300.0,2.0
Super built-up  Area,Ready To Move,Anandapura,2.0,1.0,50.0,1141.0,2.0
Super built-up  Area,Ready To Move,Poorna Pragna Layout,2.0,2.0,50.79,1270.0,3.0
Built-up  Area,Ready To Move,Electronic City,2.0,1.0,55.0,1210.0,2.0
Super built-up  Area,Ready To Move,Hormavu,2.0,2.0,67.0,1310.0,2.0
Plot  Area,Ready To Move,Ejipura,5.0,2.0,139.0,1356.0,5.0
Super built-up  Area,18-Aug,Magadi Road,2.0,0.0,55.195,1187.0,3.0
Super built-up  Area,Ready To Move,Gubbalala,3.0,2.0,140.0,1745.0,3.0
Plot  Area,17-Aug,KR Puram,5.0,1.0,125.0,1200.0,5.0
Super built-up  Area,Ready To Move,Raja Rajeshwari Nagar,2.0,2.0,37.0,1050.0,2.0
Plot  Area,Ready To Move,Banashankari,4.0,3.0,500.0,2400.0,4.0
Super built-up  Area,18-Apr,Electronic City Phase II,2.0,1.0,34.0,1140.0,2.0
Super built-up  Area,Ready To Move,Varthur,2.0,2.0,54.0,1210.0,2.0
Super built-up  Area,18-May,Kasavanhalli,3.0,2.0,142.0,2035.0,3.0
Super built-up  Area,Ready To Move,Sarjapur,1.0,1.0,17.09,633.0,1.0
Built-up  Area,Ready To Move,Amruthahalli,1.0,1.0,19.5,485.0,1.0
Super built-up  Area,Ready To Move,Varthur,2.0,2.0,40.0,1112.0,2.0
Plot  Area,Ready To Move,Ullal Uppanagar,2.0,0.0,82.0,1200.0,2.0
Super built-up  Area,Ready To Move,Sarjapur  Road,4.0,2.0,187.0,2275.0,3.0
Super built-up  Area,Ready To Move,Doddanakundi Industrial Area 2,3.0,2.0,85.0,1419.0,3.0
Super built-up  Area,18-Apr,Sri Sai Layout,2.0,2.0,42.4,1195.0,2.0
Built-up  Area,Ready To Move,Versova Layout,3.0,3.0,270.0,2020.0,3.0
Super built-up  Area,Ready To Move,Kundalahalli,2.0,2.0,91.0,1047.0,2.0
Super built-up  Area,Ready To Move,Thanisandra,4.0,2.0,117.0,1884.0,3.0
Plot  Area,Ready To Move,Malleshpalya,3.0,2.0,149.0,1200.0,3.0
Super built-up  Area,Ready To Move,Bannerghatta Road,2.0,1.0,58.0,905.0,2.0
Super built-up  Area,Ready To Move,JP Nagar,2.0,1.0,108.0,1500.0,3.0
Built-up  Area,Ready To Move,Chikkajala,1.0,0.0,50.0,850.0,1.0
Built-up  Area,18-Aug,Bommasandra Industrial Area,2.0,1.0,32.49,1125.0,2.0
Built-up  Area,Ready To Move,Tindlu,2.0,2.0,59.8,1165.0,2.0
Built-up  Area,Ready To Move,Maruthi Sevanagar,2.0,0.0,55.0,933.0,2.0
Super built-up  Area,Ready To Move,Hennur Road,2.0,1.0,77.0,1305.0,3.0
Super built-up  Area,Ready To Move,Billekahalli,2.0,1.0,65.0,1125.0,2.0
Super built-up  Area,Ready To Move,BSM Extension,2.0,2.0,33.0,865.0,2.0
Super built-up  Area,Ready To Move,Jigani,3.0,3.0,66.0,1245.0,3.0
Super built-up  Area,Ready To Move,Kalyan nagar,2.0,3.0,300.0,8840.0,2.0
Super built-up  Area,Ready To Move,Udayagiri,2.0,2.0,60.0,1145.0,3.0
Built-up  Area,Ready To Move,AECS Layout,3.0,1.0,90.0,2000.0,3.0
Super built-up  Area,19-Mar,Hosa Road,1.0,1.0,43.68,625.0,1.0
Super built-up  Area,Ready To Move,Kundalahalli,3.0,2.0,128.0,1724.0,3.0
Plot  Area,Ready To Move,Madiwala,1.0,1.0,75.0,400.0,1.0
Super built-up  Area,Ready To Move,Sarjapur  Road,2.0,1.0,54.0,1270.0,3.0
Super built-up  Area,18-Apr,Madiwala,3.0,2.0,39.5,1250.0,3.0
Super built-up  Area,20-Dec,Jakkur,3.0,2.0,72.0,1485.0,3.0
Super built-up  Area,Ready To Move,Shankarapuram,2.0,1.0,80.0,823.0,2.0
Super built-up  Area,Ready To Move,7th Phase JP Nagar,2.0,2.0,50.0,990.0,2.0
Plot  Area,Ready To Move,TC Palaya,2.0,0.0,66.0,1200.0,3.0
Super built-up  Area,18-Mar,Kothanur,2.0,2.0,59.0,1185.0,2.0
Super built-up  Area,Ready To Move,Kadubeesanahalli,2.0,1.0,78.0,1140.0,2.0
Super built-up  Area,Ready To Move,Ambedkar Nagar,4.0,2.0,120.0,1950.0,3.0
Super built-up  Area,Ready To Move,Yelahanka,3.0,2.0,125.0,1756.0,3.0
Built-up  Area,Ready To Move,Kumaraswami Layout,4.0,2.0,300.0,2600.0,4.0
Super built-up  Area,19-Sep,Chandapura,1.0,1.0,14.04,520.0,1.0
Built-up  Area,Ready To Move,Doddakannelli,2.0,1.0,48.0,1025.0,2.0
Built-up  Area,18-Jun,Whitefield,2.0,1.0,72.0,1216.0,2.0
Super built-up  Area,Ready To Move,Sarjapur  Road,2.0,2.0,60.8,1026.0,2.0
Super built-up  Area,Ready To Move,Sarjapur  Road,4.0,3.0,300.0,3335.0,4.0
Built-up  Area,Ready To Move,Kodichikkanahalli,4.0,2.0,125.0,2700.0,5.0
Super built-up  Area,18-Apr,Begur,2.0,2.0,60.0,1411.0,3.0
Super built-up  Area,Ready To Move,Kanakpura Road,2.0,1.0,39.6,1320.0,3.0
Built-up  Area,Ready To Move,Bannerghatta,2.0,0.0,50.0,1320.0,2.0
Plot  Area,Ready To Move,OMBR Layout,4.0,2.0,110.0,615.0,4.0
Super built-up  Area,Ready To Move,Kalena Agrahara,3.0,2.0,155.0,1804.0,3.0
Super built-up  Area,Ready To Move,HSR Layout,2.0,2.0,46.0,1140.0,2.0
Plot  Area,18-Apr,Banjara Layout,4.0,1.0,105.0,1200.0,4.0
Super built-up  Area,Ready To Move,Hebbal,4.0,2.0,189.0,2375.0,4.0
Plot  Area,Ready To Move,Chamundi Nagar,3.0,2.0,120.0,1750.0,3.0
Plot  Area,Ready To Move,Wilson Garden,5.0,2.0,130.0,960.0,9.0
Super built-up  Area,Ready To Move,TC Palaya,2.0,2.0,55.0,1152.0,2.0
Super built-up  Area,Ready To Move,Thanisandra,2.0,1.0,54.0,965.0,2.0
Super built-up  Area,Ready To Move,Lingadheeranahalli,3.0,1.0,120.0,1684.0,3.0
Super built-up  Area,Ready To Move,Hennur Road,3.0,2.0,86.0,1672.0,3.0
Super built-up  Area,Ready To Move,Panathur,2.0,2.0,60.0,1075.0,2.0
Plot  Area,Ready To Move,Sarjapur,5.0,2.0,95.0,1500.0,3.0
Super built-up  Area,Ready To Move,HOSUR MAIN ROAD,3.0,2.0,56.0,1464.0,3.0
Super built-up  Area,18-Dec,Hebbal,2.0,1.0,99.26,1420.0,2.0
Super built-up  Area,Ready To Move,Nagashetty Halli,2.0,0.0,40.0,750.0,2.0
Super built-up  Area,Ready To Move,Yeshwanthpur,2.0,2.0,64.08,1169.0,2.0
Super built-up  Area,18-Jul,Devanahalli,2.0,1.0,62.0,1290.0,3.0
Super built-up  Area,Ready To Move,Kengeri,2.0,2.0,40.6,1160.0,2.0
Built-up  Area,Ready To Move,Shampura,5.0,3.0,95.0,2800.0,7.0
Super built-up  Area,Ready To Move,Mysore Road,3.0,2.0,70.0,1500.0,3.0
Super built-up  Area,Ready To Move,Domlur,3.0,1.0,180.0,1850.0,3.0
Super built-up  Area,18-Jan,Venkatapura,3.0,2.0,46.0,1300.0,3.0
Super built-up  Area,18-May,Electronic City Phase II,2.0,1.0,37.84,1310.0,3.0
Built-up  Area,Ready To Move,RMV,5.0,2.0,550.0,2750.0,3.0
Super built-up  Area,Ready To Move,Bhoopsandra,3.0,0.0,170.0,2150.0,3.0
Built-up  Area,Ready To Move,5th Block Hbr Layout,5.0,3.0,300.0,5100.0,6.0
Super built-up  Area,21-Dec,Kanakpura Road,2.0,3.0,69.0,1300.0,3.0
Plot  Area,Ready To Move,Kadugodi,2.0,1.0,110.0,1875.0,3.0
Super built-up  Area,Ready To Move,Hulimavu,2.0,1.0,82.0,1260.0,3.0
Built-up  Area,Ready To Move,Kengeri,4.0,3.0,100.0,2500.0,5.0
Super built-up  Area,19-Jun,Begur Road,2.0,1.0,64.0,1241.0,2.0
Super built-up  Area,Ready To Move,Sarjapur  Road,2.0,2.0,45.5,1025.0,2.0
Plot  Area,Ready To Move,Postal Colony,1.0,0.0,218.0,1500.0,2.0
Built-up  Area,17-Jun,Electronic City,2.0,1.0,60.0,1070.0,2.0
Super built-up  Area,Ready To Move,Begur,2.0,1.0,40.0,815.0,2.0
Built-up  Area,Ready To Move,Kanakpura Road,3.0,3.0,105.0,2000.0,3.0
Super built-up  Area,Ready To Move,Malleshwaram,2.0,1.0,190.0,1400.0,2.0
Plot  Area,Ready To Move,Varthur,4.0,3.0,175.0,1740.0,4.0
Super built-up  Area,Ready To Move,ITPL,5.0,0.0,300.0,5667.5,4.0
Built-up  Area,18-Apr,Sarjapur  Road,2.0,2.0,70.0,1216.0,2.0
Super built-up  Area,Ready To Move,pavitra paradise,2.0,1.0,190.0,2200.0,3.0
Plot  Area,Ready To Move,Hegde Nagar,5.0,2.0,450.0,3500.0,4.0
Plot  Area,Ready To Move,Shampura,6.0,3.0,105.0,970.0,6.0
Plot  Area,Ready To Move,Vidyaranyapura,7.0,3.0,375.0,3150.0,7.0
Plot  Area,Ready To Move,Kanakpura Road,2.0,0.0,62.0,1200.0,2.0
Super built-up  Area,Ready To Move,Marathahalli,2.0,1.0,50.18,1026.0,2.0
Built-up  Area,Ready To Move,Hulimavu,1.0,1.0,20.0,450.0,1.0
Super built-up  Area,Ready To Move,KR Puram,2.0,1.0,45.79,1205.0,2.0
Super built-up  Area,Ready To Move,Jakkur Plantation,2.0,3.0,87.0,1368.0,2.0
Built-up  Area,Ready To Move,Anekal,1.0,1.0,12.5,420.0,1.0
Built-up  Area,Ready To Move,Doddakallasandra,2.0,2.0,42.0,1270.0,2.0
Super built-up  Area,Ready To Move,Anekal,1.0,1.0,28.0,614.0,2.0
Plot  Area,18-May,Margondanahalli,2.0,0.0,58.0,1050.0,2.0
Super built-up  Area,Ready To Move,Yelahanka,2.0,2.0,58.0,1408.0,2.0
Super built-up  Area,Ready To Move,Subramanyapura,2.0,2.0,42.81,1223.0,3.0
Built-up  Area,Ready To Move,Reliaable Tranquil Layout,3.0,1.0,80.0,1507.0,3.0
Super built-up  Area,Ready To Move,kadubisnahalli,2.0,2.0,57.0,1160.0,2.0
Plot  Area,Ready To Move,Kithaganur,3.0,1.0,70.0,1200.0,3.0
Built-up  Area,Ready To Move,Poorna Pragna Layout,2.0,3.0,50.0,960.0,2.0
Super built-up  Area,Ready To Move,NGR Layout,2.0,2.0,46.0,1021.0,2.0
Super built-up  Area,Ready To Move,Hegde Nagar,4.0,2.0,129.0,2162.03,3.0
Super built-up  Area,Ready To Move,Channasandra,2.0,1.0,36.0,1065.0,2.0
Super built-up  Area,Ready To Move,Attibele,1.0,1.0,10.25,400.0,1.0
Super built-up  Area,Ready To Move,Bannerghatta Road,2.0,1.0,75.0,1465.0,3.0
Super built-up  Area,20-Dec,Kanakpura Road,2.0,1.0,41.0,900.0,2.0
Super built-up  Area,Ready To Move,Marathahalli,3.0,2.0,95.0,1800.0,3.0
Super built-up  Area,Ready To Move,Amblipura,2.0,2.0,83.0,1175.0,2.0
Super built-up  Area,Ready To Move,Lavelle Road,4.0,2.0,900.0,6729.0,3.0
Plot  Area,Ready To Move,Vijayanagar,4.0,1.0,360.0,1500.0,4.0
Super built-up  Area,Ready To Move,Sanjay nagar,2.0,0.0,59.0,1050.0,2.0
Built-up  Area,18-Aug,Electronic City Phase II,2.0,2.0,40.43,1400.0,3.0
Super built-up  Area,Ready To Move,Indira Nagar,3.0,1.0,150.0,1650.0,3.0
Super built-up  Area,Ready To Move,KR Puram,3.0,2.0,97.0,1827.0,3.0
Super built-up  Area,Ready To Move,Thanisandra,4.0,2.0,122.0,1930.0,3.0
Super built-up  Area,18-Feb,Mysore Road,2.0,1.0,37.0,883.0,2.0
Built-up  Area,Ready To Move,Kengeri,1.0,1.0,16.75,550.0,1.0
Built-up  Area,18-Dec,Electronic City,2.0,1.0,40.44,1400.0,3.0
Plot  Area,18-Aug,RMV 2nd Stage,4.0,1.0,310.0,1350.0,4.0
Super built-up  Area,Ready To Move,Kanakapura,2.0,3.0,38.69,1290.0,3.0
Built-up  Area,Ready To Move,Raja Rajeshwari Nagar,3.0,2.0,59.0,1021.0,3.0
Super built-up  Area,17-Dec,Whitefield,2.0,1.0,55.0,1158.0,2.0
Plot  Area,Ready To Move,Varanasi,4.0,1.0,99.0,1200.0,5.0
Super built-up  Area,Ready To Move,Nagarbhavi,2.0,2.0,135.0,1400.0,3.0
Plot  Area,Ready To Move,Doddaballapur,3.0,0.0,200.0,2400.0,4.0
Super built-up  Area,18-Apr,Munnekollal,2.0,1.0,57.9,1200.0,3.0
Built-up  Area,Ready To Move,JP Nagar,3.0,2.0,125.0,1520.0,3.0
Super built-up  Area,18-Nov,Thanisandra,1.0,0.0,38.46,777.0,1.0
Super built-up  Area,Ready To Move,EPIP Zone,3.0,2.0,177.0,2710.0,3.0
Super built-up  Area,Ready To Move,Kenchenahalli,2.0,2.0,57.0,1150.0,2.0
Super built-up  Area,Ready To Move,Yelahanka,2.0,2.0,37.0,1101.0,2.0
Super built-up  Area,Ready To Move,Mahalakshmi Layout,2.0,3.0,110.0,1200.0,3.0
Super built-up  Area,21-Dec,Hebbal,2.0,1.0,92.0,1252.0,2.0
Super built-up  Area,Ready To Move,Marathahalli,3.0,2.0,85.0,1650.0,3.0
Built-up  Area,Ready To Move,Marathahalli,2.0,2.0,80.0,1270.0,2.0
Super built-up  Area,Ready To Move,Tumkur Road,2.0,1.0,70.0,992.0,2.0
Super built-up  Area,Ready To Move,BEML Layout,3.0,2.0,85.0,2000.0,3.0
Super built-up  Area,Ready To Move,Geddalahalli,2.0,2.0,34.5,893.0,2.0
Built-up  Area,Ready To Move,Bisuvanahalli,2.0,1.0,41.49,1075.0,3.0
Built-up  Area,Ready To Move,Kumaraswami Layout,7.0,0.0,150.0,3200.0,7.0
Super built-up  Area,Ready To Move,Electronic City,2.0,1.0,42.0,1190.0,2.0
Built-up  Area,Ready To Move,Ashwathnagar,2.0,0.0,60.0,800.0,3.0
Super built-up  Area,Ready To Move,Sarjapur  Road,3.0,3.0,63.0,1814.0,3.0
Built-up  Area,Ready To Move,Rahmath Nagar,3.0,2.0,98.0,1400.0,3.0
Plot  Area,Ready To Move,Bommasandra,6.0,3.0,252.0,1400.0,5.0
Super built-up  Area,Ready To Move,Murugeshpalya,2.0,0.0,56.0,1344.0,3.0
Plot  Area,Ready To Move,Whitefield,5.0,3.0,475.0,5400.0,4.0
Super built-up  Area,Ready To Move,Kanakpura Road,3.0,2.0,95.0,1843.0,3.0
Super built-up  Area,18-Feb,Chikkadunnasandra,2.0,1.0,32.0,1138.0,2.0
Built-up  Area,Ready To Move,Nagappa Reddy Layout,2.0,2.0,70.0,1495.0,3.0
Super built-up  Area,Ready To Move,Electronic City,2.0,1.0,19.0,880.0,2.0
Super built-up  Area,18-Apr,Whitefield,3.0,1.0,74.0,1396.0,3.0
Built-up  Area,Ready To Move,Garudachar Palya,2.0,3.0,119.0,1610.0,3.0
Super built-up  Area,Ready To Move,Tindlu,2.0,2.0,55.0,1050.0,2.0
Built-up  Area,14-Jul,Kumbena Agrahara,2.0,2.0,43.71,1410.0,3.0
Super built-up  Area,Ready To Move,Ramamurthy Nagar,2.0,2.0,37.8,1050.0,2.0
Built-up  Area,Ready To Move,Kumaraswami Layout,2.0,1.0,85.0,1310.0,3.0
Super built-up  Area,Ready To Move,Yelahanka,2.0,2.0,58.0,1104.0,2.0
Super built-up  Area,19-Mar,Hennur Road,2.0,1.0,67.0,1165.0,2.0
Super built-up  Area,Ready To Move,Kudlu,2.0,2.0,44.0,1027.0,2.0
Super built-up  Area,Ready To Move,Hormavu,2.0,3.0,60.0,1310.0,2.0
Built-up  Area,Ready To Move,Chikkanahalli,2.0,2.0,52.0,1052.0,2.0
Super built-up  Area,Ready To Move,Singasandra,3.0,2.0,56.0,1464.0,3.0
Super built-up  Area,Ready To Move,1st Block Koramangala,2.0,2.0,45.0,1000.0,2.0
Super built-up  Area,18-May,Jayanagar,3.0,2.0,300.0,2240.0,3.0
Super built-up  Area,Ready To Move,Electronic City,2.0,1.0,38.08,1150.0,2.0
Super built-up  Area,19-Dec,Thanisandra,3.0,1.0,70.67,2019.0,3.0
Super built-up  Area,Ready To Move,Varthur,2.0,1.0,31.0,986.0,2.0
Plot  Area,Ready To Move,Banashankari Stage III,1.0,1.0,145.0,1350.0,1.0
Built-up  Area,Ready To Move,9th Phase JP Nagar,8.0,2.0,140.0,800.0,8.0
Super built-up  Area,Ready To Move,Akshaya Nagar,4.0,2.0,95.0,1893.0,3.0
Super built-up  Area,Ready To Move,Gollarapalya Hosahalli,3.0,2.0,56.0,1318.0,3.0
Built-up  Area,Ready To Move,Yelahanka,2.0,2.0,58.0,1325.0,3.0
Built-up  Area,Ready To Move,Kereguddadahalli,2.0,1.0,33.0,800.0,2.0
Super built-up  Area,Ready To Move,Canara Bank Colony,3.0,2.0,42.25,1300.0,3.0
Built-up  Area,Ready To Move,Dodda Banaswadi,2.0,2.0,60.0,1300.0,3.0
Super built-up  Area,Ready To Move,Jalahalli East,2.0,1.0,52.0,1010.0,2.0
Super built-up  Area,Ready To Move,Banashankari,2.0,3.0,75.0,1260.0,2.0
Built-up  Area,Ready To Move,Ulsoor,4.0,0.0,170.0,2500.0,4.0
Plot  Area,Ready To Move,Halanayakanahalli,3.0,1.0,165.0,1520.0,3.0
Super built-up  Area,Ready To Move,Bellandur,3.0,2.0,85.0,1665.0,3.0
Super built-up  Area,Ready To Move,Subramanyapura,3.0,2.0,80.0,1800.0,3.0
Super built-up  Area,Ready To Move,Harlur,2.0,1.0,75.0,1197.0,2.0
Super built-up  Area,Ready To Move,Manayata Tech Park,2.0,2.0,45.0,1050.0,2.0
Plot  Area,Ready To Move,Manjunath Nagar,4.0,2.0,194.0,910.0,5.0
Super built-up  Area,Ready To Move,Thanisandra,2.0,1.0,68.0,1241.0,3.0
Super built-up  Area,Ready To Move,Maithri Layout,2.0,3.0,62.0,1567.0,3.0
Super built-up  Area,Ready To Move,Kasavanhalli,3.0,1.0,110.0,1747.0,3.0
Super built-up  Area,18-Jun,Ramagondanahalli,2.0,2.0,55.0,1475.0,3.0
Plot  Area,Ready To Move,Park View Layout,4.0,1.0,70.0,600.0,4.0
Plot  Area,Ready To Move,Xavier Layout,4.0,2.0,400.0,1524.0,3.0
Super built-up  Area,Ready To Move,Hennur Road,2.0,1.0,51.0,980.0,2.0
Super built-up  Area,18-Apr,Dasanapura,2.0,1.0,58.0,966.0,2.0
Super built-up  Area,Ready To Move,Ferrar Nagar,3.0,2.0,185.0,2360.0,4.0
Super built-up  Area,19-Mar,Sarjapur  Road,2.0,1.0,62.0,1112.0,2.0
Super built-up  Area,Ready To Move,Electronic City,1.0,1.0,16.0,550.0,2.0
Built-up  Area,Ready To Move,Surabhi Layout,3.0,3.0,90.0,1760.0,3.0
Super built-up  Area,Ready To Move,Hennur,2.0,3.0,113.0,1830.0,3.0
Super built-up  Area,19-Mar,Yelahanka,2.0,1.0,67.77,1175.0,2.0
Super built-up  Area,Ready To Move,Whitefield,2.0,1.0,41.0,1175.0,2.0
Super built-up  Area,Ready To Move,Horamavu Banaswadi,2.0,2.0,45.0,1025.0,2.0
Super built-up  Area,18-Aug,Hennur Road,2.0,1.0,80.0,1232.0,2.0
Built-up  Area,Ready To Move,5th Phase JP Nagar,2.0,2.0,57.0,1010.0,2.0
Super built-up  Area,Ready To Move,Sarjapur  Road,2.0,2.0,60.0,1273.0,2.0
Super built-up  Area,17-Aug,Battarahalli,2.0,2.0,102.0,1590.0,2.0
Super built-up  Area,Ready To Move,Air View Colony,2.0,1.0,58.5,1100.0,2.0
Super built-up  Area,Ready To Move,Electronic City Phase II,2.0,1.0,65.0,1252.0,3.0
Super built-up  Area,Ready To Move,1st Phase JP Nagar,5.0,3.0,222.0,2615.0,4.0
Plot  Area,Ready To Move,Arishinakunte,6.0,2.0,140.0,1200.0,5.0
Super built-up  Area,Ready To Move,Yelahanka,2.0,1.0,77.9,1322.0,2.0
Plot  Area,Ready To Move,7th Phase JP Nagar,1.0,1.0,60.0,1000.0,1.0
Super built-up  Area,Ready To Move,Harlur,3.0,2.0,117.0,1755.0,3.0
Super built-up  Area,Ready To Move,Electronic City Phase II,2.0,2.0,46.0,1135.0,2.0
Plot  Area,Ready To Move,Rajaji Nagar,10.0,2.0,180.0,1200.0,8.0
Plot  Area,Ready To Move,Electronic City,4.0,1.0,125.0,1200.0,4.0
Super built-up  Area,Ready To Move,Nagavarapalya,2.0,2.0,85.5,1260.0,2.0
Plot  Area,Ready To Move,Hoodi,5.0,2.0,395.0,3250.0,5.0
Plot  Area,Ready To Move,Ambedkar Nagar,4.0,2.0,550.0,3500.0,4.0
Plot  Area,Ready To Move,Manjunath Nagar,6.0,2.0,110.0,1200.0,5.0
Super built-up  Area,20-Dec,Kanakpura Road,2.0,1.0,53.0,1100.0,3.0
Super built-up  Area,Ready To Move,Electronic City Phase II,3.0,1.0,65.0,1305.0,3.0
Built-up  Area,Ready To Move,Ayappa Nagar,2.0,1.0,50.0,1236.0,2.0
Built-up  Area,Ready To Move,Uttarahalli,1.0,2.0,45.0,1125.0,2.0
Built-up  Area,18-May,KR Puram,2.0,2.0,32.25,1075.0,2.0
Super built-up  Area,Ready To Move,BEML Layout,3.0,2.0,85.0,2000.0,3.0
Plot  Area,Ready To Move,Kadugondanahalli,5.0,1.0,60.0,772.0,8.0
Built-up  Area,Ready To Move,Thanisandra,6.0,0.0,110.0,2999.97,6.0
Super built-up  Area,Ready To Move,Kadugodi,2.0,2.0,42.0,1150.0,2.0
Plot  Area,Ready To Move,9th Block Jayanagar,4.0,1.0,240.0,1440.0,4.0
Super built-up  Area,Ready To Move,Hennur Road,2.0,1.0,43.4,1085.0,2.0
Built-up  Area,Ready To Move,Hebbal Kempapura,3.0,0.0,165.0,1785.0,3.0
Super built-up  Area,Ready To Move,Malleshwaram,4.0,3.0,300.0,2475.0,3.0
Super built-up  Area,Ready To Move,Thanisandra,4.0,2.0,120.0,1930.0,3.0
Super built-up  Area,Ready To Move,4th Phase JP Nagar,4.0,1.0,70.0,600.0,2.0
Plot  Area,Ready To Move,Kadugondanahalli,1.0,0.0,45.0,800.0,2.0
Built-up  Area,Ready To Move,Kumaraswami Layout,3.0,2.0,110.0,2450.0,4.0
Plot  Area,17-Dec,akshaya nagar t c palya,4.0,0.0,120.0,1200.0,4.0
Super built-up  Area,Ready To Move,Bannerghatta Road,3.0,3.0,122.0,1920.0,3.0
Super built-up  Area,18-Apr,Kothannur,2.0,2.0,34.2,1085.0,2.0
Super built-up  Area,Ready To Move,Thanisandra,1.0,2.0,50.4,760.0,1.0
Built-up  Area,Ready To Move,Sahakara Nagar,2.0,3.0,80.0,1201.0,2.0
Super built-up  Area,18-Jul,Electronic City,3.0,2.0,97.0,1615.0,3.0
Super built-up  Area,Ready To Move,HSR Layout,2.0,2.0,70.0,1289.0,2.0
Super built-up  Area,Ready To Move,Budigere,4.0,2.0,100.0,1991.0,3.0
Super built-up  Area,Ready To Move,Kasavanhalli,2.0,2.0,80.0,1377.0,2.0
Super built-up  Area,Ready To Move,Cunningham Road,3.0,2.0,560.0,2880.0,3.0
Plot  Area,Ready To Move,Laxmi Sagar Layout,3.0,2.0,200.0,1892.0,3.0
Built-up  Area,Ready To Move,Shivaji Nagar,3.0,3.0,348.0,2176.0,3.0
Super built-up  Area,21-Dec,Thanisandra,1.0,0.0,32.82,663.0,1.0
Built-up  Area,18-Dec,Electronic City,2.0,1.0,33.65,1165.0,2.0
Super built-up  Area,Ready To Move,Talaghattapura,4.0,1.0,340.0,3554.0,3.0
Super built-up  Area,Ready To Move,Thanisandra,2.0,1.0,45.5,1260.0,2.0
Built-up  Area,Ready To Move,Volagerekallahalli,2.0,1.0,39.0,1095.0,2.0
Super built-up  Area,Ready To Move,KR Garden,2.0,2.0,65.0,1050.0,2.0
Super built-up  Area,Ready To Move,Seegehalli,2.0,2.0,50.0,1176.0,2.0
Super built-up  Area,Ready To Move,Thanisandra,3.0,2.0,115.0,1801.0,3.0
Super built-up  Area,Ready To Move,Whitefield,2.0,3.0,55.0,1315.0,2.0
Super built-up  Area,Ready To Move,Parappana Agrahara,2.0,2.0,46.0,1194.0,2.0
Plot  Area,Ready To Move,NRI Layout,2.0,1.0,125.0,2400.0,2.0
Super built-up  Area,18-Mar,Uttarahalli,2.0,3.0,53.0,1308.0,3.0
Plot  Area,Ready To Move,Sarjapur  Road,4.0,2.0,610.0,4250.0,4.0
Super built-up  Area,Ready To Move,Thanisandra,6.0,2.0,116.0,1806.0,3.0
Built-up  Area,17-Dec,Thanisandra,4.0,1.0,220.0,3671.0,4.0
Super built-up  Area,Ready To Move,Hoodi,3.0,2.0,140.0,2144.0,3.0
Built-up  Area,Ready To Move,Hoskote,2.0,3.0,33.75,1065.0,2.0
Super built-up  Area,17-Oct,Balagere,2.0,1.0,67.0,1205.0,2.0
Super built-up  Area,Ready To Move,Uttarahalli,2.0,2.0,40.58,1160.0,2.0
Plot  Area,Ready To Move,Kanaka Nagar,4.0,2.0,90.0,750.0,4.0
Super built-up  Area,Ready To Move,Parappana Agrahara,2.0,2.0,47.0,1194.0,2.0
Plot  Area,18-Jul,mvj engineering college,3.0,1.0,56.53,1200.0,3.0
Super built-up  Area,Ready To Move,2nd Phase Judicial Layout,3.0,3.0,69.0,1681.0,3.0
Built-up  Area,18-Aug,Bommasandra Industrial Area,2.0,1.0,32.64,1130.0,2.0
Super built-up  Area,Ready To Move,Iblur Village,5.0,1.0,335.0,3633.0,4.0
Built-up  Area,Ready To Move,Kanakpura Road,3.0,2.0,90.0,1843.0,3.0
Built-up  Area,18-Dec,Bommasandra Industrial Area,2.0,1.0,30.75,1065.0,2.0
Super built-up  Area,Ready To Move,Thubarahalli,3.0,2.0,85.52,1885.0,3.0
Super built-up  Area,Ready To Move,R.T. Nagar,2.0,2.0,45.0,1500.0,2.0
Super built-up  Area,Ready To Move,Panathur,2.0,2.0,69.0,1210.0,2.0
Super built-up  Area,Ready To Move,TC Palaya,2.0,1.0,39.4,1126.0,2.0
Super built-up  Area,Ready To Move,Rayasandra,2.0,2.0,59.0,1357.0,3.0
Super built-up  Area,Ready To Move,Whitefield,2.0,2.0,46.4,1451.0,3.0
Plot  Area,Ready To Move,Kodigehaali,3.0,3.0,185.0,1600.0,4.0
Super built-up  Area,Ready To Move,Hennur Road,2.0,1.0,55.0,950.0,2.0
Built-up  Area,Ready To Move,Bellandur,2.0,2.0,48.0,960.0,2.0
Super built-up  Area,Ready To Move,2nd Block Bel Layout,3.0,3.0,92.0,1625.0,3.0
Plot  Area,18-May,Kaggalipura,4.0,1.0,150.0,2200.0,3.0
Super built-up  Area,Ready To Move,Ambalipura,2.0,2.0,112.0,1607.0,3.0
Super built-up  Area,21-Dec,Kanakpura Road,2.0,1.0,46.29,900.0,2.0
Built-up  Area,Ready To Move,Shree Ananth Nagar Layout,2.0,2.0,38.0,1080.0,2.0
Super built-up  Area,Ready To Move,Cooke Town,3.0,1.0,250.0,2300.0,3.0
Super built-up  Area,Ready To Move,Hosa Road,3.0,0.0,64.05,1708.0,4.0
Built-up  Area,Ready To Move,Yeshwanthpur,5.0,2.0,185.0,2500.0,6.0
Super built-up  Area,Ready To Move,Bellandur,2.0,2.0,116.0,1690.0,3.0
Built-up  Area,Ready To Move,RR Layout,3.0,0.0,145.0,2100.0,5.0
Super built-up  Area,Ready To Move,4th Block Koramangala,2.0,2.0,97.0,1269.0,2.0
Super built-up  Area,Ready To Move,Haralur Road,2.0,2.0,46.0,1243.0,2.0
Built-up  Area,Ready To Move,Haralur Road,3.0,2.0,84.0,1890.0,3.0
Built-up  Area,18-Aug,Electronic City Phase II,2.0,1.0,33.64,1165.0,2.0
Super built-up  Area,Ready To Move,BTM Layout,2.0,2.0,56.81,1196.0,2.0
Super built-up  Area,Ready To Move,Parappana Agrahara,2.0,2.0,47.0,1194.0,2.0
Super built-up  Area,Ready To Move,Old Madras Road,3.0,2.0,110.0,1630.0,3.0
Super built-up  Area,19-Apr,Whitefield,2.0,1.0,42.52,1063.0,2.0
Super built-up  Area,Ready To Move,Shikaripalya,2.0,1.0,39.98,1025.0,2.0
Super built-up  Area,Ready To Move,Chikkabanavar,2.0,1.0,38.0,1067.0,2.0
Super built-up  Area,19-Sep,Kanakpura Road,2.0,1.0,89.63,1299.0,2.0
Super built-up  Area,18-May,Panathur,2.0,1.0,76.0,1343.0,2.0
Super built-up  Area,Ready To Move,Electronics City Phase 1,2.0,2.0,44.0,1330.0,3.0
Super built-up  Area,Ready To Move,Mallasandra,2.0,3.0,72.0,1524.0,3.0
Super built-up  Area,Ready To Move,Lingadheeranahalli,4.0,2.0,153.0,2236.0,4.0
Super built-up  Area,Ready To Move,Domlur,3.0,2.0,235.0,2955.0,3.0
Super built-up  Area,18-Mar,Raja Rajashweri Nagar,2.0,2.0,45.12,1410.0,3.0
Super built-up  Area,Ready To Move,Kothanur,3.0,3.0,76.0,1581.0,3.0
Super built-up  Area,Ready To Move,Balagere,2.0,1.0,79.0,1205.0,2.0
Super built-up  Area,Ready To Move,Thyagaraja Nagar,2.0,2.0,95.25,1270.0,3.0
Super built-up  Area,Ready To Move,VHBCS Layout,2.0,2.0,110.0,1353.0,3.0
Plot  Area,18-Feb,Jinkethimmanahalli,2.0,1.0,68.0,1200.0,2.0
Super built-up  Area,Ready To Move,basaveshwarnagar,2.0,1.0,70.0,1250.0,3.0
Super built-up  Area,19-Mar,Gopalapura,3.0,2.0,261.0,1950.2,3.0
Super built-up  Area,18-Nov,Sarjapur  Road,2.0,1.0,69.0,1157.0,3.0
Super built-up  Area,19-Dec,Kanakapura,1.0,0.0,35.475,825.0,1.0
Built-up  Area,Ready To Move,Sarjapur  Road,2.0,2.0,40.0,1000.0,2.0
Built-up  Area,18-Apr,Yelahanka,1.0,1.0,33.0,602.0,1.0
Built-up  Area,Ready To Move,Malleshwaram,4.0,0.0,900.0,3000.0,5.0
Super built-up  Area,21-Jul,Hoodi,2.0,0.0,66.46,1108.0,2.0
Super built-up  Area,Ready To Move,Thyagaraja Nagar,2.0,1.0,68.0,1040.0,2.0
Super built-up  Area,20-Dec,Sarjapur,2.0,1.0,87.0,1451.0,2.0
Super built-up  Area,Ready To Move,Raja Rajeshwari Nagar,2.0,2.0,40.54,1196.0,2.0
Super built-up  Area,18-May,Kanakpura Road,1.0,1.0,37.32,850.0,1.0
Super built-up  Area,19-Mar,Gopalapura,3.0,2.0,298.0,2171.66,3.0
Super built-up  Area,Ready To Move,Kanaka Nagar,2.0,1.0,40.0,900.0,2.0
Super built-up  Area,Ready To Move,Kudlu,1.0,1.0,33.0,720.0,1.0
Super built-up  Area,Ready To Move,Thanisandra,3.0,2.0,115.0,1573.0,3.0
Super built-up  Area,Ready To Move,Sarjapur  Road,2.0,1.0,60.8,1026.0,2.0
Super built-up  Area,Ready To Move,CV Raman Nagar,2.0,2.0,78.0,1400.0,3.0
Built-up  Area,18-Jul,Electronic City Phase II,2.0,2.0,40.44,1400.0,3.0
Built-up  Area,Ready To Move,Banashankari Stage III,3.0,1.0,147.0,2100.0,4.0
Super built-up  Area,Ready To Move,Sarjapur  Road,2.0,1.0,48.5,1150.0,2.0
Super built-up  Area,Ready To Move,Raja Rajeshwari Nagar,3.0,2.0,88.0,1500.0,3.0
Super built-up  Area,Ready To Move,Malleshwaram,3.0,2.0,380.0,2400.0,3.0
Plot  Area,Ready To Move,HRBR Layout,3.0,2.0,240.0,1200.0,3.0
Super built-up  Area,Ready To Move,Kothanur,3.0,2.0,105.0,1790.0,3.0
Super built-up  Area,Ready To Move,Ramagondanahalli,2.0,2.0,75.0,1125.0,2.0
Super built-up  Area,18-Dec,Hennur,3.0,0.0,84.205,1830.5,3.0
Super built-up  Area,Ready To Move,Marathahalli,2.0,1.0,50.0,1100.0,2.0
Built-up  Area,Ready To Move,7th Phase JP Nagar,2.0,1.0,51.0,1080.0,2.0
Built-up  Area,Ready To Move,Banaswadi,2.0,2.0,57.0,1105.0,2.0
Super built-up  Area,Ready To Move,Thanisandra,2.0,2.0,46.5,1110.0,2.0
Super built-up  Area,Ready To Move,Dasanapura,1.0,1.0,41.0,708.0,1.0
Super built-up  Area,Ready To Move,Kudlu,2.0,2.0,44.0,1027.0,2.0
Super built-up  Area,18-May,"Banashankari 3rd stage, Vivekanandanagar",3.0,1.0,100.0,1600.0,3.0
Super built-up  Area,Ready To Move,Thigalarapalya,6.0,2.0,250.0,3122.0,4.0
Super built-up  Area,Ready To Move,Sarjapur  Road,2.0,2.0,37.0,1205.0,2.0
Super built-up  Area,Ready To Move,5th Phase JP Nagar,2.0,2.0,73.0,1450.0,3.0
Plot  Area,Ready To Move,Thyagaraja Nagar,4.0,2.0,125.0,750.0,4.0
Plot  Area,Ready To Move,Annaiah Reddy Layout,1.0,0.0,22.0,540.0,1.0
Built-up  Area,Ready To Move,Dasarahalli,2.0,2.0,42.0,1200.0,2.0
Plot  Area,Ready To Move,Nagarbhavi,5.0,1.0,260.0,1200.0,5.0
Super built-up  Area,Ready To Move,Kalena Agrahara,2.0,2.0,95.0,1837.0,3.0
Super built-up  Area,18-Dec,Whitefield,2.0,1.0,76.01,1346.0,2.0
Built-up  Area,Ready To Move,Balagere,2.0,1.0,68.0,1012.0,2.0
Super built-up  Area,18-Dec,Gopalapura,3.0,2.0,193.0,1950.2,3.0
Super built-up  Area,Ready To Move,Atmananda Colony,2.0,2.0,55.0,1125.0,2.0
Super built-up  Area,Ready To Move,Kaggadasapura,2.0,2.0,60.0,1500.0,3.0
Super built-up  Area,Ready To Move,Harlur,2.0,1.0,79.9,1197.0,2.0
Super built-up  Area,18-Sep,Chandapura,2.0,2.0,31.37,1230.0,3.0
Super built-up  Area,Ready To Move,BTM 2nd Stage,2.0,2.0,47.0,1100.0,2.0
Super built-up  Area,Ready To Move,Channasandra Layout,2.0,2.0,52.0,1563.0,3.0
Plot  Area,Ready To Move,4th Block Jayanagar,4.0,1.0,700.0,2240.0,7.0
Super built-up  Area,Ready To Move,Hebbal Kempapura,4.0,2.0,384.0,3729.0,4.0
Plot  Area,Ready To Move,Sarjapur  Road,3.0,1.0,120.0,1600.0,3.0
Super built-up  Area,Ready To Move,Green Glen Layout,3.0,3.0,120.0,1715.0,3.0
Built-up  Area,Ready To Move,Bannerghatta Road,4.0,1.0,180.0,2400.0,4.0
Super built-up  Area,18-Jul,Ramagondanahalli,2.0,2.0,42.5,1151.0,2.0
Plot  Area,Ready To Move,Banaswadi,6.0,2.0,220.0,1200.0,6.0
Built-up  Area,Ready To Move,Uttarahalli,2.0,2.0,60.0,1123.0,2.0
Super built-up  Area,20-Jan,Whitefield,2.0,1.0,69.5,1276.0,2.0
Super built-up  Area,Ready To Move,Yelahanka,2.0,3.0,77.0,1315.0,2.0
Super built-up  Area,Ready To Move,Poorna Pragna Layout,2.0,2.0,50.79,1270.0,3.0
Super built-up  Area,Ready To Move,R.T. Nagar,2.0,2.0,52.0,1325.0,2.0
Super built-up  Area,18-Apr,Varthur,3.0,2.0,63.2,1600.0,3.0
Super built-up  Area,Ready To Move,Jakkur,3.0,2.0,104.0,1660.0,3.0
Super built-up  Area,Ready To Move,Kodichikkanahalli,2.0,3.0,58.0,1299.0,2.0
Super built-up  Area,Ready To Move,Haralur Road,2.0,1.0,90.0,953.0,2.0
Super built-up  Area,Ready To Move,Gunjur,2.0,3.0,60.0,1457.0,2.0
Super built-up  Area,18-May,Varthur,1.0,1.0,65.0,1000.0,2.0
Built-up  Area,Ready To Move,Mallasandra,2.0,3.0,76.3,1100.0,3.0
Super built-up  Area,Ready To Move,Yelahanka,2.0,1.0,33.53,1075.0,3.0
Super built-up  Area,Ready To Move,Kanakpura Road,3.0,3.0,51.0,1450.0,3.0
Super built-up  Area,Ready To Move,Iblur Village,6.0,2.0,425.0,5515.0,5.0
Super built-up  Area,Ready To Move,Bellandur,1.0,1.0,40.0,950.0,1.0
Plot  Area,Ready To Move,Basaveshwara Nagar,3.0,1.0,180.0,1200.0,5.0
Super built-up  Area,Ready To Move,Amam Enclave Layout,2.0,2.0,60.0,1013.0,2.0
Super built-up  Area,Ready To Move,Hennur Road,2.0,2.0,56.0,1140.0,2.0
Super built-up  Area,Ready To Move,4th T block Jayanagar,3.0,3.0,220.0,2100.0,3.0
Super built-up  Area,Ready To Move,Yelahanka,3.0,1.0,61.0,1430.0,3.0
Plot  Area,Ready To Move,Ilyas Nagar,3.0,0.0,95.0,600.0,4.0
Carpet  Area,Ready To Move,Anantapura,3.0,2.0,77.0,1600.0,3.0
Super built-up  Area,Ready To Move,Ayappa Nagar,2.0,1.0,48.0,1190.0,2.0
Super built-up  Area,Ready To Move,Ashwath Nagar,3.0,2.0,95.0,1625.0,3.0
Super built-up  Area,Ready To Move,Classic Paradise Layout,2.0,2.0,53.0,1210.0,2.0
Super built-up  Area,Ready To Move,Lakshminarayana Pura,3.0,2.0,150.0,1615.0,3.0
Super built-up  Area,Ready To Move,Kalena Agrahara,2.0,2.0,85.0,1180.0,2.0
Plot  Area,Ready To Move,Nagasandra,2.0,0.0,91.0,1500.0,2.0
Built-up  Area,Ready To Move,Bellandur,2.0,1.0,45.0,850.0,2.0
Super built-up  Area,Ready To Move,Kothanur,2.0,2.0,55.0,1130.0,2.0
Super built-up  Area,Ready To Move,CV Raman Nagar,2.0,2.0,38.0,907.0,2.0
Built-up  Area,Ready To Move,HRBR Layout,2.0,3.0,90.0,1300.0,2.0
Super built-up  Area,Ready To Move,Hennur Road,3.0,1.0,110.0,1891.0,3.0
Super built-up  Area,Ready To Move,Hennur Road,3.0,3.0,78.0,1735.0,3.0
Super built-up  Area,Ready To Move,Bisuvanahalli,2.0,1.0,33.0,1075.0,3.0
Built-up  Area,Ready To Move,Gowdanapalya,5.0,0.0,75.0,258.3336,5.0
Built-up  Area,Ready To Move,Kumaraswami Layout,4.0,3.0,123.0,2040.0,7.0
Super built-up  Area,Ready To Move,Uttarahalli,3.0,2.0,57.0,1590.0,3.0
Plot  Area,Ready To Move,Jayanti Nagar,5.0,2.0,140.0,1600.0,5.0
Built-up  Area,Ready To Move,Doddakammanahalli,2.0,3.0,55.0,1160.0,2.0
Super built-up  Area,Ready To Move,Tasker Town,1.0,1.0,55.0,930.0,2.0
Built-up  Area,Ready To Move,Devanahalli,2.0,1.0,58.0,1010.0,2.0
Super built-up  Area,Ready To Move,Electronic City,2.0,2.0,68.0,1221.0,2.0
Plot  Area,Ready To Move,Banashankari,4.0,3.0,470.0,2400.0,4.0
Super built-up  Area,22-Jun,Hoodi,2.0,1.0,87.48,1108.0,2.0
Plot  Area,Ready To Move,Vidyaranyapura,4.0,2.0,120.0,1000.0,4.0
Super built-up  Area,18-Apr,Sarjapur  Road,2.0,1.0,70.0,1370.0,2.0
Super built-up  Area,Ready To Move,Banashankari Stage V,2.0,1.0,41.5,920.0,2.0
Super built-up  Area,18-May,Bhoganhalli,2.0,1.0,79.89,1277.0,2.0
Super built-up  Area,18-May,Horamavu Agara,2.0,2.0,38.1,1213.0,2.0
Super built-up  Area,Ready To Move,Singasandra,3.0,2.0,85.0,1653.0,3.0
Plot  Area,Ready To Move,Sarjapur,3.0,3.0,140.0,2400.0,4.0
Super built-up  Area,Ready To Move,1st Block Koramangala,5.0,3.0,500.0,3000.0,4.0
Plot  Area,Ready To Move,Kothanur,4.0,3.0,250.0,1600.0,4.0
Super built-up  Area,Ready To Move,Electronics City Phase 1,2.0,2.0,40.0,1321.0,3.0
Super built-up  Area,Ready To Move,Kanakpura Road,3.0,2.0,68.0,1570.0,3.0
Built-up  Area,Ready To Move,Hessarghatta,8.0,2.0,70.0,1150.0,8.0
Super built-up  Area,Ready To Move,Nallurhalli,2.0,3.0,44.0,1053.0,2.0
Super built-up  Area,Ready To Move,Hoysalanagar,2.0,3.0,56.0,1325.0,3.0
Super built-up  Area,18-Nov,manyata,2.0,1.0,50.11,1169.0,2.0
Super built-up  Area,20-Jan,Badavala Nagar,2.0,1.0,90.0,1274.0,2.0
Super built-up  Area,Ready To Move,Whitefield,2.0,2.0,52.0,1317.0,2.0
Built-up  Area,Ready To Move,Lakshminarayana Pura,2.0,1.0,75.0,1195.0,2.0
Super built-up  Area,18-Nov,Whitefield,4.0,0.0,137.0,2858.0,4.0
Super built-up  Area,Ready To Move,Kammasandra,2.0,2.0,35.0,940.0,2.0
Built-up  Area,Ready To Move,Budigere,3.0,2.0,95.5,1820.0,3.0
Super built-up  Area,Ready To Move,Kanakpura Road,3.0,3.0,53.6,1450.0,3.0
Built-up  Area,Ready To Move,Whitefield,3.0,0.0,96.9,1615.0,3.0
Built-up  Area,Ready To Move,Nagarbhavi,2.0,3.0,99.0,2200.0,3.0
Super built-up  Area,Ready To Move,Subramanyapura,2.0,1.0,62.5,985.0,2.0
Built-up  Area,Ready To Move,Electronics City Phase 1,2.0,1.0,33.0,1116.0,2.0
Super built-up  Area,Ready To Move,Attibele,2.0,1.0,25.0,656.0,2.0
Super built-up  Area,Ready To Move,Kaggadasapura,2.0,1.0,39.5,1105.0,2.0
Super built-up  Area,Ready To Move,Whitefield,2.0,1.0,55.0,1220.0,2.0
Built-up  Area,Ready To Move,Hoodi,3.0,2.0,74.0,1400.0,3.0
Built-up  Area,Ready To Move,Bhuvaneswari Nagar,3.0,0.0,185.0,2400.0,4.0
Plot  Area,Ready To Move,Anandapura,3.0,0.0,63.0,850.0,3.0
Built-up  Area,Ready To Move,Uttarahalli,2.0,1.0,35.0,1000.0,2.0
Super built-up  Area,Ready To Move,Bannerghatta Road,3.0,3.0,80.0,1660.0,3.0
Super built-up  Area,Ready To Move,Uttarahalli,2.0,1.0,57.0,1330.0,3.0
Super built-up  Area,18-May,Old Madras Road,2.0,1.0,52.0,1165.0,2.0
Super built-up  Area,Ready To Move,Budigere,2.0,2.0,56.0,1153.0,2.0
Built-up  Area,Ready To Move,Bannerghatta Road,2.0,2.0,45.0,1270.0,2.0
Super built-up  Area,18-Aug,2nd Phase JP Nagar,2.0,2.0,38.0,1070.0,2.0
Built-up  Area,Ready To Move,RWF West Colony,2.0,2.0,85.0,1427.0,3.0
Super built-up  Area,Ready To Move,Banashankari Stage III,2.0,2.0,95.0,1420.0,3.0
Plot  Area,Ready To Move,Kothanur,5.0,0.0,130.0,1600.0,4.0
Super built-up  Area,Ready To Move,Langford Town,2.0,2.0,200.0,2031.0,2.0
Super built-up  Area,19-Jul,Bellandur,2.0,1.0,90.0,1454.0,2.0
Super built-up  Area,Ready To Move,Whitefield,2.0,3.0,48.76,1116.0,2.0
Plot  Area,Ready To Move,Maruthi Sevanagar,3.0,1.0,180.0,2000.0,4.0
Super built-up  Area,18-Jul,Sarjapur  Road,2.0,1.0,74.03,1346.0,2.0
Super built-up  Area,Ready To Move,Hessarghatta,2.0,1.0,50.0,1062.0,2.0
Super built-up  Area,Ready To Move, Mysore Highway,1.0,1.0,25.5,700.0,1.0
Super built-up  Area,19-Dec,JP Nagar,2.0,1.0,99.0,1405.0,2.0
Built-up  Area,Ready To Move,Doddathoguru,2.0,2.0,50.0,1100.0,2.0
Plot  Area,Ready To Move,Chikka Tirupathi,4.0,3.0,120.0,2153.0,3.0
Plot  Area,Ready To Move,Kammagondahalli,3.0,2.0,120.0,1200.0,3.0
Super built-up  Area,Ready To Move,Ulsoor,3.0,2.0,170.0,2135.0,3.0
Super built-up  Area,Ready To Move,Uttarahalli,2.0,1.0,47.0,1125.0,2.0
Super built-up  Area,Ready To Move,2nd Phase Judicial Layout,2.0,2.0,47.25,1350.0,3.0
Built-up  Area,Ready To Move,Pai Layout,2.0,3.0,48.0,1068.0,2.0
Super built-up  Area,Ready To Move,Doddathoguru,2.0,1.0,32.9,940.0,2.0
Super built-up  Area,18-May,Hosa Road,2.0,1.0,32.79,1063.0,2.0
Super built-up  Area,Ready To Move,Brookefield,2.0,2.0,84.5,1382.0,2.0
Super built-up  Area,Ready To Move,Harlur,2.0,1.0,45.0,936.0,2.0
Super built-up  Area,Ready To Move,KR Puram,2.0,3.0,60.0,1400.0,3.0
Super built-up  Area,20-Aug,Sarjapur  Road,1.0,1.0,26.0,475.0,1.0
Super built-up  Area,Ready To Move,LIC Colony,2.0,1.0,115.0,1200.0,2.0
Super built-up  Area,Ready To Move,Glass Factory Layout,3.0,3.0,65.0,1450.0,3.0
Super built-up  Area,Ready To Move,Kudlu,2.0,1.0,52.0,1162.0,2.0
Super built-up  Area,18-Dec,Hosa Road,2.0,1.0,48.75,1161.0,2.0
Super built-up  Area,Ready To Move,Green Glen Layout,2.0,2.0,105.0,1623.29,3.0
Super built-up  Area,Ready To Move,Brookefield,2.0,1.0,70.0,1260.0,2.0
Plot  Area,Ready To Move,Billekahalli,3.0,2.0,190.0,1672.0,4.0
Plot  Area,Ready To Move,Seegehalli,4.0,2.0,240.0,3000.0,3.0
Super built-up  Area,Ready To Move,Murugeshpalya,2.0,0.0,70.0,1500.0,3.0
Super built-up  Area,20-Jun,Budigere,1.0,0.0,34.545,705.0,1.0
Plot  Area,Ready To Move,Gaurava Nagar,6.0,2.0,200.0,1650.0,5.0
Super built-up  Area,Ready To Move,Dollars Colony,3.0,3.0,200.0,2000.0,3.0
Plot  Area,Ready To Move,Thyagaraja Nagar,1.0,0.0,241.0,1675.0,1.0
Plot  Area,Ready To Move,Electronic City,3.0,2.0,150.0,1200.0,3.0
Super built-up  Area,Ready To Move,Nagarbhavi,2.0,2.0,46.2,1100.0,2.0
Super built-up  Area,Ready To Move,Whitefield,2.0,3.0,56.0,1400.0,3.0
Super built-up  Area,Ready To Move,Ramagondanahalli,3.0,2.0,155.0,2257.0,3.0
Super built-up  Area,Ready To Move,Budigere,2.0,2.0,56.5,1153.0,2.0
Super built-up  Area,Ready To Move,Sarjapur  Road,2.0,1.0,56.86,1197.0,2.0
Super built-up  Area,Ready To Move,Siddapura,2.0,2.0,90.0,1150.0,2.0
Super built-up  Area,20-Dec,Akshayanagara East,1.0,1.0,40.0,595.0,1.0
Super built-up  Area,21-Jul,Hoodi,3.0,1.0,110.0,1837.0,3.0
Plot  Area,Ready To Move,Kumbalgodu,4.0,2.0,190.0,3750.0,4.0
Super built-up  Area,Ready To Move,Bellandur,3.0,3.0,91.86,1830.0,3.0
Super built-up  Area,Ready To Move,Green Glen Layout,3.0,3.0,115.0,1715.0,3.0
Super built-up  Area,Ready To Move,Electronic City,2.0,1.0,35.0,970.0,2.0
Plot  Area,Ready To Move,Hebbal Kempapura,3.0,2.0,148.0,1200.0,4.0
Built-up  Area,Ready To Move,NRI Layout,5.0,1.0,95.75,2700.0,4.0
Plot  Area,Ready To Move,Siddapura,4.0,2.0,400.0,5480.0,3.0
Built-up  Area,Ready To Move,Vidyaranyapura,5.0,1.0,135.0,2400.0,4.0
Super built-up  Area,Ready To Move,Sarjapur  Road,4.0,2.0,135.0,3040.0,4.0
Super built-up  Area,18-Jul,Raja Rajeshwari Nagar,2.0,1.0,66.0,1168.0,2.0
Super built-up  Area,Ready To Move,Begur Road,2.0,2.0,36.54,1160.0,2.0
Built-up  Area,Ready To Move,Mallappa Layout,3.0,2.0,75.0,1500.0,3.0
Plot  Area,Ready To Move,Kumaraswami Layout,2.0,1.0,72.0,600.0,2.0
Plot  Area,Ready To Move,5th Phase JP Nagar,7.0,3.0,250.0,1200.0,8.0
Super built-up  Area,18-Dec,ITPL,2.0,1.0,25.4,850.0,2.0
Super built-up  Area,Ready To Move,Ramamurthy Nagar,2.0,2.0,39.0,935.0,2.0
Plot  Area,Ready To Move,Ullal Road,5.0,1.0,235.0,1200.0,5.0
Super built-up  Area,18-Apr,Doddaballapur,1.0,1.0,49.0,654.0,1.0
Built-up  Area,Ready To Move,Domlur,3.0,1.0,180.0,1650.0,3.0
Plot  Area,Ready To Move,Dodsworth Layout,5.0,0.0,499.0,5656.0,3.0
Super built-up  Area,Ready To Move,Vinayak Nagar,2.0,1.0,33.0,1300.0,2.0
Super built-up  Area,Ready To Move,Kaggalipura,2.0,1.0,60.0,950.0,2.0
Super built-up  Area,18-May,Silk Board,3.0,2.0,54.0,1250.0,3.0
Super built-up  Area,Ready To Move,Doddakallasandra,2.0,1.0,42.87,1072.0,2.0
Super built-up  Area,Ready To Move,Ankappa Layout,2.0,2.0,65.0,1425.0,3.0
Built-up  Area,Ready To Move,Uttarahalli,1.0,0.0,42.09,1165.0,2.0
Super built-up  Area,Ready To Move,Kathriguppe,2.0,2.0,69.49,1390.0,3.0
Built-up  Area,Ready To Move,Kalena Agrahara,3.0,2.0,78.0,1510.0,3.0
Super built-up  Area,Ready To Move,Thanisandra,2.0,2.0,90.0,1305.0,2.0
Plot  Area,Ready To Move,Vidyaranyapura,6.0,2.0,170.0,1200.0,6.0
Built-up  Area,Ready To Move,Kodigehaali,2.0,2.0,32.0,866.0,2.0
Super built-up  Area,Ready To Move,Hulimavu,2.0,1.0,84.5,1231.0,2.0
Super built-up  Area,Ready To Move,Sompura,2.0,3.0,45.0,1360.0,3.0
Super built-up  Area,Ready To Move,Yeshwanthpur,3.0,3.0,138.0,2500.0,3.0
Super built-up  Area,Ready To Move,Whitefield,2.0,3.0,55.0,1140.0,2.0
Super built-up  Area,21-Dec,Kanakpura Road,1.0,1.0,30.0,525.0,1.0
Super built-up  Area,19-Sep,Whitefield,2.0,1.0,64.5,1295.0,2.0
Super built-up  Area,Ready To Move,Hormavu,2.0,2.0,45.75,1020.0,2.0
Super built-up  Area,18-Dec,Old Airport Road,4.0,2.0,262.0,3504.0,4.0
Plot  Area,Ready To Move,Sidedahalli,1.0,0.0,50.0,1200.0,2.0
Super built-up  Area,Ready To Move,Vidyaranyapura,2.0,1.0,41.0,1100.0,2.0
Plot  Area,19-Dec,Bannerghatta Road,4.0,3.0,500.0,4723.0,4.0
Super built-up  Area,Ready To Move,Kothannur,2.0,2.0,37.0,820.0,2.0
Plot  Area,Ready To Move,Sarjapur,4.0,1.0,386.0,3508.0,4.0
Plot  Area,Ready To Move,Versova Layout,4.0,2.0,400.0,3700.0,4.0
Super built-up  Area,Ready To Move,Kalena Agrahara,2.0,2.0,70.0,1354.0,2.0
Super built-up  Area,Ready To Move,Basavangudi,3.0,2.0,250.0,2453.0,4.0
Super built-up  Area,Ready To Move,Garudachar Palya,2.0,1.0,51.8,1154.0,2.0
Super built-up  Area,Ready To Move,7th Phase JP Nagar,2.0,3.0,92.0,1680.0,3.0
Super built-up  Area,18-May,Electronics City Phase 1,2.0,2.0,60.0,1205.0,2.0
Built-up  Area,Ready To Move,Raja Rajeshwari Nagar,2.0,2.0,86.0,1400.0,3.0
Carpet  Area,Ready To Move,Doopanahalli,3.0,1.0,150.0,1625.0,3.0
Built-up  Area,Ready To Move,Electronic City,3.0,1.0,73.0,1500.0,3.0
Super built-up  Area,Ready To Move,Bannerghatta Road,2.0,3.0,80.0,1520.0,3.0
Built-up  Area,Ready To Move,3rd Stage Raja Rajeshwari Nagar,3.0,1.0,65.0,1300.0,2.0
Super built-up  Area,Ready To Move,Manayata Tech Park,2.0,2.0,47.0,1150.0,2.0
Super built-up  Area,18-Apr,Kadugodi,3.0,3.0,109.0,1762.0,3.0
Super built-up  Area,Ready To Move,Budigere,2.0,2.0,58.0,1153.0,2.0
Super built-up  Area,Ready To Move,Yelahanka,4.0,1.0,223.0,2650.0,4.0
Super built-up  Area,Ready To Move,Sompura,2.0,2.0,47.0,1350.0,3.0
Super built-up  Area,Ready To Move,Billekahalli,2.0,2.0,56.0,950.0,2.0
Super built-up  Area,Ready To Move,Jakkur,3.0,3.0,310.0,3295.0,3.0
Super built-up  Area,Ready To Move,Coconut Grove Layout,3.0,3.0,80.5,1515.0,3.0
Super built-up  Area,Ready To Move,Neeladri Nagar,2.0,2.0,30.0,1100.0,2.0
Super built-up  Area,Ready To Move,Byrasandra,2.0,2.0,65.0,1250.0,2.0
Built-up  Area,Ready To Move,HBR Layout,2.0,0.0,120.0,1200.0,2.0
Super built-up  Area,Ready To Move,5th Phase JP Nagar,8.0,3.0,95.0,2500.0,7.0
Plot  Area,Ready To Move,Hoskote,4.0,2.0,100.0,1200.0,4.0
Super built-up  Area,Ready To Move,Yelahanka,2.0,2.0,51.5,1355.0,3.0
Super built-up  Area,18-May,Dominic Layout,3.0,1.0,39.14,1115.0,3.0
Super built-up  Area,18-Apr,8th Phase JP Nagar,3.0,2.0,45.0,1275.0,3.0
Super built-up  Area,19-Sep,Padmanabhanagar,3.0,2.0,170.0,2051.0,3.0
Super built-up  Area,Ready To Move,BTM Layout,2.0,2.0,99.0,1470.0,3.0
Super built-up  Area,Ready To Move,Silver Springs Layout,2.0,3.0,70.0,1550.0,3.0
Built-up  Area,Ready To Move,Bannerghatta Road,2.0,1.0,73.0,1270.0,3.0
Super built-up  Area,18-Jul,Bhoganhalli,4.0,2.0,111.0,2119.0,4.0
Super built-up  Area,Ready To Move,Hebbal Kempapura,3.0,3.0,170.0,1600.0,3.0
Super built-up  Area,Ready To Move,Kudlu Gate,2.0,2.0,50.0,1320.0,3.0
Super built-up  Area,Ready To Move,Gopalkrishna Nagar,3.0,2.0,165.0,2505.0,3.0
Super built-up  Area,Ready To Move,Tejaswini Nagar,2.0,1.0,54.0,1410.0,3.0
Super built-up  Area,Ready To Move,Whitefield,2.0,3.0,70.0,1200.0,2.0
Super built-up  Area,18-Oct,Chennammana Kere,2.0,1.0,86.96,1705.0,3.0
Super built-up  Area,Ready To Move,Electronic City,2.0,1.0,48.0,995.0,2.0
Built-up  Area,Ready To Move,Horamavu Banaswadi,2.0,1.0,52.0,1081.0,2.0
Super built-up  Area,Ready To Move,Parappana Agrahara,2.0,2.0,46.0,1194.0,2.0
Super built-up  Area,18-Dec,Sonnenahalli,1.0,1.0,30.24,605.0,1.0
Built-up  Area,Ready To Move,Yelahanka,1.0,1.0,25.0,567.0,1.0
Super built-up  Area,Ready To Move,Rajaji Nagar,3.0,2.0,275.0,1718.0,2.0
Super built-up  Area,20-Dec,Banashankari Stage VI,2.0,0.0,70.385,1410.5,3.0
Plot  Area,Ready To Move,2nd Stage Nagarbhavi,5.0,1.0,135.0,600.0,3.0
Super built-up  Area,Ready To Move,Green Glen Layout,3.0,2.0,105.0,1715.0,3.0
Plot  Area,Ready To Move,Doddaballapur,5.0,2.0,270.0,3206.0,4.0
Plot  Area,Ready To Move,Kundalahalli,4.0,2.0,235.0,1500.0,4.0
Super built-up  Area,Ready To Move,Bannerghatta Road,3.0,2.0,120.0,1846.0,3.0
Plot  Area,Ready To Move,Coconut Garden,3.0,1.0,90.0,600.0,3.0
Super built-up  Area,Ready To Move,Whitefield,2.0,3.0,56.0,1015.0,2.0
Plot  Area,Ready To Move,Dollars Colony,8.0,2.0,2600.0,4350.0,4.0
Super built-up  Area,Ready To Move,Thanisandra,2.0,1.0,36.0,1100.0,2.0
Super built-up  Area,Ready To Move,Thanisandra,4.0,2.0,125.0,1965.0,3.0
Super built-up  Area,Ready To Move,NGR Layout,2.0,2.0,45.9,1021.0,2.0
Super built-up  Area,18-Apr,Haralur Road,2.0,1.0,67.65,1230.0,2.0
Super built-up  Area,Ready To Move,Uttarahalli,2.0,2.0,55.0,1260.0,2.0
Plot  Area,Ready To Move,Indira Nagar,4.0,1.0,700.0,2400.0,4.0
Super built-up  Area,Ready To Move,Lingadheeranahalli,4.0,1.0,114.0,1894.0,3.0
Plot  Area,Ready To Move,2nd Stage Nagarbhavi,4.0,2.0,233.0,1500.0,6.0
Super built-up  Area,20-Jun,Jakkur,3.0,2.0,131.0,1950.0,3.0
Super built-up  Area,Ready To Move,Sector 2 HSR Layout,2.0,3.0,66.0,1231.0,2.0
Super built-up  Area,Ready To Move,Mahadevpura,2.0,1.0,58.0,1236.0,2.0
Built-up  Area,Ready To Move,R.T. Nagar,3.0,0.0,120.0,1800.0,4.0
Super built-up  Area,Ready To Move,KAMAKIYA,3.0,2.0,135.0,1650.0,3.0
Plot  Area,Ready To Move,Kirloskar Layout,3.0,1.0,88.0,750.0,5.0
Super built-up  Area,Ready To Move,Begur,2.0,2.0,70.0,1443.0,3.0
Plot  Area,Ready To Move,Ramamurthy Nagar,4.0,2.0,120.0,886.0,4.0
Super built-up  Area,Ready To Move,Wheelers Road,2.0,1.0,68.0,925.0,2.0
Super built-up  Area,18-Sep,Chandapura,3.0,1.0,33.28,1305.0,3.0
Super built-up  Area,Ready To Move,Alfa Garden Layout,2.0,2.0,46.41,1190.0,2.0
Super built-up  Area,Ready To Move,Uttarahalli,2.0,2.0,53.36,1284.0,2.0
Plot  Area,Ready To Move,MM Layout,3.0,1.0,45.0,350.0,4.0
Plot  Area,Ready To Move,Palace Guttahalli,3.0,1.0,115.0,875.0,3.0
Built-up  Area,Ready To Move,Chikkalasandra,2.0,1.0,59.0,1325.0,2.0
Plot  Area,Ready To Move,Sector 6 HSR Layout,5.0,2.0,750.0,2400.0,6.0
Super built-up  Area,18-Jun,Kudlu Gate,2.0,1.0,79.54,1183.0,2.0
Built-up  Area,Ready To Move,Rajiv Gandhi Nagar,3.0,2.0,100.0,1750.0,3.0
Super built-up  Area,Ready To Move,Nagashetty Halli,4.0,2.0,149.0,16335.0,4.0
Super built-up  Area,Ready To Move,Doddagubbi,1.0,2.0,27.0,747.0,1.0
Super built-up  Area,Ready To Move,Electronic City,2.0,1.0,90.0,1342.0,2.0
Super built-up  Area,Ready To Move,Motappa Layout,2.0,1.0,52.0,1113.0,2.0
Super built-up  Area,Ready To Move,Devarabeesana Halli,3.0,2.0,110.0,1738.0,3.0
Super built-up  Area,Ready To Move,Brookefield,2.0,2.0,90.0,1206.0,2.0
Super built-up  Area,19-Mar,Hebbal,4.0,3.0,198.0,2790.0,4.0
Super built-up  Area,18-Mar,Hebbal,2.0,1.0,59.0,1162.0,2.0
Super built-up  Area,Ready To Move,Parappana Agrahara,2.0,2.0,46.0,1194.0,2.0
Built-up  Area,Ready To Move,Sarjapur  Road,4.0,3.0,155.0,1857.0,3.0
Built-up  Area,Ready To Move,Kattigenahalli,6.0,2.0,115.0,3500.0,6.0
Super built-up  Area,Ready To Move,Rajaji Nagar,3.0,2.0,240.0,1763.0,2.0
Super built-up  Area,Ready To Move,Uttarahalli,2.0,1.0,45.99,1150.0,2.0
Plot  Area,Ready To Move,Koramangala,5.0,3.0,550.0,2400.0,4.0
Super built-up  Area,Ready To Move,Chikkalasandra,2.0,2.0,72.0,1290.0,2.0
Built-up  Area,Ready To Move,Thubarahalli,5.0,2.0,145.0,3408.0,4.0
Built-up  Area,Ready To Move,HBR Layout,2.0,1.0,145.0,900.0,2.0
Built-up  Area,Ready To Move,Sanjay nagar,2.0,0.0,70.0,1150.0,2.0
Plot  Area,Ready To Move,Banashankari,2.0,1.0,109.0,1040.0,3.0
Super built-up  Area,Ready To Move,Yeshwanthpur,2.0,2.0,64.08,1160.0,2.0
Super built-up  Area,Ready To Move,Soundarya Layout,2.0,2.0,27.0,900.0,2.0
Plot  Area,Ready To Move,Sarjapur  Road,3.0,1.0,185.0,1750.0,4.0
Built-up  Area,18-Dec,Electronic City,2.0,1.0,38.12,1320.0,3.0
Super built-up  Area,Ready To Move,Lingadheeranahalli,4.0,2.0,160.0,2240.0,4.0
Super built-up  Area,Ready To Move,Electronics City Phase 1,2.0,1.0,26.0,891.0,2.0
Plot  Area,Ready To Move,Udaya Nagar,4.0,3.0,80.0,1000.0,5.0
Super built-up  Area,Ready To Move,Ambedkar Nagar,3.0,2.0,125.0,1852.0,3.0
Super built-up  Area,Ready To Move,Chandapura,2.0,1.0,42.0,1323.0,3.0
Super built-up  Area,Ready To Move,Vittasandra,2.0,1.0,67.5,1404.0,2.0
Built-up  Area,Ready To Move,Dodda Nekkundi,2.0,2.0,60.0,1370.0,2.0
Super built-up  Area,Ready To Move,Uttarahalli,2.0,2.0,48.48,1385.0,3.0
Super built-up  Area,Ready To Move,Gollarapalya Hosahalli,2.0,1.0,50.0,1129.0,2.0
Super built-up  Area,Ready To Move,Mahalakshmi Layout,3.0,1.0,150.0,1876.0,3.0
Super built-up  Area,Ready To Move,Brooke Bond First Cross,3.0,1.0,95.0,1720.0,3.0
Plot  Area,Ready To Move,Jalahalli East,4.0,1.0,80.0,1200.0,4.0
Super built-up  Area,Ready To Move,Mysore Road,2.0,2.0,86.68,1175.0,2.0
Super built-up  Area,Ready To Move,Nagawara Junction,1.0,2.0,51.0,500.0,1.0
Plot  Area,Ready To Move,Dasappa Layout,5.0,2.0,85.0,1200.0,5.0
Built-up  Area,Ready To Move,Electronic City Phase II,1.0,0.0,295.0,1200.0,1.0
Super built-up  Area,19-Jan,Hosa Road,3.0,2.0,130.0,1893.0,3.0
Super built-up  Area,Ready To Move,Whitefield,3.0,2.0,52.0,1430.0,3.0
Built-up  Area,Ready To Move,Green View Layout,2.0,2.0,45.0,850.0,2.0
Super built-up  Area,17-Mar,CV Raman Nagar,2.0,1.0,110.0,1392.0,2.0
Super built-up  Area,21-Mar,Kanakpura Road,3.0,3.0,105.0,1938.0,3.0
Super built-up  Area,18-Oct,Chennammanakere Achukattu,2.0,2.0,52.0,1020.0,2.0
Plot  Area,Ready To Move,"beml layout, basaveshwara nagar",2.0,1.0,360.0,2400.0,3.0
Super built-up  Area,Ready To Move,HBR Layout,3.0,2.0,160.0,1832.0,3.0
Super built-up  Area,Ready To Move,Konanakunte,2.0,2.0,85.0,1423.0,3.0
Super built-up  Area,Ready To Move,Jakkur,2.0,1.0,85.0,1432.0,2.0
Plot  Area,Ready To Move,2nd Block Hrbr Layout,4.0,3.0,235.0,1350.0,4.0
Plot  Area,Ready To Move,BTM 2nd Stage,6.0,0.0,270.0,1500.0,8.0
Super built-up  Area,Ready To Move,CV Raman Nagar,3.0,2.0,65.0,1480.0,3.0
Super built-up  Area,Ready To Move,Kanakpura Road,3.0,2.0,96.2,1843.0,3.0
Plot  Area,Ready To Move,Lingarajapuram,4.0,2.0,95.0,760.0,3.0
Super built-up  Area,18-Dec,Hulimavu,2.0,1.0,150.0,1916.0,3.0
Super built-up  Area,Ready To Move,Hennur,2.0,1.0,55.5,1255.0,2.0
Super built-up  Area,Ready To Move,Yelenahalli,2.0,2.0,44.08,1160.0,2.0
Super built-up  Area,18-Jun,Old Madras Road,2.0,1.0,170.0,2640.0,2.0
Super built-up  Area,Ready To Move,Bommanahalli,2.0,3.0,53.0,1160.0,2.0
Built-up  Area,Ready To Move,Lakshminarayana Pura,2.0,1.0,80.0,1200.0,2.0
Super built-up  Area,Ready To Move,7th Phase JP Nagar,2.0,1.0,44.0,1100.0,2.0
Carpet  Area,Ready To Move,Ramagondanahalli,3.0,3.0,100.0,1500.0,3.0
Super built-up  Area,18-May,Electronic City Phase II,2.0,3.0,50.35,1336.0,3.0
Built-up  Area,Ready To Move,Choodasandra,2.0,1.0,46.0,1065.0,2.0
Super built-up  Area,Ready To Move,Hebbal,2.0,1.0,115.0,1294.0,2.0
Super built-up  Area,Ready To Move,Rachenahalli,3.0,2.0,68.5,1550.0,3.0
Super built-up  Area,18-Dec,Whitefield,2.0,1.0,75.0,1216.0,2.0
Super built-up  Area,Ready To Move,Bank Of Baroda Colony,2.0,2.0,40.0,1005.0,2.0
Super built-up  Area,Ready To Move,7th Phase JP Nagar,2.0,1.0,102.0,1430.0,3.0
Super built-up  Area,18-Dec,Frazer Town,4.0,3.0,660.0,4100.0,4.0
Super built-up  Area,22-Jun,Hoodi,3.0,2.0,125.0,1660.0,3.0
Super built-up  Area,Ready To Move,Thanisandra,2.0,3.0,56.0,1430.0,3.0
Super built-up  Area,Ready To Move,Hennur Road,2.0,1.0,75.0,1470.0,3.0
Super built-up  Area,Ready To Move,Jalahalli,2.0,1.0,76.77,1045.0,2.0
Super built-up  Area,Ready To Move,Hebbal,6.0,0.0,359.0,4225.0,4.0
Built-up  Area,Ready To Move,Anjanapura,2.0,0.0,30.0,950.0,2.0
Super built-up  Area,Ready To Move,Doddathoguru,3.0,1.0,65.0,1382.0,3.0
Super built-up  Area,Ready To Move,BTM 2nd Stage,2.0,2.0,46.0,930.0,2.0
Super built-up  Area,Ready To Move,Sarjapur  Road,2.0,2.0,116.0,1660.0,3.0
Super built-up  Area,Ready To Move,Vijinapura,2.0,2.0,71.95,1290.0,2.0
Built-up  Area,Ready To Move,Whitefield,2.0,1.0,45.0,1010.0,3.0
Built-up  Area,Ready To Move,Brookefield,4.0,2.0,130.0,3050.0,4.0
Super built-up  Area,Ready To Move,Dodda Nekkundi,2.0,2.0,71.0,1200.0,2.0
Built-up  Area,Ready To Move,3rd Block Hrbr Layout,3.0,2.0,140.0,1650.0,3.0
Super built-up  Area,Ready To Move,Budigere,3.0,2.0,88.0,1636.0,3.0
Super built-up  Area,Ready To Move,Rajaji Nagar,3.0,2.0,320.0,2367.0,3.0
Super built-up  Area,Ready To Move,Budigere,2.0,2.0,56.55,1153.0,2.0
Super built-up  Area,Ready To Move,Hegde Nagar,4.0,2.0,160.0,2087.01,3.0
Super built-up  Area,Ready To Move,LB Shastri Nagar,2.0,1.0,47.0,1200.0,2.0
Super built-up  Area,Ready To Move,HSR Layout,3.0,1.0,89.0,1844.0,3.0
Super built-up  Area,18-Dec,Hosa Road,3.0,1.0,110.0,1537.515476,3.0
Super built-up  Area,Ready To Move,Begur Road,2.0,1.0,43.75,1215.0,2.0
Super built-up  Area,18-Jul,Sarjapur  Road,2.0,1.0,57.0,1194.0,2.0
Built-up  Area,Ready To Move,Chennappa Layout,2.0,2.0,52.0,1220.0,2.0
Built-up  Area,Ready To Move,1st Block HBR Layout,4.0,2.0,150.0,3150.0,4.0
Super built-up  Area,21-Dec,Kanakpura Road,1.0,1.0,26.0,525.0,1.0
Super built-up  Area,18-May,Bommasandra,2.0,1.0,37.97,955.0,2.0
Built-up  Area,Ready To Move,Kadugondanahalli,5.0,2.0,75.0,2000.0,5.0
Super built-up  Area,18-Aug,Magadi Road,2.0,1.0,48.0,884.0,2.0
Super built-up  Area,Ready To Move,Kathriguppe,2.0,1.0,68.75,1250.0,2.0
Super built-up  Area,Ready To Move,Bommasandra Industrial Area,2.0,1.0,135.0,7000.0,2.0
Plot  Area,Ready To Move,Dodda Nekkundi,4.0,2.0,300.0,2400.0,3.0
Super built-up  Area,Ready To Move,Harlur,4.0,1.0,225.0,2990.0,4.0
Super built-up  Area,Ready To Move,Bellandur,2.0,1.0,52.0,1195.0,2.0
Super built-up  Area,Ready To Move,Sadhguru Layout,1.0,1.0,55.0,2559.0,1.0
Built-up  Area,18-Mar,Begur,2.0,1.0,33.0,1200.0,2.0
Super built-up  Area,18-Nov,Sarjapur  Road,2.0,1.0,45.75,984.0,2.0
Super built-up  Area,Ready To Move,Bommasandra,2.0,1.0,40.0,1089.0,2.0
Super built-up  Area,19-Mar,Hennur Road,2.0,1.0,52.0,1165.0,2.0
Super built-up  Area,Ready To Move,Chandapura,1.0,1.0,10.0,410.0,1.0
Super built-up  Area,18-Dec,Hennur,3.0,1.0,110.0,1482.0,3.0
Built-up  Area,Ready To Move,Ramamurthy Nagar,2.0,1.0,68.0,1200.0,2.0
Super built-up  Area,19-Dec,Kanakapura,3.0,3.0,113.0,1938.0,3.0
Super built-up  Area,18-Apr,Hormavu,2.0,2.0,34.97,1166.0,3.0
Super built-up  Area,Ready To Move,Chikkalasandra,2.0,2.0,55.46,1275.0,3.0
Super built-up  Area,Ready To Move,Mico Layout,2.0,2.0,43.0,1140.0,2.0
Plot  Area,Ready To Move,Hegde Nagar,5.0,1.0,430.0,3734.0,4.0
Super built-up  Area,Ready To Move,Tejaswini Nagar,1.0,2.0,28.0,720.0,1.0
Plot  Area,18-Apr,Nagarbhavi,3.0,2.0,228.0,1200.0,3.0
Built-up  Area,Ready To Move,Richards Town,2.0,1.0,90.0,1100.0,2.0
Super built-up  Area,Ready To Move,Sector 7 HSR Layout,2.0,2.0,98.77,1162.0,2.0
Built-up  Area,Ready To Move,Ramamurthy Nagar,1.0,0.0,35.0,540.0,1.0
Super built-up  Area,Ready To Move,Rachenahalli,2.0,2.0,73.5,1550.0,3.0
Plot  Area,Ready To Move,R.T. Nagar,3.0,2.0,145.0,1300.0,3.0
Plot  Area,Ready To Move,Ullal Road,5.0,1.0,130.0,1200.0,5.0
Super built-up  Area,Ready To Move,Chikbasavanapura,2.0,2.0,60.0,1220.0,2.0
Super built-up  Area,Ready To Move,Doddathoguru,2.0,1.0,62.0,964.0,2.0
Built-up  Area,21-Dec,"Electronic City Phase 1, ",3.0,2.0,50.0,1500.0,3.0
Super built-up  Area,Ready To Move,Sarjapur  Road,2.0,1.0,44.0,1347.0,3.0
Super built-up  Area,Ready To Move,"JP Nagar 8th Phase, ",5.0,2.0,250.0,5000.0,4.0
Built-up  Area,Ready To Move,Bannerghatta Road,4.0,2.0,140.0,3000.0,4.0
Super built-up  Area,18-Jun,Bannerghatta,2.0,1.0,42.5,1120.0,2.0
Super built-up  Area,Ready To Move,Lake City,1.0,1.0,22.8,600.0,1.0
Super built-up  Area,18-Dec,Whitefield,4.0,1.0,157.0,2321.0,3.0
Super built-up  Area,Ready To Move,Bhagyalakshmi Avenue,1.0,2.0,24.0,540.0,1.0
Built-up  Area,Ready To Move,Hebbal,2.0,1.0,57.0,1150.0,2.0
Built-up  Area,Ready To Move,Sonnenahalli,3.0,1.0,75.0,1484.0,3.0
Super built-up  Area,Ready To Move,Ramagondanahalli,2.0,2.0,68.0,1680.0,3.0
Super built-up  Area,Ready To Move,Byagadadhenahalli,2.0,1.0,23.0,620.0,2.0
Super built-up  Area,Ready To Move,Dodda Banaswadi,3.0,2.0,78.0,1650.0,3.0
Super built-up  Area,18-Apr,Chuchangatta Colony,3.0,2.0,44.0,1250.0,3.0
Super built-up  Area,18-Aug,Hanuman Nagar,3.0,2.0,108.0,2072.0,3.0
Super built-up  Area,Ready To Move,Sarjapur  Road,2.0,2.0,40.0,1105.0,2.0
Super built-up  Area,Ready To Move,Vidyaranyapura,2.0,2.0,60.5,1200.0,2.0
Built-up  Area,Ready To Move,Kumaraswami Layout,7.0,3.0,145.0,3100.0,7.0
Plot  Area,Ready To Move,Whitefield,4.0,3.0,530.0,4007.0,4.0
Super built-up  Area,Ready To Move,Electronic City,2.0,1.0,16.0,550.0,2.0
Super built-up  Area,Ready To Move,Banashankari,2.0,2.0,53.6,1340.0,3.0
Super built-up  Area,Ready To Move,Rajaji Nagar,3.0,3.0,395.0,2409.0,3.0
Super built-up  Area,Ready To Move,Haralur Road,2.0,2.0,46.0,1194.0,2.0
Super built-up  Area,Ready To Move,Vittasandra,2.0,1.0,65.0,1246.0,2.0
Built-up  Area,Ready To Move,Old Airport Road,2.0,3.0,75.0,1055.0,2.0
Super built-up  Area,18-Dec,Hosa Road,3.0,1.0,69.61,1541.0,3.0
Built-up  Area,Ready To Move,Harlur,2.0,2.0,88.0,1370.0,2.0
Super built-up  Area,Ready To Move,Whitefield,2.0,2.0,75.0,1224.0,2.0
Plot  Area,Ready To Move,Kengeri Satellite Town,2.0,1.0,58.0,650.0,4.0
Built-up  Area,Ready To Move,Kambipura,2.0,1.0,39.0,883.0,2.0
Super built-up  Area,Ready To Move,Yeshwanthpur,3.0,2.0,92.13,1676.0,3.0
Built-up  Area,Ready To Move,Shree Ananth Nagar Layout,2.0,1.0,57.0,1154.0,2.0
Super built-up  Area,Ready To Move,Kanakpura Road,3.0,3.0,78.5,1610.0,3.0
Super built-up  Area,Ready To Move,Devasthanagalu,2.0,1.0,42.0,1057.0,2.0
Super built-up  Area,18-Jul,Raja Rajeshwari Nagar,2.0,1.0,65.0,1157.0,2.0
Plot  Area,18-May,Doddagubbi,4.0,1.0,85.0,1200.0,4.0
Plot  Area,Ready To Move,Dasappa Layout,7.0,3.0,130.0,1500.0,7.0
Super built-up  Area,Ready To Move,Gulimangala,2.0,3.0,35.0,980.0,2.0
Super built-up  Area,Ready To Move,Sarjapur  Road,2.0,1.0,40.0,1140.0,2.0
Super built-up  Area,Ready To Move,Raja Rajeshwari Nagar,2.0,1.0,40.7,1206.0,2.0
Built-up  Area,Ready To Move,Electronic City Phase II,1.0,1.0,16.75,575.0,1.0
Super built-up  Area,Ready To Move,Koramangala,3.0,1.0,170.0,1600.0,3.0
Plot  Area,Ready To Move,1st Stage Indira Nagar,4.0,1.0,500.0,2400.0,4.0
Super built-up  Area,Ready To Move,Horamavu Agara,2.0,2.0,52.0,1300.0,3.0
Super built-up  Area,18-Dec,Tunganagara,2.0,1.0,35.56,1270.0,3.0
Super built-up  Area,18-Apr,Electronic City,2.0,1.0,63.5,1128.0,2.0
Super built-up  Area,Ready To Move,Electronics City Phase 1,1.0,1.0,45.0,640.0,1.0
Super built-up  Area,Ready To Move,4th T block Jayanagar,3.0,2.0,185.0,2400.0,3.0
Plot  Area,Ready To Move,TC Palaya,2.0,0.0,66.0,1200.0,3.0
Super built-up  Area,Ready To Move,Kanakapura,2.0,2.0,38.15,1090.0,2.0
Super built-up  Area,Ready To Move,Electronic City,1.0,1.0,29.0,589.0,1.0
Super built-up  Area,18-Apr,Electronic City,2.0,1.0,28.13,1125.0,2.0
Super built-up  Area,Ready To Move,Kogilu,2.0,2.0,50.66,1140.0,2.0
Plot  Area,Ready To Move,Sarjapur  Road,4.0,2.0,500.0,3150.0,4.0
Super built-up  Area,Ready To Move,Kundalahalli,2.0,3.0,74.0,1315.0,2.0
Plot  Area,Ready To Move,Billamaranahalli,2.0,2.0,150.0,2700.0,2.0
Super built-up  Area,Ready To Move,Bellandur,2.0,2.0,115.0,1435.0,3.0
Super built-up  Area,Ready To Move,Haralur Road,2.0,2.0,44.0,1092.0,2.0
Super built-up  Area,18-May,Kadugodi,2.0,3.0,80.0,1314.0,2.0
Super built-up  Area,Ready To Move,Koramangala,2.0,1.0,100.0,1260.0,2.0
Plot  Area,Ready To Move,Srirampura,5.0,1.0,192.0,1875.0,7.0
Super built-up  Area,Ready To Move,Nagarbhavi,2.0,1.0,49.0,1080.0,2.0
Built-up  Area,Ready To Move,Nagasandra,8.0,3.0,160.0,4000.0,8.0
Super built-up  Area,18-Feb,Mysore Road,2.0,1.0,45.0,1082.0,3.0
Super built-up  Area,Ready To Move,Jakkur,3.0,2.0,65.0,1150.0,3.0
Super built-up  Area,18-Dec,Hennur Road,2.0,1.0,34.72,1052.0,2.0
Super built-up  Area,Ready To Move,Yelahanka,2.0,1.0,45.0,1045.0,2.0
Built-up  Area,Ready To Move,Kodigehaali,3.0,2.0,80.0,1442.0,3.0
Super built-up  Area,Ready To Move,Kaggadasapura,2.0,2.0,75.0,1500.0,3.0
Super built-up  Area,Ready To Move,Marsur,1.0,1.0,20.0,497.0,2.0
Super built-up  Area,Ready To Move,Hennur,2.0,1.0,53.57,1255.0,2.0
Super built-up  Area,22-Jan,Vajarahalli,3.0,2.0,79.0,1432.0,3.0
Built-up  Area,Ready To Move,Kundalahalli,3.0,2.0,150.0,2100.0,3.0
Built-up  Area,Ready To Move,Hennur Road,2.0,2.0,80.0,1450.0,2.0
Super built-up  Area,18-May,Sarjapur  Road,2.0,1.0,69.61,1346.0,2.0
Super built-up  Area,Ready To Move,Kumaraswami Layout,2.0,2.0,29.0,1200.0,2.0
Super built-up  Area,Ready To Move,Electronic City Phase II,2.0,1.0,49.82,925.0,3.0
Super built-up  Area,Ready To Move,Dasarahalli,2.0,2.0,49.0,1160.0,2.0
Super built-up  Area,18-Apr,Lingadheeranahalli,3.0,3.0,81.31,1768.0,3.0
Super built-up  Area,Ready To Move,Kothanur,2.0,2.0,54.0,1094.0,2.0
Super built-up  Area,Ready To Move,Seetharampalya,3.0,3.0,90.0,1500.0,3.0
Built-up  Area,Ready To Move,Gubbalala,3.0,2.0,130.0,1745.0,3.0
Built-up  Area,Ready To Move,Bommanahalli,7.0,2.0,85.0,2875.0,7.0
Super built-up  Area,Ready To Move,Byadarahalli,3.0,3.0,425.0,3500.0,4.0
Super built-up  Area,Ready To Move,Sonnenahalli,3.0,1.0,50.0,1550.0,3.0
Super built-up  Area,Ready To Move,Rajiv Nagar,5.0,1.0,160.0,2340.0,4.0
Super built-up  Area,19-Mar,Whitefield,3.0,2.0,113.0,1655.0,3.0
Super built-up  Area,19-Jan,Battarahalli,3.0,2.0,103.0,2024.0,3.0
Built-up  Area,Ready To Move,Siddapura,5.0,0.0,425.0,3100.0,4.0
Super built-up  Area,Ready To Move,Jalahalli,4.0,3.0,100.0,1575.0,3.0
Super built-up  Area,18-Dec,Iblur Village,3.0,2.0,130.0,1920.0,3.0
Built-up  Area,Ready To Move,Sarjapur  Road,4.0,2.0,744.0,6200.0,4.0
Super built-up  Area,Ready To Move,Kambipura,2.0,1.0,55.0,1082.0,3.0
Super built-up  Area,Ready To Move,BTM 2nd Stage,2.0,3.0,55.0,1265.0,3.0
Super built-up  Area,Ready To Move,Kengeri Satellite Town KHB Apartment,2.0,2.0,45.0,1100.0,3.0
Plot  Area,Ready To Move,Margondanahalli,2.0,1.0,65.0,1160.0,2.0
Super built-up  Area,Ready To Move,Vittasandra,2.0,1.0,67.4,1246.0,2.0
Super built-up  Area,19-Mar,Hosa Road,1.0,1.0,43.08,615.0,1.0
Super built-up  Area,Ready To Move,7th Phase JP Nagar,2.0,1.0,60.0,1128.0,2.0
Super built-up  Area,Ready To Move,Tirumanahalli,2.0,1.0,55.0,1260.0,2.0
Super built-up  Area,Ready To Move,Bellandur,3.0,3.0,89.89,1830.0,3.0
Super built-up  Area,Ready To Move,Sarjapur,2.0,2.0,68.0,1525.0,3.0
Super built-up  Area,18-Jan,Yelahanka,2.0,1.0,30.0,602.0,1.0
Built-up  Area,Ready To Move,Kumaraswami Layout,4.0,2.0,400.0,3000.0,7.0
Super built-up  Area,Ready To Move,Hegde Nagar,3.0,3.0,89.0,1835.0,3.0
Built-up  Area,Ready To Move,Kanakpura Road,3.0,3.0,62.6,1250.0,3.0
Plot  Area,Ready To Move,Subhash Nagar,4.0,1.0,110.0,1200.0,4.0
Super built-up  Area,Ready To Move,Murugeshpalya,3.0,3.0,96.0,1855.0,3.0
Super built-up  Area,Ready To Move,Kanakpura Road,3.0,3.0,60.91,1450.0,3.0
Super built-up  Area,Ready To Move,Sarjapur  Road,3.0,2.0,148.0,2089.0,3.0
Super built-up  Area,Ready To Move,Haralur Road,3.0,2.0,56.0,1464.0,3.0
Plot  Area,Ready To Move,Banashankari Stage VI,3.0,2.0,200.0,4800.0,4.0
Built-up  Area,Ready To Move,Begur Road,2.0,2.0,44.73,1200.0,2.0
Super built-up  Area,Ready To Move,Sarjapur,2.0,1.0,45.0,1095.0,2.0
Plot  Area,Ready To Move,Ambedkar Nagar,3.0,2.0,297.0,2900.0,3.0
Super built-up  Area,Ready To Move,BTM 2nd Stage,3.0,2.0,345.0,2500.0,3.0
Built-up  Area,Ready To Move,Kothanur,3.0,2.0,80.0,1170.0,3.0
Super built-up  Area,Ready To Move,6th Phase JP Nagar,2.0,1.0,88.0,1280.0,2.0
Super built-up  Area,18-Jul,Rajaji Nagar,2.0,0.0,105.0,1224.0,2.0
Built-up  Area,Ready To Move,Thanisandra,3.0,1.0,125.0,1694.0,3.0
Super built-up  Area,Ready To Move,Electronic City,2.0,1.0,30.0,825.0,2.0
Super built-up  Area,Ready To Move,Sarjapur  Road,3.0,1.0,98.38,1612.0,3.0
Super built-up  Area,18-Aug,Chandapura,2.0,1.0,25.12,985.0,2.0
Super built-up  Area,Ready To Move,Murugeshpalya,2.0,2.0,75.0,1175.0,2.0
Plot  Area,Ready To Move,Sunkadakatte,1.0,0.0,24.0,600.0,1.0
Built-up  Area,Ready To Move,Whitefield,3.0,3.0,85.0,1740.0,3.0
Super built-up  Area,Ready To Move,Carmelaram,3.0,2.0,99.0,1770.0,3.0
Plot  Area,Ready To Move,HAL 2nd Stage,7.0,3.0,260.0,1000.0,8.0
Super built-up  Area,18-Aug,Horamavu Agara,2.0,1.0,46.0,1090.0,2.0
Plot  Area,Ready To Move,Vasanth nagar,3.0,0.0,650.0,2295.0,6.0
Built-up  Area,Ready To Move,Whitefield,5.0,1.0,331.0,4144.0,5.0
Super built-up  Area,Ready To Move,Jogupalya,3.0,1.0,130.0,1800.0,3.0
Super built-up  Area,Ready To Move,Jigani,3.0,3.0,65.0,1221.0,3.0
Super built-up  Area,18-Jun,8th Phase JP Nagar,2.0,1.0,48.0,1046.0,2.0
Super built-up  Area,Ready To Move,Uttarahalli,2.0,3.0,56.12,1290.0,3.0
Built-up  Area,18-Dec,Electronic City Phase II,2.0,1.0,30.76,1065.0,2.0
Super built-up  Area,Ready To Move,Ambedkar Nagar,4.0,2.0,121.0,1850.0,3.0
Super built-up  Area,Ready To Move,Battarahalli,2.0,1.0,49.0,1097.0,2.0
Super built-up  Area,Ready To Move,Kalena Agrahara,3.0,2.0,70.0,1200.0,2.0
Super built-up  Area,Ready To Move,Varthur,3.0,2.0,170.0,2160.0,3.0
Super built-up  Area,18-May,Anekal,2.0,2.0,52.0,1140.0,2.0
Super built-up  Area,Ready To Move,Thigalarapalya,2.0,2.0,98.0,1297.0,2.0
Super built-up  Area,Ready To Move,Padmanabhanagar,2.0,0.0,50.0,1150.0,2.0
Super built-up  Area,Ready To Move,Kuvempu Nagar,2.0,1.0,45.0,1375.0,2.0
Super built-up  Area,Ready To Move,Babusapalaya,2.0,2.0,58.0,1245.0,2.0
Super built-up  Area,18-Mar,Vasanth nagar,6.0,1.0,948.0,4750.0,4.0
Built-up  Area,Ready To Move,Nagarbhavi,3.0,0.0,180.0,1800.0,4.0
Super built-up  Area,Ready To Move,Brookefield,3.0,2.0,140.0,1594.0,3.0
Plot  Area,Ready To Move,TC Palaya,2.0,0.0,66.0,1200.0,3.0
Super built-up  Area,18-Aug,Chandapura,1.0,1.0,16.45,645.0,1.0
Super built-up  Area,20-Dec,Kanakpura Road,2.0,2.0,36.0,700.0,2.0
Built-up  Area,Ready To Move,Rajaji Nagar,4.0,0.0,650.0,2500.0,5.0
Built-up  Area,Ready To Move,Raja Rajeshwari Nagar,2.0,0.0,50.0,1000.0,2.0
Plot  Area,Ready To Move,Whitefield,5.0,1.0,540.0,4000.0,6.0
Super built-up  Area,Ready To Move,Begur Road,2.0,2.0,42.0,1160.0,2.0
Plot  Area,Ready To Move,Uday Nagar,6.0,0.0,85.0,1200.0,6.0
Plot  Area,Ready To Move,OMBR Layout,3.0,0.0,140.0,600.0,5.0
Super built-up  Area,Ready To Move,Gopalkrishna Nagar,2.0,2.0,95.0,1570.0,3.0
Super built-up  Area,Ready To Move,Sarjapur  Road,2.0,2.0,88.0,1290.0,2.0
Super built-up  Area,Ready To Move,Kudlu Gate,2.0,1.0,44.4,1200.0,2.0
Super built-up  Area,20-Apr,Langford Gardens,5.0,2.0,649.0,2777.29,3.0
Super built-up  Area,Ready To Move,Shanti Nagar,3.0,0.0,180.0,2250.0,3.0
Built-up  Area,Ready To Move,Defence Colony,2.0,2.0,172.0,1270.0,2.0
Super built-up  Area,Ready To Move,Akshayanagara East,2.0,2.0,44.0,1145.0,2.0
Super built-up  Area,Ready To Move,Chikkabanavar,2.0,2.0,46.0,1320.0,3.0
Built-up  Area,18-Aug,Electronic City Phase II,2.0,1.0,30.75,1065.0,2.0
Built-up  Area,18-Mar,Whitefield,3.0,2.0,48.0,1650.0,3.0
Super built-up  Area,18-Apr,Sarjapur  Road,2.0,1.0,86.0,1371.0,2.0
Built-up  Area,Ready To Move,Doddanakunte,5.0,2.0,150.0,2700.0,5.0
Super built-up  Area,Ready To Move,Electronic City,3.0,1.0,94.5,1575.0,3.0
Super built-up  Area,18-Jan,Yelahanka,2.0,2.0,66.0,1362.0,2.0
Built-up  Area,18-Mar,Bettahalsoor,2.0,2.0,353.0,3210.0,5.0
Super built-up  Area,Ready To Move,Haralur Road,3.0,1.0,90.0,1255.0,3.0
Super built-up  Area,Ready To Move,Whitefield,2.0,1.0,35.0,925.0,2.0
Super built-up  Area,19-Dec,Electronics City Phase 1,2.0,1.0,30.46,1088.0,2.0
Super built-up  Area,Ready To Move,Yelahanka,2.0,2.0,80.0,1234.0,2.0
Super built-up  Area,Ready To Move,Sarjapur  Road,3.0,2.0,139.0,2140.0,3.0
Super built-up  Area,Ready To Move,Thubarahalli,3.0,2.0,101.0,1584.0,3.0
Super built-up  Area,Ready To Move,Whitefield,2.0,2.0,50.0,1175.0,2.0
Super built-up  Area,Ready To Move,Sarjapura - Attibele Road,3.0,3.0,52.0,1555.0,3.0
Super built-up  Area,18-Jul,Chandapura,1.0,1.0,16.45,645.0,1.0
Super built-up  Area,Ready To Move,Dodda Nekkundi,2.0,2.0,79.0,1585.0,3.0
Super built-up  Area,Ready To Move,Kalena Agrahara,2.0,2.0,71.0,1354.0,2.0
Super built-up  Area,18-Jun,Madiwala,2.0,2.0,45.0,1165.0,2.0
Built-up  Area,Ready To Move,Kumaraswami Layout,3.0,1.0,75.0,1200.0,3.0
Super built-up  Area,Ready To Move,Hebbal,2.0,1.0,137.0,1740.0,3.0
Plot  Area,Ready To Move,Hebbal,9.0,2.0,185.0,1200.0,9.0
Super built-up  Area,20-Dec,Rachenahalli,2.0,1.0,50.17,985.0,2.0
Plot  Area,18-Nov,Chandapura,2.0,1.0,36.0,1200.0,2.0
Plot  Area,Ready To Move,Kattigenahalli,4.0,2.0,70.0,600.0,3.0
Super built-up  Area,Ready To Move,Duddanahalli,2.0,2.0,47.0,1340.0,3.0
Super built-up  Area,20-Aug,Begur Road,3.0,1.0,95.23,1583.0,3.0
Plot  Area,Ready To Move,"Beml layout, Rajarajeshwari nagar",5.0,2.0,325.0,1200.0,4.0
Plot  Area,Ready To Move,Basaveshwara Nagar,1.0,1.0,180.0,1200.0,2.0
Super built-up  Area,22-Dec,Bannerghatta Road,2.0,0.0,61.74,1122.5,2.0
Super built-up  Area,17-Dec,Thanisandra,3.0,2.0,100.0,1573.0,3.0
Super built-up  Area,18-Jan,CV Raman Nagar,2.0,2.0,42.88,1227.0,2.0
Super built-up  Area,Ready To Move,Yemlur,2.0,1.0,60.0,1210.0,2.0
Super built-up  Area,19-Feb,Basavangudi,3.0,3.0,125.0,1650.0,3.0
Plot  Area,Ready To Move,Chikkalasandra,4.0,2.0,300.0,1000.0,5.0
Super built-up  Area,Ready To Move,Raja Rajeshwari Nagar,2.0,2.0,63.0,1485.0,3.0
Super built-up  Area,Ready To Move,Haralur Road,3.0,2.0,97.0,1735.0,3.0
Super built-up  Area,Ready To Move,Hebbal Kempapura,3.0,2.0,175.0,1730.0,3.0
Super built-up  Area,Ready To Move,Sector 1 HSR Layout,3.0,2.0,86.0,1684.0,3.0
Super built-up  Area,Ready To Move,Sai Gardens,3.0,3.0,77.0,1686.0,3.0
Super built-up  Area,Ready To Move,Bikasipura,3.0,3.0,82.0,1654.0,3.0
Built-up  Area,Ready To Move,Green Glen Layout,3.0,3.0,105.0,1600.0,3.0
Built-up  Area,Ready To Move,KR Puram,2.0,1.0,39.9,1100.0,2.0
Super built-up  Area,Ready To Move,Bannerghatta Road,3.0,3.0,95.0,1655.0,3.0
Super built-up  Area,Ready To Move,Hennur,3.0,3.0,121.0,1830.0,3.0
Super built-up  Area,18-Apr,Hebbal,3.0,1.0,85.0,1430.0,3.0
Super built-up  Area,Ready To Move,Judicial Layout,4.0,3.0,155.0,1989.0,3.0
Super built-up  Area,Ready To Move,Sarjapur  Road,2.0,2.0,55.0,1044.0,2.0
Super built-up  Area,Ready To Move,Banashankari,3.0,2.0,85.0,1426.0,3.0
Super built-up  Area,Ready To Move,Choodasandra,2.0,2.0,50.0,1115.0,2.0
Super built-up  Area,Ready To Move,Yelahanka,2.0,1.0,29.0,1000.0,2.0
Plot  Area,18-Jan,Kathriguppe,2.0,0.0,69.99,754.0,2.0
Built-up  Area,18-Dec,Electronic City Phase II,2.0,1.0,33.06,1140.0,2.0
Super built-up  Area,Ready To Move,Kodichikkanahalli,2.0,1.0,35.0,900.0,2.0
Built-up  Area,Ready To Move,Gulakamale,2.0,3.0,50.0,1200.0,2.0
Built-up  Area,Ready To Move,Malleshwaram,1.0,1.0,45.0,580.0,1.0
Plot  Area,Ready To Move,TC Palaya,2.0,0.0,66.0,1200.0,3.0
Super built-up  Area,18-Apr,Munnekollal,2.0,1.0,50.36,1030.0,2.0
Super built-up  Area,Ready To Move,Koramangala,4.0,3.0,150.0,1910.0,3.0
Super built-up  Area,Ready To Move,Mahalakshmi Puram,3.0,3.0,132.0,1950.0,3.0
Super built-up  Area,Ready To Move,Kundalahalli,3.0,1.0,125.0,1724.0,3.0
Plot  Area,Ready To Move,Konanakunte Cross,2.0,2.0,130.0,1200.0,3.0
Plot  Area,Ready To Move,Rajaji Nagar,2.0,0.0,225.0,1314.0,2.0
Built-up  Area,Ready To Move,Kothanur,2.0,2.0,65.0,1400.0,2.0
Super built-up  Area,Ready To Move,Kaggadasapura,2.0,2.0,68.0,1400.0,3.0
Super built-up  Area,Ready To Move,Hulimavu,2.0,2.0,44.6,1115.0,2.0
Built-up  Area,Ready To Move,Bharathi Nagar,2.0,2.0,55.86,1300.0,2.0
Built-up  Area,Ready To Move,Arishinakunte,4.0,1.0,150.0,2400.0,4.0
Super built-up  Area,19-Jul,Kanakpura Road,2.0,1.0,108.0,1332.0,2.0
Super built-up  Area,Ready To Move,Abbigere,2.0,1.0,41.0,1000.0,2.0
Plot  Area,18-Dec,Whitefield,3.0,2.0,67.75,1200.0,3.0
Built-up  Area,Ready To Move,Whitefield,4.0,2.0,145.0,2444.0,4.0
Super built-up  Area,Ready To Move,Electronic City,2.0,1.0,48.0,1070.0,2.0
Super built-up  Area,Ready To Move,Sarjapur  Road,3.0,1.0,85.0,1600.0,3.0
Super built-up  Area,Ready To Move,Marathahalli,2.0,2.0,57.95,1196.0,2.0
Super built-up  Area,Ready To Move,Electronic City,2.0,1.0,54.0,1025.0,2.0
Super built-up  Area,Ready To Move,Choodasandra,3.0,2.0,56.0,1220.0,3.0
Super built-up  Area,Ready To Move,Sarjapur  Road,4.0,3.0,180.0,2180.0,3.0
Super built-up  Area,Ready To Move,Jakkasandra,3.0,2.0,102.0,1600.0,3.0
Built-up  Area,Ready To Move,Whitefield,2.0,1.0,110.0,1270.0,2.0
Built-up  Area,Ready To Move,Shanthala Nagar,4.0,2.0,460.0,3290.0,3.0
Super built-up  Area,22-May,Jakkur,3.0,2.0,183.0,1932.47,3.0
Super built-up  Area,Ready To Move,Jalahalli,3.0,2.0,160.0,2086.0,3.0
Super built-up  Area,19-Dec,Old Madras Road,2.0,1.0,51.42,1165.0,2.0
Super built-up  Area,Ready To Move,Marathahalli,3.0,1.0,63.25,1310.0,3.0
Super built-up  Area,Ready To Move,Rajaji Nagar,2.0,2.0,165.0,1440.0,2.0
Super built-up  Area,Ready To Move,Electronics City Phase 1,3.0,2.0,85.0,1900.0,3.0
Built-up  Area,Ready To Move,Chandapura,1.0,1.0,22.0,740.0,2.0
Super built-up  Area,Ready To Move,Yeshwanthpur,3.0,3.0,138.0,2503.0,3.0
Super built-up  Area,Ready To Move,5th Phase JP Nagar,2.0,2.0,60.0,1075.0,2.0
Super built-up  Area,18-Aug,Bellandur,2.0,2.0,83.5,1260.0,2.0
Super built-up  Area,Ready To Move,Yelahanka,2.0,1.0,48.72,1282.0,3.0
Built-up  Area,Ready To Move,Tumkur Road,2.0,1.0,60.0,1100.0,4.0
Super built-up  Area,Ready To Move,Green Glen Layout,3.0,3.0,125.0,1717.0,3.0
Super built-up  Area,18-May,Chellikere,2.0,2.0,46.0,1088.0,2.0
Super built-up  Area,Ready To Move,Raja Rajeshwari Nagar,2.0,1.0,56.0,1335.0,3.0
Super built-up  Area,Ready To Move,Vidyaranyapura,2.0,1.0,42.0,1200.0,2.0
Super built-up  Area,Ready To Move,Garudachar Palya,2.0,2.0,60.0,1325.0,3.0
Super built-up  Area,Ready To Move,JP Nagar,2.0,1.0,73.0,1157.0,2.0
Super built-up  Area,21-Dec,KR Puram,2.0,2.0,121.0,2283.0,4.0
Super built-up  Area,Ready To Move,Sahakara Nagar,2.0,1.0,54.0,1200.0,2.0
Super built-up  Area,Ready To Move,Pai Layout,2.0,2.0,65.0,1510.0,3.0
Super built-up  Area,Ready To Move,Bommanahalli,2.0,2.0,54.0,1050.0,2.0
Super built-up  Area,Ready To Move,Chikkadunnasandra,2.0,2.0,45.0,1200.0,2.0
Super built-up  Area,18-May,Binny Pete,3.0,1.0,147.0,1516.0,3.0
Plot  Area,Ready To Move,Indira Nagar,6.0,2.0,475.0,2400.0,6.0
Super built-up  Area,18-Dec,Channasandra,2.0,1.0,44.41,1050.0,2.0
Plot  Area,Ready To Move,Hegde Nagar,2.0,0.0,66.0,1000.0,2.0
Super built-up  Area,18-Mar,9th Phase JP Nagar,2.0,2.0,35.0,1050.0,2.0
Plot  Area,Ready To Move,JP Nagar,5.0,2.0,110.0,600.0,4.0
Super built-up  Area,Ready To Move,BEML Layout,2.0,1.0,65.0,1194.0,2.0
Plot  Area,Ready To Move,Ananth Nagar,3.0,2.0,62.0,600.0,4.0
Super built-up  Area,Ready To Move,Hormavu,2.0,3.0,69.0,1210.0,2.0
Super built-up  Area,Ready To Move,Whitefield,3.0,1.0,110.0,1660.0,3.0
Super built-up  Area,Ready To Move,Malleshwaram,2.0,3.0,125.0,1410.0,2.0
Super built-up  Area,18-Jun,Electronics City Phase 1,2.0,1.0,67.0,1305.0,2.0
Built-up  Area,Ready To Move,Kavika Layout,6.0,2.0,101.0,1800.0,6.0
Built-up  Area,Ready To Move,Bannerghatta Road,2.0,3.0,53.0,1206.0,2.0
Super built-up  Area,Ready To Move,Kambipura,2.0,1.0,49.0,883.0,2.0
Super built-up  Area,Ready To Move,Bannerghatta Road,2.0,2.0,55.0,1150.0,2.0
Carpet  Area,Ready To Move,Dinnur,2.0,2.0,65.0,1100.0,2.0
Super built-up  Area,Ready To Move,Banashankari Stage II,2.0,1.0,125.0,1245.0,2.0
Built-up  Area,Ready To Move,Cooke Town,3.0,3.0,110.0,1850.0,3.0
Built-up  Area,18-Mar,Hoodi,4.0,1.0,220.0,3385.0,4.0
Super built-up  Area,Ready To Move,Sompura,3.0,2.0,85.0,2150.0,4.0
Super built-up  Area,Ready To Move,Hebbal,3.0,1.0,390.0,3895.0,3.0
Super built-up  Area,17-Sep,Lingarajapuram,2.0,2.0,55.0,1035.0,2.0
Super built-up  Area,Ready To Move,Nandini Layout,3.0,2.0,72.0,600.0,2.0
Super built-up  Area,Ready To Move,Zuzuvadi,3.0,3.0,75.0,1200.0,3.0
Super built-up  Area,Ready To Move,Hennur Road,2.0,1.0,69.18,1155.0,2.0
Plot  Area,Ready To Move,BCC Layout,6.0,2.0,235.0,1200.0,7.0
Super built-up  Area,Ready To Move,Electronics City Phase 1,1.0,0.0,30.12,755.0,1.0
Built-up  Area,Ready To Move,Ramamurthy Nagar,2.0,2.0,35.0,960.0,2.0
Super built-up  Area,Ready To Move,Harsha Layout,1.0,1.0,20.0,450.0,1.0
Super built-up  Area,Ready To Move,Infantry Road,5.0,2.0,680.0,4000.0,5.0
Super built-up  Area,Ready To Move,Raja Rajeshwari Nagar,3.0,3.0,53.12,1571.0,3.0
Super built-up  Area,Ready To Move,Sarjapur  Road,3.0,2.0,119.0,1691.0,3.0
Super built-up  Area,19-Dec,Kanakapura,2.0,1.0,70.0,1489.0,3.0
Built-up  Area,Ready To Move,Kengeri Satellite Town,2.0,1.0,32.0,800.0,2.0
Built-up  Area,Ready To Move,Jalahalli,2.0,2.0,60.0,980.0,3.0
Super built-up  Area,Ready To Move,Bannerghatta Road,2.0,1.0,65.0,1215.0,2.0
Super built-up  Area,Ready To Move,Electronic City Phase II,2.0,1.0,26.5,911.0,2.0
Super built-up  Area,Ready To Move,Bellandur,3.0,2.0,90.0,1535.0,3.0
Plot  Area,Ready To Move,5th Block Hbr Layout,5.0,2.0,205.0,1200.0,5.0
Super built-up  Area,Ready To Move,R.T. Nagar,2.0,1.0,70.0,1500.0,3.0
Built-up  Area,Ready To Move,Brookefield,2.0,3.0,58.0,1588.0,2.0
Plot  Area,Ready To Move,Horamavu Banaswadi,4.0,2.0,68.0,675.0,4.0
Built-up  Area,17-Sep,Kannamangala,2.0,2.0,56.0,957.0,2.0
Built-up  Area,18-Aug,Electronic City Phase II,2.0,1.0,34.65,1200.0,2.0
Super built-up  Area,Ready To Move,Kanakapura main  Road,2.0,2.0,52.33,1495.0,3.0
Built-up  Area,Ready To Move,Bisuvanahalli,2.0,0.0,34.0,845.0,2.0
Built-up  Area,Ready To Move,Padmanabhanagar,4.0,2.0,350.0,3000.0,4.0
Super built-up  Area,Ready To Move,Sarjapur  Road,4.0,1.0,180.0,2206.0,3.0
Super built-up  Area,Ready To Move,Kasavanhalli,2.0,1.0,61.0,1181.0,2.0
Super built-up  Area,Ready To Move,Sarjapur  Road,2.0,3.0,69.5,1309.0,2.0
Built-up  Area,Ready To Move,Horamavu Agara,3.0,3.0,63.0,1400.0,3.0
Plot  Area,Ready To Move,B Channasandra,5.0,1.0,450.0,1650.0,5.0
Super built-up  Area,Ready To Move,Kanakpura Road,3.0,2.0,95.0,1622.0,3.0
Super built-up  Area,18-Apr,CV Raman Nagar,2.0,2.0,48.0,1225.0,2.0
Super built-up  Area,Ready To Move,Jakkur Plantation,3.0,3.0,95.0,1719.0,3.0
Super built-up  Area,Ready To Move,Abbigere,2.0,1.0,40.8,995.0,2.0
Super built-up  Area,Ready To Move,Mahadevpura,2.0,2.0,53.0,1120.0,2.0
Super built-up  Area,Ready To Move,Bellandur,2.0,1.0,75.0,1047.0,2.0
Super built-up  Area,18-Apr,Devanahalli,3.0,3.0,59.96,1466.0,3.0
Super built-up  Area,18-Dec,Sarjapur  Road,3.0,2.0,100.0,1691.0,3.0
Super built-up  Area,20-Dec,Chandapura,2.0,2.0,28.47,876.0,2.0
Super built-up  Area,18-May,CV Raman Nagar,3.0,1.0,135.0,1659.0,3.0
Super built-up  Area,Ready To Move,Whitefield,2.0,1.0,105.0,1270.0,2.0
Super built-up  Area,Ready To Move,8th Phase JP Nagar,2.0,3.0,50.75,1269.0,3.0
Super built-up  Area,Ready To Move,Kammanahalli,3.0,2.0,80.0,1200.0,2.0
Super built-up  Area,Ready To Move,Budigere,2.0,2.0,56.5,1153.0,2.0
Super built-up  Area,Ready To Move,Whitefield,2.0,2.0,69.5,1315.0,2.0
Plot  Area,Ready To Move,Hebbal Kempapura,4.0,2.0,198.0,2485.0,4.0
Super built-up  Area,Ready To Move,Tumkur Road,3.0,1.0,85.86,1354.0,3.0
Plot  Area,Ready To Move,Whitefield,3.0,1.0,130.0,1344.0,4.0
Super built-up  Area,Ready To Move,Yelahanka,2.0,1.0,55.0,1180.0,2.0
Super built-up  Area,18-Apr,Jalahalli,2.0,2.0,68.0,1313.0,2.0
Super built-up  Area,Ready To Move,Nehru Nagar,2.0,2.0,50.0,1100.0,2.0
Plot  Area,Ready To Move,Nagarbhavi,4.0,1.0,78.0,600.0,4.0
Built-up  Area,Ready To Move,Basaveshwara Nagar,3.0,0.0,190.0,1200.0,3.0
Plot  Area,Ready To Move,Srinagar,3.0,3.0,78.0,625.0,6.0
Super built-up  Area,Ready To Move,Vishwapriya Layout,2.0,3.0,37.0,890.0,2.0
Super built-up  Area,20-Dec,Whitefield,2.0,1.0,78.2,1173.0,2.0
Super built-up  Area,Ready To Move,Reliaable Tranquil Layout,2.0,1.0,55.0,1190.0,2.0
Built-up  Area,Ready To Move,Green Glen Layout,2.0,0.0,75.0,1250.0,2.0
Super built-up  Area,19-Dec,Hoodi,3.0,3.0,80.51,1644.0,3.0
Plot  Area,Ready To Move,Yelahanka New Town,3.0,2.0,150.0,1740.0,3.0
Super built-up  Area,Ready To Move,Jakkur,3.0,2.0,110.0,1710.0,3.0
Plot  Area,Ready To Move,5th Phase JP Nagar,4.0,2.0,130.0,1000.0,4.0
Super built-up  Area,18-Feb,Hebbal,3.0,2.0,155.0,1662.0,3.0
Super built-up  Area,Ready To Move,Virupakshapura,2.0,1.0,48.0,1162.0,2.0
Super built-up  Area,Ready To Move,Whitefield,2.0,3.0,85.0,1362.0,2.0
Super built-up  Area,Ready To Move,Bhagyalakshmi Avenue,1.0,1.0,22.5,540.0,1.0
Super built-up  Area,18-Nov,Thanisandra,3.0,0.0,75.885,1533.0,3.0
Plot  Area,Ready To Move,Masjid e Alkareem,4.0,1.0,62.0,900.0,5.0
Plot  Area,Ready To Move,Sarjapur  Road,4.0,2.0,135.0,1250.0,4.0
Super built-up  Area,Ready To Move,Begur Road,2.0,3.0,54.99,1410.0,3.0
Plot  Area,Ready To Move,Chikka Tirupathi,5.0,3.0,125.0,2665.0,4.0
Built-up  Area,Ready To Move,Singapura Village,2.0,0.0,45.0,970.0,2.0
Built-up  Area,Ready To Move,Kavika Layout,6.0,3.0,101.0,1799.0,6.0
Plot  Area,Ready To Move,8th Block Jayanagar,6.0,1.0,300.0,1500.0,6.0
Plot  Area,Ready To Move,Uttarahalli,4.0,3.0,155.0,1200.0,4.0
Super built-up  Area,18-Dec,Haralur Road,3.0,2.0,97.83,1810.0,3.0
Super built-up  Area,Ready To Move,Sathya Layout,2.0,1.0,51.0,1084.0,2.0
Super built-up  Area,Ready To Move,Doddabanahalli,3.0,2.0,85.0,1500.0,3.0
Super built-up  Area,Ready To Move,Uttarahalli,2.0,1.0,56.0,1328.0,3.0
Built-up  Area,Ready To Move,Marathahalli,2.0,2.0,90.0,1485.0,3.0
Super built-up  Area,Ready To Move,Pai Layout,2.0,2.0,58.0,1500.0,3.0
Super built-up  Area,Ready To Move,R.T. Nagar,2.0,2.0,85.0,1100.0,2.0
Super built-up  Area,Ready To Move,Seetharampalya,2.0,2.0,73.0,1360.0,3.0
Super built-up  Area,Ready To Move,1st Phase JP Nagar,2.0,1.0,75.0,900.0,2.0
Plot  Area,Ready To Move,SMV layout,3.0,3.0,86.0,600.0,3.0
Super built-up  Area,Ready To Move,Electronic City Phase II,2.0,1.0,54.48,1031.0,2.0
Super built-up  Area,20-Aug,Whitefield,2.0,0.0,38.19,955.0,2.0
Super built-up  Area,Ready To Move,Uttarahalli,2.0,2.0,36.4,1040.0,2.0
Built-up  Area,Ready To Move,KR Puram,6.0,1.0,110.0,2800.0,7.0
Super built-up  Area,Ready To Move,Kothannur,2.0,1.0,56.15,1404.0,3.0
Super built-up  Area,Ready To Move,Haralur Road,2.0,2.0,46.0,1200.0,2.0
Super built-up  Area,Ready To Move,Yelahanka,3.0,1.0,78.0,1267.0,2.0
Super built-up  Area,Ready To Move,Bannerghatta Road,2.0,3.0,110.0,1510.0,3.0
Super built-up  Area,21-Sep,Kanakpura Road,2.0,1.0,42.0,900.0,2.0
Super built-up  Area,Ready To Move,Whitefield,2.0,2.0,105.0,1457.0,3.0
Super built-up  Area,Ready To Move,Iblur Village,4.0,2.0,268.0,3596.0,4.0
Super built-up  Area,19-Mar,8th Phase JP Nagar,3.0,2.0,80.0,1408.0,3.0
Built-up  Area,Ready To Move,Dodda Nekkundi,2.0,2.0,45.0,1005.0,2.0
Plot  Area,Ready To Move,Dodsworth Layout,4.0,2.0,1824.0,30400.0,6.0
Built-up  Area,Ready To Move,Electronic City Phase II,1.0,1.0,28.0,545.0,2.0
Built-up  Area,Ready To Move,"Sarjapur Road, ",2.0,1.0,64.0,1182.0,2.0
Super built-up  Area,18-May,Talaghattapura,3.0,0.0,122.0,2038.5,3.0
Built-up  Area,Ready To Move,Sarjapur  Road,2.0,0.0,80.0,1367.0,2.0
Plot  Area,Ready To Move,BTM 1st Stage,4.0,2.0,200.0,1200.0,5.0
Built-up  Area,Ready To Move,Judicial Layout,4.0,3.0,199.0,1100.0,5.0
Built-up  Area,Ready To Move,Sarjapur  Road,3.0,2.0,78.0,1565.0,3.0
Super built-up  Area,18-Feb,Whitefield,3.0,2.0,128.0,1720.0,3.0
Built-up  Area,Ready To Move,Doddathoguru,2.0,3.0,44.0,1107.0,2.0
Super built-up  Area,20-Jan,Yelahanka,2.0,1.0,78.19,1360.0,2.0
Super built-up  Area,18-Jan,Anekal,1.0,1.0,25.0,625.0,2.0
Super built-up  Area,Ready To Move,Jalahalli,2.0,2.0,145.0,1701.0,2.0
Plot  Area,Ready To Move,Agrahara Dasarahalli,1.0,0.0,120.0,1350.0,3.0
Super built-up  Area,Ready To Move,Hosa Road,2.0,1.0,39.95,1016.0,2.0
Super built-up  Area,Ready To Move,KEB Colony,3.0,1.0,90.0,1500.0,3.0
Built-up  Area,Ready To Move,Akshaya Nagar,2.0,1.0,45.0,900.0,2.0
Super built-up  Area,Ready To Move,Sanjay nagar,3.0,1.0,150.0,1500.0,3.0
Super built-up  Area,Ready To Move,Chikku Lakshmaiah Layout,2.0,1.0,285.0,2292.0,3.0
Carpet  Area,Ready To Move,Kereguddadahalli,3.0,1.0,42.0,1280.0,3.0
Plot  Area,Ready To Move,Sri Balaji Krupa Layout,4.0,2.0,263.0,1750.0,4.0
Super built-up  Area,Ready To Move,Electronic City,2.0,1.0,70.0,1500.0,3.0
Super built-up  Area,Ready To Move,Electronic City,2.0,1.0,64.5,1500.0,3.0
Super built-up  Area,Ready To Move,Gottigere,2.0,2.0,59.0,1245.0,2.0
Super built-up  Area,Ready To Move,Yelahanka,2.0,1.0,44.0,1025.0,2.0
Super built-up  Area,Ready To Move,Hennur Gardens,3.0,2.0,135.0,1945.0,3.0
Super built-up  Area,Ready To Move,Rajaji Nagar,3.0,3.0,245.0,1640.0,3.0
Built-up  Area,Ready To Move,Hegde Nagar,2.0,2.0,80.5,1348.0,3.0
Super built-up  Area,Ready To Move,Tindlu,2.0,2.0,55.0,1100.0,2.0
Super built-up  Area,Ready To Move,Kammasandra,3.0,3.0,40.0,1616.0,3.0
Super built-up  Area,Ready To Move,Yeshwanthpur,3.0,3.0,135.0,1855.0,3.0
Super built-up  Area,Ready To Move,Hennur,2.0,2.0,56.5,1255.0,2.0
Plot  Area,Ready To Move,HAL 2nd Stage,4.0,1.0,500.0,2040.0,5.0
Plot  Area,Ready To Move,5th Phase JP Nagar,4.0,1.0,228.0,2400.0,4.0
Super built-up  Area,Ready To Move,Kothanur,2.0,2.0,59.0,1195.0,2.0
Super built-up  Area,Ready To Move,Bannerghatta Road,2.0,1.0,35.0,1022.0,2.0
Plot  Area,Ready To Move,Hegde Nagar,6.0,0.0,98.0,760.0,6.0
Super built-up  Area,Ready To Move,Dodda Nekkundi,2.0,2.0,52.0,1264.0,2.0
Super built-up  Area,Ready To Move,Chamrajpet,3.0,2.0,115.0,1650.0,3.0
Super built-up  Area,Ready To Move,Abbigere,2.0,1.0,40.8,1020.0,2.0
Super built-up  Area,Ready To Move,Sarjapur  Road,4.0,2.0,242.0,4395.0,4.0
Built-up  Area,Ready To Move,Bommasandra,2.0,1.0,25.0,950.0,2.0
Super built-up  Area,18-Jul,Shantiniketan Layout,5.0,3.0,142.0,2710.0,4.0
Super built-up  Area,Ready To Move,Hennur Road,3.0,1.0,131.0,1936.0,3.0
Super built-up  Area,Ready To Move,Ramanashree Enclave,2.0,2.0,58.0,1075.0,2.0
Super built-up  Area,18-Apr,Hosur Road,2.0,1.0,93.0,1223.0,2.0
Plot  Area,18-Dec,Whitefield,3.0,1.0,61.9,1500.0,3.0
Built-up  Area,Ready To Move,Hennur,2.0,2.0,42.73,1050.0,2.0
Super built-up  Area,Ready To Move,7th Phase JP Nagar,3.0,2.0,190.0,2100.0,3.0
Plot  Area,Ready To Move,2nd Stage Nagarbhavi,4.0,2.0,240.0,1200.0,5.0
Built-up  Area,Ready To Move,Uttarahalli,2.0,1.0,130.0,1650.0,3.0
Super built-up  Area,Ready To Move,Whitefield,2.0,1.0,78.0,1495.0,2.0
Super built-up  Area,Ready To Move,JP Nagar,2.0,3.0,82.0,1500.0,3.0
Super built-up  Area,21-Jul,Koramangala,3.0,2.0,260.0,1605.0,3.0
Super built-up  Area,Ready To Move,Whitefield,2.0,2.0,52.0,1270.0,2.0
Super built-up  Area,Ready To Move,Kumaraswami Layout,2.0,3.0,60.0,1081.0,2.0
Super built-up  Area,Ready To Move,Koramangala,2.0,0.0,140.0,1600.0,3.0
Super built-up  Area,19-Jul,Kanakpura Road,3.0,1.0,118.0,1596.0,3.0
Plot  Area,Ready To Move,Vasanthpura,6.0,2.0,65.0,600.0,6.0
Super built-up  Area,Ready To Move,Horamavu Agara,3.0,1.0,70.0,1557.0,3.0
Built-up  Area,Ready To Move,Devi Nagar,3.0,3.0,68.0,1410.0,3.0
Super built-up  Area,Ready To Move,Sarjapur  Road,4.0,1.0,148.0,1984.0,3.0
Super built-up  Area,Ready To Move,Kadugodi,2.0,3.0,60.0,1196.0,2.0
Super built-up  Area,21-Dec,Thanisandra,3.0,2.0,112.0,2259.0,4.0
Super built-up  Area,Ready To Move,Kenchenahalli,3.0,2.0,100.0,1720.0,3.0
Plot  Area,Ready To Move,8th Phase JP Nagar,5.0,2.0,99.0,600.0,4.0
Built-up  Area,Ready To Move,Nagaraja Garden,2.0,1.0,62.8,1256.0,2.0
Super built-up  Area,Ready To Move,Haralur Road,2.0,2.0,46.0,1243.0,2.0
Super built-up  Area,18-May,Electronic City Phase II,2.0,1.0,37.83,1310.0,3.0
Built-up  Area,Ready To Move,7th Phase JP Nagar,2.0,1.0,57.0,1140.0,2.0
Super built-up  Area,Ready To Move,Cooke Town,3.0,2.0,260.0,1600.0,3.0
Super built-up  Area,Ready To Move,Kothanur,3.0,2.0,120.0,1790.0,3.0
Super built-up  Area,Ready To Move,Harlur,2.0,0.0,72.76,1335.0,2.0
Super built-up  Area,Ready To Move,Nehru Nagar,3.0,2.0,81.0,1674.0,3.0
Plot  Area,Ready To Move,CV Raman Nagar,2.0,1.0,100.0,1200.0,5.0
Super built-up  Area,Ready To Move,Kenchenhalli,3.0,2.0,79.99,1786.0,3.0
Plot  Area,Ready To Move,Vidyaranyapura,3.0,2.0,65.25,770.0,4.0
Super built-up  Area,18-Dec,Sarjapur  Road,2.0,1.0,47.0,1035.0,2.0
Super built-up  Area,19-Dec,Whitefield,3.0,1.0,103.0,1564.0,3.0
Super built-up  Area,18-Mar,Margondanahalli,2.0,1.0,67.76,1334.0,2.0
Plot  Area,Ready To Move,Defence Colony,13.0,2.0,3600.0,7150.0,10.0
Super built-up  Area,18-May,Bommasandra,3.0,1.0,53.96,1365.0,3.0
Super built-up  Area,Ready To Move,Choodasandra,2.0,1.0,50.0,1115.0,2.0
Super built-up  Area,Ready To Move,Jalahalli East,2.0,1.0,42.48,1020.0,2.0
Super built-up  Area,Ready To Move,BCMC Layout,2.0,3.0,72.0,1369.0,3.0
Super built-up  Area,18-Aug,Whitefield,2.0,2.0,41.0,1240.0,2.0
Plot  Area,Ready To Move,Nagarbhavi,3.0,2.0,100.0,600.0,4.0
Super built-up  Area,Ready To Move,Gollahalli,2.0,1.0,62.0,1418.0,2.0
Built-up  Area,Ready To Move,Hebbal,3.0,2.0,219.0,2250.0,3.0
Super built-up  Area,Ready To Move,Shivaji Nagar,1.0,1.0,20.0,500.0,2.0
Super built-up  Area,Ready To Move,KR Puram,2.0,2.0,39.0,1020.0,2.0
Built-up  Area,Ready To Move,Yelahanka New Town,2.0,2.0,70.0,1290.0,2.0
Plot  Area,Ready To Move,Attibele,3.0,2.0,90.0,1500.0,3.0
Super built-up  Area,Ready To Move,Billekahalli,3.0,3.0,62.0,1290.0,3.0
Super built-up  Area,Ready To Move,Jalahalli,3.0,2.0,115.0,1881.0,3.0
Super built-up  Area,Ready To Move,Jigani,2.0,2.0,49.5,943.0,2.0
Built-up  Area,18-Dec,Electronic City,2.0,1.0,32.93,1140.0,2.0
Super built-up  Area,Ready To Move,Nayandanahalli,2.0,2.0,60.0,1035.0,2.0
Plot  Area,18-Dec,Whitefield,3.0,1.0,71.0,1500.0,3.0
Super built-up  Area,Ready To Move,Sindhi Colony,7.0,2.0,988.0,5665.84,5.0
Super built-up  Area,18-Apr,Nanjappa Layout,2.0,1.0,94.28,1232.0,2.0
Super built-up  Area,Ready To Move,Uttarahalli,2.0,2.0,56.12,1290.0,3.0
Super built-up  Area,Ready To Move,Malleshwaram,4.0,2.0,306.0,2610.0,4.0
Super built-up  Area,Ready To Move,Anandapura,3.0,2.0,58.7,1576.0,3.0
Super built-up  Area,Ready To Move,Chinnapanahalli,2.0,1.0,41.0,980.0,2.0
Super built-up  Area,Ready To Move,Hebbal,6.0,1.0,440.0,4000.0,4.0
Super built-up  Area,18-Jun,Sarjapur  Road,2.0,1.0,74.03,1346.0,2.0
Super built-up  Area,Ready To Move,Hoodi,2.0,2.0,55.0,1181.0,2.0
Super built-up  Area,Ready To Move,Sathya Sai Layout,6.0,1.0,660.0,6652.0,4.0
Super built-up  Area,Ready To Move,Maragondanahalli,2.0,2.0,59.0,1307.0,2.0
Super built-up  Area,18-May,Roopena Agrahara,2.0,2.0,49.86,1215.0,3.0
Super built-up  Area,Ready To Move,Sanjay nagar,2.0,3.0,80.0,1180.0,2.0
Built-up  Area,Ready To Move,Amruthahalli,1.0,1.0,55.0,600.0,1.0
Super built-up  Area,Ready To Move,Sarjapur  Road,2.0,2.0,50.0,1115.0,2.0
Super built-up  Area,Ready To Move,Kanakapur main road,2.0,2.0,43.04,1025.0,2.0
Super built-up  Area,Ready To Move,Ramagondanahalli,3.0,2.0,131.0,1910.0,3.0
Super built-up  Area,Ready To Move,Gottigere,2.0,2.0,50.0,1200.0,2.0
Built-up  Area,19-Dec,Church Street,4.0,3.0,536.0,2920.0,4.0
Super built-up  Area,Ready To Move,Hebbal,2.0,1.0,98.0,1349.0,2.0
Super built-up  Area,Ready To Move,Electronics City Phase 1,2.0,1.0,60.0,1175.0,2.0
Super built-up  Area,Ready To Move,2nd Phase Judicial Layout,2.0,1.0,40.25,1150.0,2.0
Super built-up  Area,20-Dec,Old Madras Road,2.0,1.0,32.72,935.0,2.0
Super built-up  Area,Ready To Move,Whitefield,2.0,2.0,59.0,1404.0,3.0
Built-up  Area,Ready To Move,BCC Layout,3.0,2.0,230.0,2700.0,4.0
Built-up  Area,Ready To Move,HSR Layout,2.0,2.0,60.0,1203.0,2.0
Plot  Area,Ready To Move,Nagavara,3.0,1.0,35.0,440.0,3.0
Super built-up  Area,Ready To Move,Somasundara Palya,3.0,3.0,63.0,1571.0,3.0
Super built-up  Area,Ready To Move,Mariyannapalya,2.0,2.0,46.0,1125.0,2.0
Super built-up  Area,18-Apr,Kammasandra,1.0,1.0,18.5,610.0,1.0
Super built-up  Area,Ready To Move,Ambalipura,2.0,2.0,80.0,1198.0,2.0
Plot  Area,Ready To Move,Chandapura,3.0,2.0,65.0,1200.0,3.0
Super built-up  Area,Ready To Move,Nobo Nagar,2.0,2.0,45.0,1200.0,2.0
Plot  Area,Ready To Move,Sathya Sai Layout,6.0,1.0,700.0,6688.0,4.0
Super built-up  Area,Ready To Move,Crimson Layout,3.0,2.0,95.0,1830.0,3.0
Super built-up  Area,19-Sep,Kudlu Gate,2.0,2.0,61.11,1432.0,3.0
Built-up  Area,Ready To Move,Somasundara Palya,2.0,0.0,70.0,2300.0,3.0
Super built-up  Area,Ready To Move,9th Phase JP Nagar,2.0,2.0,69.0,1331.95,2.0
Super built-up  Area,Ready To Move,Yeshwanthpur,3.0,3.0,160.0,1876.0,3.0
Super built-up  Area,18-Dec,Whitefield,3.0,2.0,107.0,1639.0,3.0
Plot  Area,Ready To Move,Akshaya Nagar,4.0,2.0,125.0,1200.0,4.0
Super built-up  Area,Ready To Move,Kanakpura Road,3.0,2.0,74.9,1665.0,3.0
Super built-up  Area,Ready To Move,Kogilu,2.0,2.0,50.66,1140.0,2.0
Super built-up  Area,21-Dec,Electronic City,4.0,2.0,134.0,2093.0,4.0
Super built-up  Area,Ready To Move,Kanakpura Road,3.0,3.0,60.9,1450.0,3.0
Super built-up  Area,18-May,TC Palaya,3.0,3.0,46.56,1330.0,3.0
Plot  Area,Ready To Move,1st Block Koramangala,5.0,1.0,350.0,1200.0,4.0
Built-up  Area,18-Dec,Talaghattapura,3.0,1.0,84.0,1800.0,3.0
Built-up  Area,Ready To Move,"Thanisandra Main Road, ",4.0,3.0,183.0,2872.0,4.0
Super built-up  Area,Ready To Move,Kumarapalli,2.0,2.0,65.0,1486.0,3.0
Built-up  Area,Ready To Move,Chikkalasandra,1.0,0.0,54.0,1425.0,3.0
Super built-up  Area,Ready To Move,Raja Rajeshwari Nagar,2.0,2.0,42.54,1255.0,2.0
Built-up  Area,Ready To Move,Electronic City,2.0,1.0,19.5,750.0,2.0
Super built-up  Area,Ready To Move,Nagarbhavi,2.0,3.0,58.0,1225.0,2.0
Super built-up  Area,20-Jan,Badavala Nagar,2.0,1.0,90.0,1274.0,2.0
Built-up  Area,Ready To Move,Medahalli,9.0,2.0,150.0,4600.0,9.0
Super built-up  Area,Ready To Move,Kathriguppe,3.0,2.0,80.99,1350.0,3.0
Super built-up  Area,19-Jun,Mallathahalli,2.0,2.0,64.08,1100.0,2.0
Super built-up  Area,Ready To Move,Whitefield,3.0,2.0,139.0,1760.0,3.0
Plot  Area,18-Jul,Bommasandra,3.0,2.0,110.0,1200.0,3.0
Super built-up  Area,Ready To Move,Basavanapura,5.0,3.0,65.0,1800.0,7.0
Super built-up  Area,Ready To Move,Chandapura,2.0,2.0,28.0,1095.0,3.0
Super built-up  Area,Ready To Move,HSR Layout,2.0,2.0,46.0,1140.0,2.0
Super built-up  Area,Ready To Move,Raja Rajeshwari Nagar,3.0,3.0,64.86,1530.0,3.0
Super built-up  Area,18-Feb,Kundalahalli,3.0,3.0,140.0,1724.0,3.0
Super built-up  Area,18-Mar,Horamavu Agara,2.0,2.0,47.0,1058.0,2.0
Super built-up  Area,Ready To Move,KUDLU MAIN ROAD,3.0,2.0,56.0,1464.0,3.0
Super built-up  Area,Ready To Move,Dodda Nekkundi Extension,3.0,3.0,90.0,1975.0,3.0
Super built-up  Area,18-Nov,Sarjapur  Road,2.0,1.0,58.0,1112.0,2.0
Built-up  Area,Ready To Move,Doddabommasandra,2.0,1.0,90.0,1600.0,2.0
Super built-up  Area,Ready To Move,Vittasandra,3.0,2.0,85.0,1648.0,3.0
Super built-up  Area,18-May,Puttanahalli,2.0,2.0,32.0,1100.0,2.0
Super built-up  Area,18-Nov,Hoskote,1.0,1.0,23.0,509.0,1.0
Super built-up  Area,21-Dec,Talaghattapura,3.0,3.0,159.0,2265.0,3.0
Super built-up  Area,Ready To Move,Malleshpalya,2.0,2.0,46.0,1200.0,2.0
Super built-up  Area,Ready To Move,Makali,1.0,1.0,18.0,530.0,1.0
Built-up  Area,Ready To Move,Green View Layout,2.0,1.0,41.0,1010.0,2.0
Built-up  Area,Ready To Move,Kaggadasapura,2.0,2.0,45.0,1150.0,2.0
Super built-up  Area,Ready To Move,Sarjapur  Road,2.0,2.0,75.0,1340.0,2.0
Built-up  Area,Ready To Move,Raja Rajeshwari Nagar,3.0,1.0,98.0,1850.0,3.0
Built-up  Area,Ready To Move,Doddathoguru,2.0,1.0,40.0,907.0,2.0
Plot  Area,Ready To Move,Benson Town,2.0,0.0,280.0,1688.0,2.0
Plot  Area,Ready To Move,Ulsoor,2.0,1.0,130.0,1160.0,2.0
Super built-up  Area,Ready To Move,Pai Layout,2.0,1.0,65.0,1600.0,3.0
Plot  Area,Ready To Move,Prasanna layout Herohalli,5.0,1.0,140.0,1800.0,6.0
Super built-up  Area,Ready To Move,Iblur Village,5.0,1.0,251.0,3596.0,4.0
Super built-up  Area,Ready To Move,Hosur Road,3.0,2.0,56.0,1464.0,3.0
Super built-up  Area,Ready To Move,Hennur,2.0,1.0,62.0,1295.0,2.0
Super built-up  Area,Ready To Move,Kodbisanhalli,2.0,1.0,62.0,1012.0,2.0
Super built-up  Area,Ready To Move,Yelahanka New Town,2.0,1.0,48.0,1000.0,3.0
Super built-up  Area,Ready To Move,Channasandra,2.0,1.0,32.0,1010.0,2.0
Super built-up  Area,Ready To Move,Bharathi Nagar,2.0,1.0,85.0,1379.0,2.0
Built-up  Area,18-May,Kasavanhalli,2.0,2.0,75.0,1121.0,2.0
Built-up  Area,Ready To Move,LB Shastri Nagar,2.0,1.0,75.0,1200.0,2.0
Super built-up  Area,Ready To Move,Sarakki Nagar,6.0,3.0,349.0,3124.0,4.0
Super built-up  Area,18-Sep,Bannerghatta Road,2.0,2.0,47.35,1246.0,2.0
Super built-up  Area,Ready To Move,7th Phase JP Nagar,3.0,2.0,90.0,1420.0,3.0
Carpet  Area,Ready To Move,Shivaji Nagar,1.0,1.0,65.0,600.0,2.0
Super built-up  Area,Ready To Move,Hadosiddapura,2.0,2.0,55.0,1090.0,2.0
Super built-up  Area,18-Apr,Electronic City,2.0,1.0,73.0,1355.0,2.0
Super built-up  Area,Ready To Move,Ambedkar Nagar,2.0,1.0,94.0,1425.0,2.0
Built-up  Area,Ready To Move,Chikkabanavar,7.0,0.0,110.0,4000.0,8.0
Super built-up  Area,Ready To Move,Electronics City Phase 1,3.0,2.0,111.0,1700.0,3.0
Super built-up  Area,21-Dec,Talaghattapura,3.0,2.0,134.0,2099.0,3.0
Plot  Area,18-Apr,Yelahanka,5.0,0.0,210.0,1330.0,5.0
Super built-up  Area,19-Dec,Devanahalli,2.0,1.0,69.76,1520.0,3.0
Built-up  Area,Ready To Move,Sarvobhogam Nagar,3.0,0.0,140.0,1490.0,3.0
Super built-up  Area,Ready To Move,Horamavu Banaswadi,2.0,2.0,50.0,1000.0,2.0
Super built-up  Area,Ready To Move,Sahakara Nagar,2.0,2.0,72.3,1291.0,2.0
Super built-up  Area,Ready To Move,Kanakpura Road,2.0,2.0,67.0,1339.0,2.0
Super built-up  Area,Ready To Move,Near International Airport,2.0,1.0,56.0,1330.0,2.0
Plot  Area,Ready To Move,Ramakrishnappa Layout,4.0,2.0,2600.0,9200.0,4.0
Plot  Area,Ready To Move,Pattegarhpalya,8.0,0.0,140.0,1200.0,8.0
Built-up  Area,Ready To Move,Palace Road,1.0,1.0,130.0,1650.0,2.0
Plot  Area,Ready To Move,Defence Colony,6.0,3.0,2800.0,8000.0,6.0
Super built-up  Area,Ready To Move,Jakkur,2.0,1.0,44.75,1125.0,2.0
Built-up  Area,Ready To Move,CV Raman Nagar,2.0,1.0,62.0,1310.0,2.0
Super built-up  Area,Ready To Move,Bellandur,2.0,2.0,40.0,1096.0,2.0
Super built-up  Area,Ready To Move,Dasanapura,2.0,1.0,43.7,814.0,2.0
Plot  Area,Ready To Move,Sarjapur  Road,3.0,2.0,275.0,3500.0,3.0
Super built-up  Area,Ready To Move,Raja Rajeshwari Nagar,2.0,2.0,44.0,1140.0,2.0
Super built-up  Area,Ready To Move,Singanayakanahalli,2.0,0.0,75.0,1480.0,3.0
Super built-up  Area,Ready To Move,Hebbal,6.0,1.0,370.0,4000.0,4.0
Super built-up  Area,Ready To Move,Nagappa Reddy Layout,2.0,3.0,78.0,1500.0,3.0
Super built-up  Area,Ready To Move,Sarjapur  Road,3.0,2.0,89.0,1850.0,3.0
Super built-up  Area,Ready To Move,Jalahalli West,2.0,1.0,36.0,745.0,2.0
Super built-up  Area,18-Dec,Whitefield,1.0,1.0,48.0,613.0,1.0
Plot  Area,Ready To Move,Rajarajeshwari nagar,5.0,2.0,325.0,1200.0,4.0
Carpet  Area,Ready To Move,Bannerghatta Road,2.0,1.0,85.0,1470.0,3.0
Plot  Area,Ready To Move,Frazer Town,1.0,0.0,100.0,896.0,1.0
Super built-up  Area,Ready To Move,Tilak Nagar,2.0,2.0,40.0,250.0,1.0
Plot  Area,Ready To Move,T Dasarahalli,3.0,2.0,125.0,1200.0,6.0
Super built-up  Area,Ready To Move,Bannerghatta Road,2.0,2.0,45.0,1160.0,2.0
Plot  Area,Ready To Move,Laggere,9.0,3.0,132.0,1590.0,7.0
Built-up  Area,Ready To Move,Attibele,1.0,1.0,15.0,520.0,1.0
Plot  Area,Ready To Move,T Dasarahalli,9.0,1.0,75.0,1178.0,9.0
Super built-up  Area,Ready To Move,Electronic City,2.0,1.0,64.99,1360.0,3.0
Super built-up  Area,Ready To Move,Gopalkrishna Nagar,2.0,1.0,64.0,1155.0,2.0
Super built-up  Area,18-Aug,Chandapura,1.0,1.0,14.04,520.0,1.0
Super built-up  Area,Ready To Move,Ambalipura,2.0,3.0,150.0,1615.0,3.0
Built-up  Area,Ready To Move,Raja Rajeshwari Nagar,8.0,3.0,215.0,6000.0,8.0
Super built-up  Area,Ready To Move,Raja Rajeshwari Nagar,2.0,2.0,39.0,1140.0,2.0
Super built-up  Area,Ready To Move,Reliaable Tranquil Layout,3.0,1.0,77.0,1508.0,3.0
Built-up  Area,Ready To Move,Ambedkar Nagar,4.0,2.0,150.0,2395.0,3.0
Super built-up  Area,Ready To Move,Uttarahalli,3.0,2.0,57.0,1590.0,3.0
Super built-up  Area,Ready To Move,Thigalarapalya,4.0,2.0,152.0,2215.0,3.0
Super built-up  Area,Ready To Move,R.T. Nagar,3.0,2.0,130.0,1667.0,3.0
Built-up  Area,Ready To Move,7th Block Jayanagar,2.0,1.0,293.0,1903.0,3.0
Super built-up  Area,Ready To Move,7th Phase JP Nagar,2.0,1.0,108.0,1530.0,2.0
Super built-up  Area,Ready To Move,Whitefield,3.0,2.0,125.0,1730.0,3.0
Built-up  Area,Ready To Move,JP Nagar,2.0,1.0,44.0,1048.0,2.0
Super built-up  Area,Ready To Move,Malleshpalya,2.0,2.0,52.0,1225.0,2.0
Carpet  Area,19-Jan,Hennur Bande,2.0,3.0,70.0,1200.0,2.0
Super built-up  Area,Ready To Move,Kundalahalli,2.0,1.0,65.0,1175.0,2.0
Super built-up  Area,Ready To Move,Devanahalli,2.0,2.0,52.57,1075.0,1.0
Super built-up  Area,19-Dec,Electronic City Phase II,3.0,1.0,49.53,1651.0,3.0
Super built-up  Area,Ready To Move,8th Phase JP Nagar,2.0,3.0,55.0,1500.0,3.0
Super built-up  Area,Ready To Move,Doddathoguru,3.0,3.0,85.0,1783.0,3.0
Super built-up  Area,Ready To Move,Kereguddadahalli,2.0,1.0,35.0,1015.0,2.0
Super built-up  Area,Ready To Move,12th cross srinivas nagar banshankari 3rd stage,1.0,1.0,200.0,1800.0,1.0
Built-up  Area,Ready To Move,Sarjapur  Road,4.0,1.0,240.0,2758.0,4.0
Plot  Area,Ready To Move,5th Stage BEML Layout,5.0,2.0,325.0,1200.0,4.0
Super built-up  Area,18-Apr,Sarjapur  Road,2.0,1.0,70.0,1132.0,2.0
Plot  Area,Ready To Move,KR Puram,2.0,0.0,75.0,1200.0,2.0
Built-up  Area,Ready To Move,Hoodi,3.0,0.0,85.0,1490.0,3.0
Built-up  Area,18-Mar,Thanisandra,4.0,2.0,130.0,1917.0,4.0
Super built-up  Area,Ready To Move,Bhoganhalli,3.0,2.0,120.0,1703.0,3.0
Super built-up  Area,Ready To Move,Old Madras Road,2.0,3.0,45.0,1211.0,2.0
Built-up  Area,Ready To Move,Kudlu Gate,2.0,2.0,53.0,1310.0,2.0
Super built-up  Area,19-Dec,Marathahalli,2.0,1.0,69.0,1146.0,2.0
Super built-up  Area,Ready To Move,Kudlu,2.0,1.0,53.0,1041.0,2.0
Super built-up  Area,Ready To Move,Whitefield,2.0,2.0,58.0,1453.0,3.0
Super built-up  Area,19-Dec,Whitefield,1.0,1.0,59.0,877.0,1.0
Super built-up  Area,19-Dec,Kanakapura,2.0,1.0,69.5,1477.0,3.0
Built-up  Area,Ready To Move,Frazer Town,2.0,0.0,120.0,1420.0,2.0
Plot  Area,Ready To Move,Havanur extension,2.0,2.0,360.0,2000.0,3.0
Built-up  Area,Ready To Move,Abshot Layout,1.0,1.0,185.0,1140.0,2.0
Built-up  Area,Ready To Move,Sarjapur  Road,2.0,2.0,55.0,1380.0,3.0
Super built-up  Area,Ready To Move,Maragondanahalli,2.0,1.0,57.0,1095.0,2.0
Super built-up  Area,20-Sep,Hoodi,2.0,0.0,59.135,1258.5,2.0
Super built-up  Area,20-Dec,Varthur,3.0,2.0,71.58,1665.0,3.0
Super built-up  Area,Ready To Move,KR Puram,2.0,1.0,60.0,1245.0,2.0
Super built-up  Area,18-Apr,EPIP Zone,5.0,2.0,221.0,3360.0,4.0
Plot  Area,Ready To Move,Electronic City,3.0,2.0,201.0,2010.0,3.0
Super built-up  Area,Ready To Move,Shivaji Nagar,2.0,2.0,60.0,1226.0,3.0
Super built-up  Area,Ready To Move,Uttarahalli,2.0,1.0,46.76,1075.0,2.0
Super built-up  Area,Ready To Move,Thanisandra,2.0,1.0,65.59,1226.0,2.0
Super built-up  Area,Ready To Move,Raja Rajeshwari Nagar,1.0,1.0,22.0,510.0,1.0
Super built-up  Area,Ready To Move,Budigere,2.0,2.0,60.0,1153.0,2.0
Plot  Area,Ready To Move,Kothannur,4.0,2.0,45.0,1600.0,4.0
Super built-up  Area,Ready To Move,LB Shastri Nagar,2.0,1.0,49.5,1000.0,2.0
Plot  Area,Ready To Move,Kundalahalli Colony,7.0,2.0,218.0,1400.0,7.0
Built-up  Area,Ready To Move,Reliaable Tranquil Layout,2.0,1.0,65.0,1256.0,2.0
Plot  Area,Ready To Move,Vishwanatha Nagenahalli,5.0,2.0,130.0,1200.0,6.0
Built-up  Area,Ready To Move,Sarjapur,3.0,2.0,57.0,1425.0,3.0
Plot  Area,Ready To Move,Margondanahalli,5.0,1.0,125.0,1375.0,5.0
Super built-up  Area,18-Apr,Hosur Road,3.0,2.0,117.0,1919.0,3.0
Super built-up  Area,Ready To Move,Neeladri Nagar,3.0,2.0,103.0,2111.0,3.0
Super built-up  Area,Ready To Move,Bannerghatta Road,2.0,1.0,57.0,970.0,2.0
Super built-up  Area,Ready To Move,VHBCS Layout,2.0,2.0,110.0,1353.0,2.0
Super built-up  Area,Ready To Move,Jalahalli,2.0,1.0,85.0,1405.0,3.0
Super built-up  Area,Ready To Move,Gubbalala,2.0,2.0,90.0,1285.0,2.0
Super built-up  Area,18-May,Mahadevpura,2.0,1.0,42.0,1050.0,2.0
Super built-up  Area,Ready To Move,Hebbal,2.0,1.0,96.8,1349.0,2.0
Super built-up  Area,Ready To Move,Sarjapur  Road,2.0,1.0,450.0,4050.0,4.0
Plot  Area,18-Jan,Weavers Colony,1.0,0.0,26.0,812.0,1.0
Super built-up  Area,18-Jul,Udayapur Village,2.0,2.0,63.93,1440.0,3.0
Super built-up  Area,Ready To Move,Sarjapur  Road,5.0,1.0,195.0,2425.0,4.0
Super built-up  Area,Ready To Move,Sultan Palaya,3.0,3.0,80.0,2200.0,4.0
Super built-up  Area,18-Feb,Haralur Road,3.0,2.0,112.0,1810.0,3.0
Super built-up  Area,Ready To Move,Cox Town,2.0,2.0,140.0,1200.0,2.0
Super built-up  Area,Ready To Move,Electronic City,2.0,1.0,52.0,1060.0,2.0
Super built-up  Area,Ready To Move,Kenchenahalli,2.0,2.0,60.0,1015.0,2.0
Super built-up  Area,18-Dec,Whitefield,5.0,0.0,154.5,2856.0,4.0
Plot  Area,Ready To Move,Hosakerehalli,6.0,2.0,145.0,1500.0,5.0
Super built-up  Area,Ready To Move,Kothanur,3.0,3.0,71.5,1454.0,3.0
Super built-up  Area,Ready To Move,Annaiah Reddy Layout,2.0,2.0,48.0,1075.0,2.0
Plot  Area,Ready To Move,Vidyaranyapura,5.0,3.0,70.0,774.0,5.0
Super built-up  Area,Ready To Move,Raja Rajeshwari Nagar,2.0,2.0,40.14,1187.0,2.0
Carpet  Area,Ready To Move,Hulimavu,1.0,3.0,220.0,500.0,1.0
Plot  Area,Ready To Move,Rajarajeshwari Nagara,5.0,2.0,325.0,1200.0,4.0
Built-up  Area,Ready To Move,Billekahalli,3.0,3.0,134.0,1805.0,3.0
Built-up  Area,Ready To Move,Bannerghatta Road,3.0,1.0,142.0,1527.0,3.0
Super built-up  Area,Ready To Move,Yeshwanthpur,3.0,2.0,92.13,1675.0,3.0
Super built-up  Area,Ready To Move,Rachenahalli,2.0,2.0,52.71,1050.0,2.0
Plot  Area,Ready To Move,Ramamurthy Nagar,9.0,2.0,250.0,1500.0,7.0
Super built-up  Area,Ready To Move,Bellandur,2.0,2.0,47.0,1262.0,2.0
Super built-up  Area,Ready To Move,Uttarahalli,2.0,1.0,57.0,1345.0,3.0
Super built-up  Area,Ready To Move,Green Glen Layout,3.0,3.0,112.0,1715.0,3.0
Built-up  Area,Ready To Move,Whitefield,4.0,0.0,231.0,3453.0,5.0
Super built-up  Area,Ready To Move,Richards Town,5.0,2.0,400.0,3600.0,4.0
Built-up  Area,Ready To Move,Raja Rajeshwari Nagar,2.0,1.0,60.0,1141.0,2.0
Super built-up  Area,18-Jun,Padmanabhanagar,4.0,1.0,488.0,4689.0,4.0
Super built-up  Area,Ready To Move,Doddathoguru,1.0,1.0,17.0,550.0,1.0
